judul,topik
jual tongkat transmisi handle pindah gigi toyota dyna kota,Spare Part Mobil
jual kaos toyota baju toyota kaos kerah toyota polo shirt toyota,Lainnya
jual mudguard rhlh,Aksesoris Eksterior
jual terbaru soket head unit sansui android pnp toyota,Aksesoris Interior
jual stopper gardan empuk innova fortuner anti jedug,Spare Part Mobil
jual as kruk ker as kruk as crankshaft assy daihatsu xenia,Spare Part Mobil
jual reclining jok mobil universal sisi kanan kota surabaya,Aksesoris Interior
jual pelipit list kaca moulding wheater strip taft gt,Spare Part Mobil
jual cover hood hinge karet samping kap mesin,Aksesoris Eksterior
jual gear set final gear taft badak taft kebo,Spare Part Mobil
jual tongkat transmisi handle pindah gigi toyota dyna kota,Spare Part Mobil
jual upper tank radiator avanza xenia cc,Spare Part Mobil
jual cover spion xpander ultimate kanan kiri,Spare Part Mobil
jual kampas rem merk birkens original yaris atlis,Spare Part Mobil
jual terbaru soket head unit sansui android pnp toyota,Aksesoris Interior
jual door seal karet balon body pintu civic fd,Spare Part Mobil
jual blok rem brake master assy mobilio brv,Spare Part Mobil
jual velg celong hsr ring lubang baut starleet brio,Spare Part Mobil
jual garnish cover segitiga spion pintu,Aksesoris Eksterior
jual honda city hatchback sarung tuas transmisi shift knob kulit,Aksesoris Interior
jual rem tangan hidrolik drift slalom balap mobil biru kota,Spare Part Mobil
jual metal jalan apv futura injeksi japan jakarta utara,Spare Part Mobil
jual garnish spoiler pintu crv bongkok re kiri jakarta,Aksesoris Eksterior
jual roof rack mobil lengkap tinggal pasang roofrack fairing,Aksesoris Eksterior
jual metal jalan apv futura injeksi japan jakarta utara,Spare Part Mobil
jual kaos toyota baju toyota kaos kerah toyota polo shirt toyota,Lainnya
jual bracket braket breket dudukan bumper bemper jazz,Spare Part Mobil
jual karet pelipit kaca pintu honda freed weather strip door,Spare Part Mobil
jual liner inner fender karpet lumpur,Aksesoris Eksterior
jual terbaru soket head unit sansui android pnp toyota,Aksesoris Interior
jual mur roda hyundai bensin disel jakarta barat,Spare Part Mobil
jual seragam kemeja hyundai standard navy lengan pendek,Lainnya
jual seragam kemeja hyundai standard navy lengan pendek,Lainnya
jual kaca spion hyundai original kota bekasi rtk-motor,Spare Part Mobil
jual lampu depo truck nissan euro pkc,Spare Part Mobil
jual liner inner fender karpet lumpur,Aksesoris Eksterior
jual cover spion xpander ultimate kanan kiri,Spare Part Mobil
jual tutup dop velg mobil lubang as roda,Spare Part Mobil
jual stopper gardan empuk innova fortuner anti jedug,Spare Part Mobil
jual head unit android bmw jakarta pusat,Aksesoris Interior
jual velg celong hsr ring lubang baut starleet brio,Spare Part Mobil
jual minyak plastik golden lemon,Lainnya
jual motor aki anak scoopy pmb motoran aki,Lainnya
jual velg mobil standar innova reborn ring ban bridgestone,Spare Part Mobil
jual kaos kerah pria polo shirt telkom indonesia keren maroon,Lainnya
jual tutup dop velg mobil lubang as roda,Spare Part Mobil
jual head unit android bmw jakarta pusat,Aksesoris Interior
jual aneka hot wheels police station terlengkap harga murah,Lainnya
jual tutup radiator radiator cap denso made in,Spare Part Mobil
jual pilus sukro kab pemalang parimas bakery tokopedia,Lainnya
jual velg celong hsr ring lubang baut starleet brio,Spare Part Mobil
jual velg mobil standar innova reborn ring ban bridgestone,Spare Part Mobil
jual electric hippo fun fishing game mainan edukasi anak,Lainnya
jual honda city hatchback sarung tuas transmisi shift knob kulit,Aksesoris Interior
jual vivo ram layar inci smartphone,Lainnya
jual lampu celup aquarium terlengkap terbaik harga,Lainnya
jual bearing pinion,Spare Part Mobil
jual karet pelindung bemper suzuki jimny katana kab,Spare Part Mobil
jual kaos toyota baju toyota kaos kerah toyota polo shirt toyota,Lainnya
jual as kruk ker as kruk as crankshaft assy daihatsu xenia,Spare Part Mobil
jual upper tank radiator avanza xenia cc,Spare Part Mobil
jual piston assy zebra seher zebra set,Spare Part Mobil
jual cover spion xpander ultimate kanan kiri,Spare Part Mobil
jual metal jalan apv futura injeksi japan jakarta utara,Spare Part Mobil
jual pelipit list kaca moulding wheater strip taft gt,Spare Part Mobil
jual tarikan handle pintu inside lancer dangan set pintu,Spare Part Mobil
jual karet stabil only kijang kab tangerang,Spare Part Mobil
jual sepatu sneakers anak laki perempuan nik air jordan size,Lainnya
jual metal jalan apv futura injeksi japan jakarta utara,Spare Part Mobil
jual terbaru soket head unit sansui android pnp toyota,Aksesoris Interior
jual mesin potong rumput gendong mitsubishi made in,Lainnya
jual oli mesin mitsubishi diesel sae semi,Oli dan Penghemat BBM
jual liner inner fender karpet lumpur,Aksesoris Eksterior
jual metal jalan apv futura injeksi japan jakarta utara,Spare Part Mobil
jual tongkat transmisi handle pindah gigi toyota dyna kota,Spare Part Mobil
jual kunci pintu kuda terbaik harga murah mei cicil,Lainnya
jual sarung jok mobil hino lohan cover jok mobil truk hino,Aksesoris Interior
jual kaca spion hyundai original kota bekasi rtk-motor,Spare Part Mobil
jual lampu depo truck nissan euro pkc,Spare Part Mobil
jual metal jalan apv futura injeksi japan jakarta utara,Spare Part Mobil
roda meja aparat komori lithorne sprint roda komori,Lainnya
jual as roda hino jd oem jakarta,Spare Part Mobil
jual honda city hatchback sarung tuas transmisi shift knob kulit,Aksesoris Interior
jual cover hood hinge karet samping kap mesin,Aksesoris Eksterior
jual kaos toyota baju toyota kaos kerah toyota polo shirt toyota,Lainnya
jual tarikan handle pintu inside lancer dangan set pintu,Spare Part Mobil
jual karet kit master kopling canter,Spare Part Mobil
jual bergaransi motor wiper elf,Spare Part Mobil
jual as kruk ker as kruk as crankshaft assy daihatsu xenia,Spare Part Mobil
jual sarung jok mobil hino lohan cover jok mobil truk hino,Aksesoris Interior
jual honda city hatchback sarung tuas transmisi shift knob kulit,Aksesoris Interior
jual mur roda hyundai bensin disel jakarta barat,Spare Part Mobil
jual seragam kemeja hyundai standard navy lengan pendek,Lainnya
jual seragam kemeja hyundai standard navy lengan pendek,Lainnya
jual kaos kerah pria polo shirt love indonesia garuda warna,Lainnya
jual velg mobil standar innova reborn ring ban bridgestone,Spare Part Mobil
jual sarung jok mobil hino lohan cover jok mobil truk hino,Aksesoris Interior
jual honda city hatchback sarung tuas transmisi shift knob kulit,Aksesoris Interior
jual terbaru soket head unit sansui android pnp toyota,Aksesoris Interior
jual seal pinion gardan toyota hilux double cabin,Spare Part Mobil
promo lampu sen corner lamp kanan toyota corona,Spare Part Mobil
promo wheal chain dudukan rantai roller forklift toyota,Spare Part Mobil
jual tanduk bumper besi cobra toyota rush,Aksesoris Eksterior
promo stir bulat kemudi stir toyota dyna hino dutro,Spare Part Mobil
promo sparepart forklift master rem,Spare Part Mobil
promo stir bulat steer toyota dyna hino,Spare Part Mobil
promo king pin kit forklift toyota diskon seller,Spare Part Mobil
promo metal jalan std toyota double cabin hilux diesel,Spare Part Mobil
promo pencetan klakson tutup stir bulat toyota dyna,Spare Part Mobil
promo joint stir joint steer toyota kijang kapsul manual diskon,Spare Part Mobil
promo cover stir toyota dyna hino dutro,Aksesoris Interior
promo saklar stir sen lampu toyota kijang super,Spare Part Mobil
promo list lis kaca samping pelipit pintu window liner mobil wigo,Spare Part Mobil
jual seal transmisi avanza xenia seller,Spare Part Mobil
jual seal crankshaft honda jazz kruk seal as,Spare Part Mobil
promo brake master assy is diskon,Spare Part Mobil
promo stabilizer stabil honda freed merk japanasli,Spare Part Mobil
promo rack end long tie rod daihatsu espass ori,Spare Part Mobil
promo stabilizer stabil triton hdx pajero sport,Spare Part Mobil
jual tutup bak terpal softlid soft lid carryboy double cabin triton,Aksesoris Eksterior
jual seal transmisi kijang kapsul,Spare Part Mobil
jual motor blower avanza xenia kijang kapsul kiri,Spare Part Mobil
jual kaca film innova zenix hybrid seller kresna jaya,Aksesoris Eksterior
promo emblem garuda merah putih timbul diskon seller,Aksesoris Eksterior
jual towing bar arb besi bemper mobil sigra,Aksesoris Eksterior
promo rumah outlet thermostat daihatsu espass diskon,Spare Part Mobil
promo list lis kaca samping pelipit pintu window liner mobil wigo,Spare Part Mobil
jual bohlam lampu mobil daihatsu terios,Spare Part Mobil
promo rack end long tie rod daihatsu espass ori,Spare Part Mobil
promo metal jalan std toyota double cabin hilux diesel,Spare Part Mobil
promo saklar stir sen lampu toyota kijang super,Spare Part Mobil
promo stir bulat kemudi stir toyota dyna hino dutro,Spare Part Mobil
promo joint stir joint steer toyota kijang kapsul manual diskon,Spare Part Mobil
promo joint stir joint steer toyota kijang kapsul manual diskon,Spare Part Mobil
promo stir bulat steer toyota dyna hino,Spare Part Mobil
promo pencetan klakson tutup stir bulat toyota dyna,Spare Part Mobil
jual seal transmisi avanza xenia seller,Spare Part Mobil
jual ban mobil honda mobilio dunlop terbaik harga terbaru,Spare Part Mobil
promo tombol stiraudio honda crvhrv diskon seller,Aksesoris Interior
jual led drl foglamp foglamp cover led honda hrv sein model,Aksesoris Eksterior
promo lampu sen corner lamp honda accord cielo kiri,Spare Part Mobil
promo kabel busi blue fire mobil katana diskon,Spare Part Mobil
jual tabung busi kijang seller lsm motor sunter,Spare Part Mobil
jual tanduk bumper besi cobra toyota rush,Aksesoris Eksterior
jual tutup bak terpal softlid soft lid carryboy double cabin triton,Aksesoris Eksterior
promo list lis kaca samping pelipit pintu window liner mobil wigo,Spare Part Mobil
jual kaca film innova zenix hybrid seller kresna jaya,Aksesoris Eksterior
jual towing bar arb besi bemper mobil sigra,Aksesoris Eksterior
promo emblem garuda merah putih timbul diskon seller,Aksesoris Eksterior
promo emblem garuda merah putih timbul diskon seller,Aksesoris Eksterior
jual velg ertiga type sgp satuan seller shanum oto,Spare Part Mobil
promo spacer nok velg mobil mercy diskon seller tune up,Spare Part Mobil
promo mur baut roda velg mobil racing avanza xenia livina,Spare Part Mobil
promo adaptor rodaspacer velg alumunium kijang diskon,Spare Part Mobil
jual power kit subwoofer class mantap sub ukuran,Spare Part Mobil
jual tablet menggambar anak drawing digital lcd papan tulis,Lainnya
promo tutup dop roda tutup velg mobil cover dop velg mobil,Spare Part Mobil
jual brembo brake caliper cover medium seller modifikasi,Spare Part Mobil
promo pencetan klakson tutup stir bulat toyota dyna,Spare Part Mobil
jual aki incoe terbaik harga terbaru blibli,Spare Part Mobil
jual seal crankshaft honda jazz kruk seal as,Spare Part Mobil
jual seal transmisi avanza xenia seller,Spare Part Mobil
promo brake master assy is diskon,Spare Part Mobil
jual motor blower avanza xenia kijang kapsul kiri,Spare Part Mobil
promo stabilizer stabil honda freed merk japanasli,Spare Part Mobil
promo stabilizer stabil triton hdx pajero sport,Spare Part Mobil
jual alat cukur kerik silet jenggot kumis double blade gagang,Lainnya
jual tutup bak terpal softlid soft lid carryboy double cabin triton,Aksesoris Eksterior
jual tanduk bumper besi cobra toyota rush,Aksesoris Eksterior
promo list lis kaca samping pelipit pintu window liner mobil wigo,Spare Part Mobil
jual towing bar arb besi bemper mobil sigra,Aksesoris Eksterior
promo emblem garuda merah putih timbul diskon seller,Aksesoris Eksterior
promo rack end long tie rod daihatsu espass ori,Spare Part Mobil
jual kaca film innova zenix hybrid seller kresna jaya,Aksesoris Eksterior
jual baut flange terbaru harga termurah,Spare Part Mobil
jual stiker design pajero terbaru harga termurah,Aksesoris Eksterior
jual jepit karpet kijang kapsul terbaru harga termurah,Aksesoris Interior
promo foglamp lampu kabut sepasang bmw,Aksesoris Eksterior
jual tas stang sepeda motor bmw adv,Lainnya
promo selang power steering bmw tabung pompa,Spare Part Mobil
jual aki incoe terbaik harga terbaru blibli,Spare Part Mobil
jual motor aki emt original harga termurah mei blibli,Lainnya
land rover detail harga otr promo blibli,Kendaraan
jual kwsk ring piston motor mercy over seller halokita.com,Spare Part Mobil
promo spacer nok velg mobil mercy diskon seller tune up,Aksesoris Eksterior
jual set stop lamp lampu stoprembelakang mercy truck,Spare Part Mobil
jual jual piring keramik cekung list emas pcs hw mercy,Lainnya
jual termurah kawat bulu pipe cleaner craft kerajinan kawat,Lainnya
jual lembar motif hijau tua seller mercy stationery,Lainnya
jual lembar kertas cover buffalo polos gr folio,Lainnya
jual aki basah yuasa pafecta battery lexus,Spare Part Mobil
jual aki incoe terbaik harga terbaru blibli,Spare Part Mobil
promo karet support shockbreaker suzuki ignis original,Spare Part Mobil
promo mata super sipit ertiga diskon seller tune up pro,Aksesoris Eksterior
jual bohlam lampu suzuki grand vitara,Spare Part Mobil
promo worm stir carry diskon seller goodwell,Spare Part Mobil
jual velg ertiga type sgp satuan seller shanum oto,Spare Part Mobil
jual seal transmisi avanza xenia seller,Spare Part Mobil
jual seal crankshaft honda jazz kruk seal as,Spare Part Mobil
promo brake master assy is diskon,Spare Part Mobil
promo brake master assy is diskon,Spare Part Mobil
promo stir bulat kemudi stir toyota dyna hino dutro,Spare Part Mobil
promo stir bulat steer toyota dyna hino,Spare Part Mobil
promo pencetan klakson tutup stir bulat toyota dyna,Spare Part Mobil
promo joint stir joint steer toyota kijang kapsul manual diskon,Spare Part Mobil
promo cover stir toyota dyna hino dutro,Aksesoris Interior
jual motor blower avanza xenia kijang kapsul kiri,Spare Part Mobil
promo baut roda forklift mitsubishi diskon seller,Spare Part Mobil
jual headlamp lampu head lamp bulat mitsubishi strada,Spare Part Mobil
promo pump assy vane pompa power steering mitsubishi kuda,Spare Part Mobil
jual remote ac original national eolia seller suncity,Lainnya
promo stabilizer stabil honda freed merk japanasli,Spare Part Mobil
promo stabilizer stabil triton hdx pajero sport,Spare Part Mobil
jual stiker design pajero terbaru harga termurah,Aksesoris Eksterior
jual cat laba-laba sumatera green duco seller puji,Lainnya
jual lampu sein expander terbaru harga termurah,Spare Part Mobil
promo list lis kaca samping pelipit pintu window liner mobil wigo,Spare Part Mobil
jual tanduk bumper besi cobra toyota rush,Aksesoris Eksterior
jual tutup bak terpal softlid soft lid carryboy double cabin triton,Aksesoris Eksterior
jual kaca film innova zenix hybrid seller kresna jaya,Aksesoris Eksterior
jual seal crankshaft honda jazz kruk seal as,Spare Part Mobil
jual towing bar arb besi bemper mobil sigra,Spare Part Mobil
jual lampu sore senja agya ayla led projector proyektor,Spare Part Mobil
jual seal transmisi avanza xenia seller,Spare Part Mobil
promo rack end long tie rod daihatsu espass ori,Spare Part Mobil
jual power kit subwoofer class mantap sub ukuran,Spare Part Mobil
promo brake master assy is diskon,Spare Part Mobil
promo emblem garuda merah putih timbul diskon seller,Aksesoris Eksterior
jual motor blower avanza xenia kijang kapsul kiri,Spare Part Mobil
jual kabel body bensin deluxe rear,Spare Part Mobil
jual lampu sore senja agya ayla led projector proyektor,Spare Part Mobil
jual seal transmisi avanza xenia seller,Spare Part Mobil
jual seal crankshaft honda jazz kruk seal as,Spare Part Mobil
promo brake master assy is diskon,Spare Part Mobil
jual motor blower avanza xenia kijang kapsul kiri,Spare Part Mobil
promo stabilizer stabil honda freed merk japanasli,Spare Part Mobil
jual tanduk bumper besi cobra toyota rush,Aksesoris Eksterior
promo stabilizer stabil triton hdx pajero sport,Spare Part Mobil
promo list lis kaca samping pelipit pintu window liner mobil wigo,Spare Part Mobil
promo rack end long tie rod daihatsu espass ori,Spare Part Mobil
jual tutup bak terpal softlid soft lid carryboy double cabin triton,Aksesoris Eksterior
jual kaca film innova zenix hybrid seller kresna jaya,Aksesoris Eksterior
promo emblem garuda merah putih timbul diskon seller,Aksesoris Eksterior
jual towing bar arb besi bemper mobil sigra,Spare Part Mobil
promo pump assy vane pompa power steering mitsubishi kuda,Spare Part Mobil
jual stiker design pajero terbaru harga termurah,Aksesoris Eksterior
jual jepit karpet kijang kapsul terbaru harga termurah,Aksesoris Interior
jual karet spacer shock tatakan shock toyota soluna,Spare Part Mobil
jual pipa selang master rem mobil truk baut nepel,Spare Part Mobil
jual cover door handle pegangan pintu yaris,Aksesoris Eksterior
jual karet tatakan support shock bantalan,Spare Part Mobil
jual karet spacer shock tatakan shock toyota soluna,Spare Part Mobil
jual produk orisinil honda crv termurah terlengkap april,Spare Part Mobil
jual karet tatakan support shock bantalan,Spare Part Mobil
jual busi iridium ford escape drat lapak bogor,Spare Part Mobil
jual cover door handle pegangan pintu yaris,Aksesoris Eksterior
jual busi iridium ford escape drat lapak bogor,Spare Part Mobil
jual pully pulley puli poli dinamo cas strom,Spare Part Mobil
jual cctv jakarta timur harga murah terlengkap halaman,Lainnya
jual busi iridium ford escape drat lapak bogor,Spare Part Mobil
jual karet spacer shock tatakan shock toyota soluna,Spare Part Mobil
jual karet tatakan support shock bantalan,Spare Part Mobil
jual selang intercooler canter fuso,Spare Part Mobil
jual gardan blakang komplit mitsubishi canter hdx barang,Spare Part Mobil
jual produk kunci mitsubishi xpander pajero sport termurah,Spare Part Mobil
jual produk kunci pintu kuda termurah terlengkap mei,Lainnya
jual pully pulley puli poli dinamo cas strom,Spare Part Mobil
jual karet tatakan support shock bantalan,Spare Part Mobil
jual produk pipa bypass ford laser mazda termurah,Spare Part Mobil
jual busi iridium ford escape drat lapak bogor,Spare Part Mobil
jual cover door handle pegangan pintu yaris,Aksesoris Eksterior
jual bracket bumper toyota etios valco dudukan bemper,Spare Part Mobil
jual oli mesin tmo sn liter original toyota kab,Oli dan Penghemat BBM
jual bohlam lampu sein etios trd,Spare Part Mobil
jual soket plug play android head unit tv mobil kota bekasi,Aksesoris Interior
jual stiker kaca mobil tulisan arab cutting sticker mobil kota,Aksesoris Eksterior
jual soket konektor lampu senja great corolla abu,Spare Part Mobil
jual tas buku manual buku service mobil mazda kota,Lainnya
jual kaca quarter kaca mati calya sigra,Aksesoris Eksterior
jual emblem xpander tulisan emblem pintu bagasi xpander original,Aksesoris Eksterior
jual tutup dop velg as roda ban mobil,Spare Part Mobil
jual karet pelipit list kaca wheater strip daihatsu hijet,Spare Part Mobil
jual emblem xpander tulisan emblem pintu bagasi xpander original,Aksesoris Eksterior
jual alas karpet lantai fuso mitsubishi kota medan auto,Aksesoris Interior
jual karet pelipit list kaca wheater strip espass minibus station,Spare Part Mobil
jual bohlam lampu sein etios trd,Spare Part Mobil
jual kaca quarter kaca mati calya sigra,Aksesoris Eksterior
jual tool kit set kunci dongkrak honda freed kota bekasi jana,Spare Part Mobil
jual tas buku manual buku service mobil mazda kota,Lainnya
jual soket konektor lampu senja great corolla abu,Spare Part Mobil
jual soket plug play android head unit tv mobil kota bekasi,Aksesoris Interior
jual karet pelipit list kaca wheater strip dpn dlm,Spare Part Mobil
jual tutup dop velg as roda ban mobil,Spare Part Mobil
jual baju kaos mobil suzuki jimny otomotif distro bahan,Lainnya
jual oli mesin tmo sn liter original toyota kab,Oli dan Penghemat BBM
jual seal kruk kur as crank shaft teming kijang super,Spare Part Mobil
jual pintu bagasi mitsubishi xpander ultimate jakarta utara,Spare Part Mobil
jual roof rack bagasi mobil merk hummer plastik abs kota,Aksesoris Eksterior
jual sticker kap mesin mobil sticker sport mind warna req,Aksesoris Eksterior
jual sticker kap mesin mobil sticker sport mind warna kota,Aksesoris Eksterior
jual karet pelipit list kaca wheater strip colt diesel ragasa,Spare Part Mobil
jual velg mobil ring silver calya brio jazz,Spare Part Mobil
jual karet kaca honda civic ferio jakarta,Spare Part Mobil
jual bumper mobilio rs facelift merah kab bogor,Spare Part Mobil
jual cover engsel kap mesin karet tutup cowl panggangan sate,Spare Part Mobil
jual tool kit set kunci dongkrak honda freed kota bekasi jana,Spare Part Mobil
jual universal shift knob transmisi manual speed kota,Aksesoris Interior
jual pelipit kaca crv generasi gen kiri jakarta pusat,Spare Part Mobil
jual karet pelipit kaca pintu honda freed weather strip door,Spare Part Mobil
jual rollspeed mobil polisi original sni skala kota,Lainnya
jual mika lampu xpander original kanan kiri cod,Spare Part Mobil
jual sarung jok mobil calya sigra full set baris,Aksesoris Interior
jual sticker kaca body mobil bus bis truck truk pick up losbak,Aksesoris Eksterior
jual mur nozzle injector fuso mur baut ring jakarta utara,Spare Part Mobil
jual oli cvt oli matic mobiloli transmisi mobil,Oli dan Penghemat BBM
jual sarung stir hino fuso tronton cover setir hino,Aksesoris Interior
jual kaos karang taruna tshirt karang taruna xshirt terlaris,Lainnya
jual velg pelek veleg mobil mobil hyundai accent kota,Spare Part Mobil
jual mika lampu xpander original kanan kiri cod,Spare Part Mobil
jual kaos karang taruna tshirt karang taruna xshirt terlaris,Lainnya
jual talang air talang hujan mobil model lebar,Aksesoris Eksterior
jual velg mobil jari jari mobil sigra kota cimahi,Spare Part Mobil
promo laptop protector sleeve inch inch bmw carbon,Lainnya
jual diecast miniatur mobil bmw racing skala,Lainnya
bmw medium pandan wangi harga terbaru spesifikasi,Lainnya
jual beras petruk original kerajaan wayang,Lainnya
jual kaos baju darbuka design lengan tshirt abu-abu,Lainnya
jual mur nozzle injector fuso mur baut ring jakarta utara,Spare Part Mobil
jual tas buku manual buku service mobil mazda kota,Lainnya
jual kaos kerah pria polo shirt polo ralph lauren kuda navy,Lainnya
jual alhamdulillah kaligrafi stiker tulisan arab sticker mobil ungu,Aksesoris Eksterior
jual baju kaos mobil suzuki jimny otomotif distro bahan,Lainnya
jual cover panel tutup konci darurat kunci,Aksesoris Interior
jual kaos manuto tuo kaos plesetan merk logo brand,Lainnya
jual termurah motor aki anak pcx pmb,Lainnya
jual tutup dop velg as roda ban mobil,Spare Part Mobil
jual cluth cylinder sleave master kopling mercy oh.p,Spare Part Mobil
jual mur nozzle injector fuso mur baut ring jakarta utara,Spare Part Mobil
jual mobil aki mainan anak mini cooper pmb krem,Lainnya
jual shag countryman pcs jakarta pusat bintang,Lainnya
jual tas buku manual buku service mobil mazda kota,Lainnya
jual anal plug ekor fox bulu imitasi nyaman dipakai putih,Lainnya
jual velg mobil ring silver calya brio jazz,Spare Part Mobil
jual velg mobil ukuran standar kota cimahi chemistry store,Spare Part Mobil
jual dinamo alternator yanmar,Spare Part Mobil
jual matchbox sky busters diecast pesawat terbang,Lainnya
jual asbak hd harley kab bogor tulip 's keramik tokopedia,Lainnya
jual type dinamo mobil motor mainan aki,Lainnya
jual kursi roda cerebral palsy kursi roda berkebutuhan khusus,Lainnya
jual jaket bomber custom sablon,Lainnya
jual diecast miniatur mobil bmw racing skala,Lainnya
jual kaos karang taruna tshirt karang taruna xshirt terlaris,Lainnya
jual nota tailor penjahit ready stok nota ply kab,Lainnya
promo rak tv cabinet sl cicil kota,Lainnya
jual bulu mata tiplas kode lusin pcs kab purbalingga,Lainnya
promo rak tv cabinet sl cicil kota,Lainnya
jual stiker timbul kopasgat jakarta timur army green,Lainnya
jual buffet tv lemari kristal hias pajangan kayu mr kota medan,Lainnya
jual kertas concorde kertas piagam kertas sertifikat tipis,Lainnya
jual plc shirt pria-logo putih xl jakarta barat,Lainnya
jual tutup dop velg as roda ban mobil,Spare Part Mobil
jual kain kapas lem roll visilin kain keras lapisan,Lainnya
jual kaos jersey sepak bola timnas indonesia kustom,Lainnya
jual kaos jersey sepak bola persib bandung home,Lainnya
jual kaos polo crop knit rib premium baju polos v-neck wanita,Lainnya
jual vivo ram layar inci smartphone,Lainnya
jual durian montong super premium gr palu lokal,Lainnya
jual lampu sen sein spion suzuki ertiga asli sgp kiri jakarta,Spare Part Mobil
jual ring karet shock suzuki ertiga costom harga set,Spare Part Mobil
jual velg mobil spek mobil ertiga velg racing jari jari kota,Spare Part Mobil
jual stiker mobil kap apv mega carry decal print,Aksesoris Eksterior
jual baju kaos mobil suzuki jimny otomotif distro bahan,Lainnya
jual rangka as engsel spion panther kapsul kanan kiri kanan,Spare Part Mobil
jual door seal bulu penutup celah pintu door brush seal white lis,Spare Part Mobil
jual oriental white coffee malaysia oriental kopi jakarta barat,Lainnya
jual mika lampu xpander original kanan kiri cod,Spare Part Mobil
jual karpet mobil kijang kapsul lgx lsx krista,Aksesoris Interior
jual talang air talang hujan mobil model lebar,Aksesoris Eksterior
jual soket konektor lampu senja great corolla abu,Spare Part Mobil
jual velg racing motor yamaha matic mio,Lainnya
jual roof rack bagasi mobil merk hummer plastik abs kota,Aksesoris Eksterior
jual karet pelipit list kaca wheater strip dpn dlm,Spare Part Mobil
jual helm cargloss original kota makassar gudang helm,Lainnya
jual tool kit set kunci dongkrak honda freed kota bekasi jana,Spare Part Mobil
jual pintu bagasi mitsubishi xpander ultimate jakarta utara,Spare Part Mobil
jual peninggi shock vixion old nvl nva sambungan,Lainnya
jual jendela bulat terbaik harga murah mei cicil,Lainnya
jual sepatu bayi garis laki laki perempuan umur,Lainnya
jual tas ransel punggung backpack arunika moonzaya kulit bag,Lainnya
jual sandal wanita casual original cod luna slop slide kab,Lainnya
jual pelipit kaca mitsubishi canter turbo original ktb kanan,Spare Part Mobil
jual alas karpet lantai fuso mitsubishi kota medan auto,Aksesoris Interior
jual metal jalan galant mitsubishi lele,Spare Part Mobil
jual karet boot as roda mitsubishi lancer evo evo,Spare Part Mobil
jual mitsubishi plc kota batam integral,Spare Part Mobil
jual pintu bagasi mitsubishi xpander ultimate jakarta utara,Lainnya
jual dinamo alternator yanmar,Lainnya
jual karet pelipit list kaca wheater strip dpn dlm,Spare Part Mobil
jual kaos karang taruna tshirt karang taruna xshirt terlaris,Lainnya
jual universal shift knob transmisi manual speed kota,Aksesoris Interior
jual soket konektor lampu senja great corolla abu,Spare Part Mobil
jual mika lampu xpander original kanan kiri cod,Spare Part Mobil
jual talang air talang hujan mobil model lebar,Aksesoris Eksterior
jual baju kaos mobil suzuki jimny otomotif distro bahan,Lainnya
jual hot wheels jdm mazda mx miata murah laris,Lainnya
jual tas buku manual buku service mobil mazda kota,Lainnya
jual rollspeed mobil polisi original sni skala kota,Lainnya
jual regulator kaca isuzu mec taiwan kanan,Spare Part Mobil
jual soket plug play android head unit tv mobil kota bekasi,Aksesoris Interior
jual bohlam lampu sein etios trd,Spare Part Mobil
jual sticker stiker lapisan tutup dop velg mobil logo trd racing,Aksesoris Eksterior
jual sarung jok mobil nissan serena bahan mbtech,Aksesoris Interior
jual velg pelek veleg mobil mobil hyundai accent kota,Spare Part Mobil
jual mur nozzle injector fuso mur baut ring jakarta utara,Spare Part Mobil
jual matchbox sky busters diecast pesawat terbang,Lainnya
jual velg mobil jari jari mobil sigra kota cimahi,Spare Part Mobil
jual kebaya batik couple modern batik couple kebaya lamaran,Lainnya
kebaya batik setelan set couple kab batang esn_butik,Lainnya
jual talang air talang hujan mobil model lebar,Aksesoris Eksterior
jual soket konektor lampu senja great corolla abu,Spare Part Mobil
jual tas buku manual buku service mobil mazda kota,Lainnya
jual bohlam lampu sein etios trd,Spare Part Mobil
jual soket plug play android head unit tv mobil kota bekasi,Aksesoris Interior
jual sticker kap mesin mobil sticker sport mind warna req,Lainnya
jual sticker kap mesin mobil sticker sport mind warna kota,Lainnya
jual sticker kap mesin mobil sticker sport mind kota depok,Lainnya
jual talang air talang hujan mobil model lebar,Aksesoris Eksterior
jual four pinion set gigi bolu set hino dutro toyota dyna,Spare Part Mobil
jual lampu sein spion kanan toyota calya terbaru harga,Spare Part Mobil
promo stabil mobil toyota avanza daihatsu xenia stabilizer,Spare Part Mobil
promo selang power steering toyota soluna diskon seller,Spare Part Mobil
promo cover airbag stir kanan toyota hilux revo diskon,Aksesoris Interior
promo dinamo motor fan kipas radiator orisinil toyota vios,Spare Part Mobil
promo ball joint toyota yarisnew vios gen diskon seller,Spare Part Mobil
promo selang power steering asli toyota kijang diskon,Spare Part Mobil
jual fog lamp universal toyota viosyaris lampu led daya,Aksesoris Eksterior
promo selang power steering toyota avanza xenia diskon,Spare Part Mobil
promo rack end long tierod toyota soluna diskon seller,Spare Part Mobil
jual karet stabil bush lateral set avanza xenia asli,Spare Part Mobil
promo karet suport shock hyundai atoz diskon,Spare Part Mobil
jual towing bemper mini led-tanduk besi mobil,Aksesoris Eksterior
promo stiker logo vixion yamaha diskon,Lainnya
jual shackle spring anting suzuki futura seller kenzi,Spare Part Mobil
promo oil seal valve seal sil klep innova hilux fortuner diesel,Spare Part Mobil
promo bearing nsk diskon seller adelio,Spare Part Mobil
jual aki volt original harga termurah mei blibli,Spare Part Mobil
jual auldey super asurada sa tamiya mini mainan mobil rakit,Lainnya
promo selang power steering kuda diesel diskon seller,Spare Part Mobil
promo cover steer hardtop fj bj ori diskon,Spare Part Mobil
promo stabil mobil toyota avanza daihatsu xenia stabilizer,Spare Part Mobil
promo selang power steering kuda diesel diskon seller,Spare Part Mobil
promo cover airbag stir kanan toyota hilux revo diskon,Aksesoris Interior
promo cover steer hardtop fj bj ori diskon,Aksesoris Eksterior
promo selang power steering toyota avanza xenia diskon,Spare Part Mobil
jual karet stabil bush lateral set avanza xenia asli,Spare Part Mobil
jual four pinion set gigi bolu set hino dutro toyota dyna,Spare Part Mobil
promo dinamo motor fan kipas radiator orisinil toyota vios,Spare Part Mobil
jual lampu sein spion kanan toyota calya terbaru harga,Spare Part Mobil
jual terbaru sensor cam timing vvti sigra original,Spare Part Mobil
promo mur baut maxguard top lugnut roda variasi racing velg,Spare Part Mobil
promo kabel busi blue fire mobil katana diskon,Spare Part Mobil
jual towing bemper mini led-tanduk besi mobil,Aksesoris Eksterior
promo stiker logo vixion yamaha diskon,Lainnya
promo manifold exhaust suzuki ertiga diskon,Spare Part Mobil
promo dop velg roda mobil nissan datsun go go ring,Spare Part Mobil
promo mur baut maxguard top lugnut roda variasi racing velg,Spare Part Mobil
promo dop velg hsr diskon seller tune up pro petojo,Spare Part Mobil
promo cover dop roda tutup velg mobil ring warna hitam,Spare Part Mobil
promo dop velg chrome ring avanza xenia diskon,Spare Part Mobil
promo velg colt diesel double ps lobang diskon,Spare Part Mobil
promo velg mobil astro race bronze diskon,Spare Part Mobil
promo mur baut roda velg lobang diskon,Spare Part Mobil
promo adaptor roda alumuniumspacer velg jeep wrangler,Aksesoris Eksterior
promo velg topy palingda lubang colt diesel ps,Spare Part Mobil
promo velg compomotive pcd diskon seller,Spare Part Mobil
jual smartrans extra hour seller smartrans benda kota,Lainnya
promo merk ftb rasio splitter double window splitter,Spare Part Mobil
promo selang power steering kuda diesel diskon seller,Spare Part Mobil
promo cover steer hardtop fj bj ori diskon,Spare Part Mobil
promo selang power steering toyota avanza xenia diskon,Spare Part Mobil
promo jual ban forceum digon lt diskon seller,Spare Part Mobil
jual aisin aki terbaru harga termurah blibli,Spare Part Mobil
promo karet suport shock hyundai atoz diskon,Spare Part Mobil
jual karet stabil bush lateral set avanza xenia asli,Spare Part Mobil
jual four pinion set gigi bolu set hino dutro toyota dyna,Spare Part Mobil
promo dinamo motor fan kipas radiator orisinil toyota vios,Spare Part Mobil
jual towing bemper mini led-tanduk besi mobil,Aksesoris Eksterior
promo stiker logo vixion yamaha diskon,Lainnya
jual bmw gratis ongkir harga terbaru mei blibli,Kendaraan
bmw detail harga otr promo blibli,Kendaraan
promo mika lampu sein kiri bmw thn,Spare Part Mobil
jual shroud bmw sport inch angel eye kristal aes seller,Aksesoris Eksterior
promo jual ban forceum digon lt diskon seller,Spare Part Mobil
jual seal oli terbaru harga termurah blibli,Spare Part Mobil
jual sarung goyor botolan super ukuran jumbo sarung goyor,Lainnya
bmw detail harga otr promo blibli,Kendaraan
promo pamole tas tote bag bahan kanvas lapis furing carry,Lainnya
promo manifold exhaust suzuki ertiga diskon,Spare Part Mobil
jual four pinion set gigi bolu set hino dutro toyota dyna,Spare Part Mobil
jual karet stabil bush lateral set avanza xenia asli,Spare Part Mobil
promo cover airbag stir kanan toyota hilux revo diskon,Aksesoris Interior
promo selang power steering kuda diesel diskon seller,Spare Part Mobil
promo cover steer hardtop fj bj ori diskon,Spare Part Mobil
promo selang power steering toyota avanza xenia diskon,Spare Part Mobil
promo dinamo motor fan kipas radiator orisinil toyota vios,Spare Part Mobil
promo stabil mobil toyota avanza daihatsu xenia stabilizer,Spare Part Mobil
promo karet suport shock hyundai atoz diskon,Spare Part Mobil
promo stiker logo vixion yamaha diskon,Lainnya
jual towing bemper mini led-tanduk besi mobil,Aksesoris Eksterior
jual headlamp lampu black hitam mitsubishi lancer cs,Aksesoris Eksterior
jual shackle spring anting suzuki futura seller kenzi,Spare Part Mobil
jual towing bemper mini led-tanduk besi mobil,Aksesoris Eksterior
promo stiker logo vixion yamaha diskon,Lainnya
promo karet suport shock hyundai atoz diskon,Spare Part Mobil
jual karet stabil bush lateral set avanza xenia asli,Spare Part Mobil
promo jual ban forceum digon lt diskon seller,Spare Part Mobil
jual four pinion set gigi bolu set hino dutro toyota dyna,Spare Part Mobil
promo dinamo motor fan kipas radiator orisinil toyota vios,Spare Part Mobil
promo bearing nsk diskon seller adelio,Spare Part Mobil
promo bushing arm pajero sport strada,Spare Part Mobil
promo hub free lock roda hub pengunci roda strada ori,Spare Part Mobil
jual aisin aki terbaru harga termurah blibli,Spare Part Mobil
jual bmw gratis ongkir harga terbaru mei blibli,Kendaraan
jual shackle spring anting suzuki futura seller kenzi,Spare Part Mobil
jual karet stabil bush lateral set avanza xenia asli,Spare Part Mobil
promo dinamo motor fan kipas radiator orisinil toyota vios,Spare Part Mobil
jual four pinion set gigi bolu set hino dutro toyota dyna,Spare Part Mobil
promo selang power steering asli toyota kijang diskon,Spare Part Mobil
promo selang power steering toyota soluna diskon seller,Spare Part Mobil
promo karet suport shock hyundai atoz diskon,Spare Part Mobil
jual smartrans extra hour seller smartrans benda kota,Lainnya
promo stiker logo vixion yamaha diskon,Lainnya
jual towing bemper mini led-tanduk besi mobil,Aksesoris Eksterior
jual fork gear shift no garpu transmisi toyota innova kijang,Spare Part Mobil
jual produk actuator aktuator toyota termurah terlengkap mei,Spare Part Mobil
jual stabil tie rod stabil stabilizer toyota previa,Spare Part Mobil
jual dudukan transmisi toyota hardtop diesel diesel,Spare Part Mobil
jual motor dinamo wiper toyota starlet lapak edward,Spare Part Mobil
jual karet spacer shock tatakan shock toyota soluna,Spare Part Mobil
jual produk mounting mesin starlet termurah terlengkap mei,Spare Part Mobil
jual produk power window kijang kapsul termurah,Spare Part Mobil
jual produk filter udara inova termurah terlengkap mei,Spare Part Mobil
jual produk kap mesin hilux fortuner termurah terlengkap,Spare Part Mobil
jual karet tatakan support shock bantalan,Spare Part Mobil
jual sepatu pantofel everbest pria original,Lainnya
jual produk alternator altenator alternator mobil termurah,Spare Part Mobil
jual produk karburator daihatsu espass termurah terlengkap,Spare Part Mobil
jual filter udara zebra astra aspira lapak mps mobil,Spare Part Mobil
jual sepatu pantofel everbest pria original,Lainnya
jual karet spacer shock tatakan shock toyota soluna,Spare Part Mobil
jual mika stoplamp grand civic custom bening transparan,Spare Part Mobil
jual mika stoplamp garnish grand civic custom jdm,Aksesoris Eksterior
jual motor dinamo wiper toyota starlet lapak edward,Spare Part Mobil
jual fuel pump fuelpump pompa bensin rotak futura,Spare Part Mobil
jual karet tatakan support shock bantalan,Spare Part Mobil
jual produk alternator altenator alternator mobil termurah,Spare Part Mobil
jual produk karet pintu mobil termurah terlengkap mei,Spare Part Mobil
jual stabil tie rod stabil stabilizer toyota previa,Spare Part Mobil
jual produk cdi ori copotan motor termurah terlengkap april,Lainnya
jual koil coil hyundai atoz double lapak darma motor,Spare Part Mobil
jual produk karet pintu mobil termurah terlengkap mei,Spare Part Mobil
jual produk alternator altenator alternator mobil termurah,Spare Part Mobil
jual sepatu pantofel everbest pria original,Lainnya
jual pully pulley puli poli dinamo cas strom,Spare Part Mobil
jual produk alternator altenator alternator mobil termurah,Spare Part Mobil
jual fuel pump fuelpump pompa bensin rotak futura,Spare Part Mobil
jual filter udara zebra astra aspira lapak mps mobil,Spare Part Mobil
jual produk karet pintu mobil termurah terlengkap mei,Spare Part Mobil
jual karet spacer shock tatakan shock toyota soluna,Spare Part Mobil
jual deklahar kopling chevrolet trooper lapak,Spare Part Mobil
jual karet tatakan support shock bantalan,Spare Part Mobil
jual produk lampu sen mitsubishi canter termurah,Spare Part Mobil
jual lem sealer merah threebond liquid gasket ori asli orisinil,Lainnya
jual koil coil hyundai atoz double lapak darma motor,Spare Part Mobil
jual stabil tie rod stabil stabilizer toyota previa,Spare Part Mobil
jual produk alternator altenator alternator mobil termurah,Spare Part Mobil
jual pully pulley puli poli dinamo cas strom,Spare Part Mobil
jual produk sejenis murah terbatas cat primer zinc chromate,Aksesoris Eksterior
jual produk karburator daihatsu espass termurah terlengkap,Spare Part Mobil
jual sepatu pantofel everbest pria original,Lainnya
jual motor dinamo wiper toyota starlet lapak edward,Spare Part Mobil
jual karet tatakan support shock bantalan,Spare Part Mobil
jual produk kampas rem mazda termurah,Spare Part Mobil
jual stabil tie rod stabil stabilizer toyota previa,Spare Part Mobil
jual motor dinamo wiper toyota starlet lapak edward,Spare Part Mobil
jual koil coil hyundai atoz double lapak darma motor,Spare Part Mobil
jual produk coil kia carnival bensin ig termurah terlengkap,Spare Part Mobil
jual produk bensin ig coil kia carnival termurah terlengkap,Spare Part Mobil
jual produk karet pintu mobil termurah terlengkap mei,Spare Part Mobil
jual sepatu pantofel everbest pria original,Lainnya
jual brake shoe kampas rem kijang innova,Spare Part Mobil
jual jarum klakson toyota avanza,Spare Part Mobil
jual stiker toyota inspection tempel kab bandung,Aksesoris Eksterior
jual gantungan kunci dompet stnk mobil toyota rush raize,Lainnya
promo karet stoper stopper sasis toyota fortuner innova,Spare Part Mobil
jual tape mobil bekas jadul.toyota daihatsu.gratis,Aksesoris Interior
jual support yaris vios tapak shock kota medan blesspart,Spare Part Mobil
jual tas buku manual buku service mobil mazda kota,Lainnya
jual emblem logo mobil jaguar puma bahan besi best qualty,Aksesoris Eksterior
jual karpet lantai kabin canter giga biru kab purworejo,Aksesoris Interior
jual soket universal prosesor venom pandora vpr kota,Aksesoris Interior
jual tutup laci dashboard innova cover laci innova,Spare Part Mobil
jual tape mobil bekas jadul.toyota daihatsu.gratis,Aksesoris Interior
jual lampu sen sein spion taruna oxxy kota bekasi basmallah,Spare Part Mobil
jual brake shoe kampas rem kijang innova,Spare Part Mobil
jual jarum klakson toyota avanza,Spare Part Mobil
jual tas buku manual buku service mobil mazda kota,Lainnya
jual karet balon body pintu avanza original kota bekasi,Spare Part Mobil
jual karet pelipit list kaca wheater strip carry extra,Spare Part Mobil
promo karet stoper stopper sasis toyota fortuner innova,Spare Part Mobil
promo nut racing mur baut roda racing kunci,Spare Part Mobil
jual stiker toyota inspection tempel kab bandung,Aksesoris Eksterior
jual tutup laci dashboard innova cover laci innova,Spare Part Mobil
jual dinamo alternator,Spare Part Mobil
jual karpet lantai kabin canter giga biru kab purworejo,Aksesoris Interior
jual mika lampu plafon kabin honda jazz freed crv,Spare Part Mobil
jual trunkboard papan bagasi civic ferio abu-abu,Aksesoris Interior
jual list chrome karet pelipit kaca pintu honda crv rw gen,Spare Part Mobil
jual terminal aki kepala aki sekring aki honda crv turbo jakarta,Spare Part Mobil
jual kaca pintu samping honda brio gen satya,Spare Part Mobil
jual ducktail honda accord hitam metalic kota malang,Aksesoris Eksterior
jual hook gantungan cantolan kursi bangku jok,Aksesoris Interior
jual motor dinamo regulator power window assy kaca jendela,Spare Part Mobil
jual gantungan kunci dompet stnk mobil toyota rush raize,Lainnya
jual list garnish chrome moulding bumper crv rw,Aksesoris Eksterior
jual velg mobil enkei ssw ring velg racing innova,Spare Part Mobil
jual pelipit kaca jazz rs ge kiri jakarta,Spare Part Mobil
promo nut racing mur baut roda racing kunci,Spare Part Mobil
jual karpet lantai kabin canter giga biru kab purworejo,Aksesoris Interior
jual sarung jok mobil calya sigra full set baris,Aksesoris Interior
jual seragam kemeja hyundai standard navy lengan pendek,Lainnya
jual lampu led hyundai stargazer plafon kabin sein rem,Spare Part Mobil
jual emblem logo mobil jaguar puma bahan besi best qualty,Aksesoris Eksterior
jual kisi kisi ac timor terlengkap harga murah mei cicil,Spare Part Mobil
jual pompa celup air kotor stainless steel pompa,Lainnya
jual mesin potong rumput gendong matrix,Lainnya
jual adaptor velg mobil bmw pcd pcs,Spare Part Mobil
jual stiker toyota inspection tempel kab bandung,Aksesoris Eksterior
jual seiv auto refinish cat otomotif mobil motor,Aksesoris Eksterior
jual cover rel jok bmw kab bandung barat,Aksesoris Interior
jual adaptor velg mobil bmw pcd pcs,Spare Part Mobil
bmw medium pandan wangi harga terbaru spesifikasi,Lainnya
jual beras slyp super asli cap widuri jakarta pusat,Lainnya
jual beras premium cap jeruk,Lainnya
jual karung beras kg terdekat harga murah grosir april,Lainnya
jual tas buku manual buku service mobil mazda kota,Lainnya
jual gantungan kunci dompet stnk mobil toyota rush raize,Lainnya
jual kaos kerah pria polo shirt polo ralph lauren kuda putih,Lainnya
jual kaos joger bali asli wanita kab badung balidao,Lainnya
jual kaos shirt polokaos kerah polo putih kota cimahi,Lainnya
jual kaos kerah pria polo shirt polo ralph lauren kuda biru,Lainnya
jual beras regar kota medan laukpauk medan tokopedia,Lainnya
jual velg mobil enkei ssw ring velg racing innova,Spare Part Mobil
jual erpopule stiker happy family kaca,Aksesoris Eksterior
jual kaos manuto tuo kaos plesetan merk logo brand,Lainnya
jual pengharum toilet pewangi kamar mandi parfum gantung,Lainnya
jual emblem logo mobil jaguar puma bahan besi best qualty,Aksesoris Eksterior
promo nut racing mur baut roda racing kunci,Spare Part Mobil
jual motor dinamo regulator power window assy kaca jendela,Spare Part Mobil
jual tikar plsatik rumah spon tikar plastik karpet plastik tiker,Lainnya
promo diecast mobil lamborghini metal series skala,Lainnya
jual lego roket murah terbaik harga terbaru april,Lainnya
jual tas buku manual buku service mobil mazda kota,Lainnya
jual bandana ciput rajut warna salur dalaman jilbab dalaman,Lainnya
jual jamu ayam aduan kamikaze power extrak asam,Lainnya
jual dinamo ampere alternator cat,Spare Part Mobil
jual dinamo alternator,Spare Part Mobil
jual motor aki mainan anak pmb nmax merah muda jakarta,Lainnya
jual overall playsuit jumpsuit celana jeans wanita kodok size xl,Lainnya
jual kaos shirt polokaos kerah polo putih kota cimahi,Lainnya
promo nut racing mur baut roda racing kunci,Spare Part Mobil
jual kaset roxx remastered kab bandung total,Lainnya
jual karpet lantai plastik pvckarpet lantai vynil meteralas,Lainnya
jual free ongkir jawa kirana lemari tv meja tv rak tv,Lainnya
jual cat minyak platone ukuran liter np kota,Lainnya
jual head unit android asuka,Aksesoris Interior
jual emblem logo mobil jaguar puma bahan besi best qualty,Aksesoris Eksterior
jual kaos kerah lengan ua polo shirt under armour,Lainnya
jual karpet roll bintang karpet abu tua kota,Lainnya
jual snowman ballpoint pen biru jakarta utara infinity,Lainnya
jual zhipat lampu motor led yamaha,Lainnya
jual oppo murah harga terbaru tokopedia,Lainnya
jual kursi balenokursi jati kursi makan finishing,Lainnya
jual karpet lumpur karpet roda mud guard ertiga,Aksesoris Eksterior
jual tutup dop velg dop roda splash grand vitara diameter,Spare Part Mobil
jual tuppeware carry canister liter kota administrasi jakarta,Lainnya
jual karet pelipit list kaca wheater strip carry extra,Spare Part Mobil
jual brake shoe kampas rem kijang innova,Spare Part Mobil
jual lampu led hyundai stargazer plafon kabin sein rem,Spare Part Mobil
jual dudukan kaki spion nissan xtrail original kiri kota bekasi,Spare Part Mobil
jual body cover mobil karimun wagon karimun kotak warna anti,Aksesoris Eksterior
jual pasir rangkas ukuran pickup granmax kubik full kota,Lainnya
jual gardan canter terlengkap harga murah mei cicil,Spare Part Mobil
jual tape mobil bekas jadul.toyota daihatsu.gratis,Aksesoris Interior
jual sarung stir cover stir mobil asli mbtech cream,Aksesoris Interior
jual stiker kap mobil hilux panther decal print,Aksesoris Eksterior
jual tas travel bag lv taiga mono travel bag keepall bandouliere,Lainnya
jual kampas kopling exedy inch hino jakarta timur,Spare Part Mobil
jual sedotan pengganti botol minum anak smiggle,Lainnya
jual velg mobil enkei ssw ring velg racing innova,Spare Part Mobil
jual engine mounting karet mesin xpander kanan,Spare Part Mobil
jual grill mobil mitsubishi original kota bekasi tun,Spare Part Mobil
jual dinamo alternator isuzu,Spare Part Mobil
jual dinamo ampere alternator cat,Spare Part Mobil
jual gardan canter terlengkap harga murah mei cicil,Spare Part Mobil
jual support yaris vios tapak shock kota medan blesspart,Spare Part Mobil
jual dinamo alternator,Spare Part Mobil
jual gantungan kunci dompet stnk mobil toyota rush raize,Lainnya
jual dinamo alternator forklift komatsu,Spare Part Mobil
jual emblem logo mobil jaguar puma bahan besi best qualty,Aksesoris Eksterior
jual terminal aki kepala aki sekring aki honda crv turbo jakarta,Spare Part Mobil
jual stiker air lonjong obras typical tutup pelatuk kab,Lainnya
jual jarum klakson toyota avanza,Spare Part Mobil
jual stiker caution kuning kab bogor rita mesin jahit tokopedia,Lainnya
jual stiker cutting sunstar tutup samping kab bogor,Lainnya
jual stiker kap mobil hilux panther decal print,Aksesoris Eksterior
jual seragam kemeja hyundai standard navy lengan pendek,Lainnya
jual kampas kopling exedy inch hino jakarta timur,Spare Part Mobil
jual selang tabung radiator galant hiulele ori kota,Aksesoris Eksterior
jual spion set mazda lipat manual genuine original,Spare Part Mobil
jual tas buku manual buku service mobil mazda kota,Lainnya
jual dinamo alternator,Spare Part Mobil
jual karpet lumpur karpet roda mud guard ertiga,Aksesoris Eksterior
jual dinamo ampere alternator cat,Spare Part Mobil
jual engine mounting karet mesin xpander kanan,Spare Part Mobil
jual tutup dop velg dop roda splash grand vitara diameter,Spare Part Mobil
jual emblem logo mobil jaguar puma bahan besi best qualty,Aksesoris Eksterior
jual seiv auto refinish cat otomotif mobil motor,Aksesoris Eksterior
jual tas buku manual buku service mobil mazda kota,Lainnya
jual seragam kemeja hyundai standard navy lengan pendek,Lainnya
jual gantungan kunci dompet stnk mobil toyota rush raize,Lainnya
promo karet stoper stopper sasis toyota fortuner innova,Spare Part Mobil
promo diecast mobil lamborghini metal series skala,Lainnya
jual sarung stir cover stir mobil asli mbtech cream,Aksesoris Interior
promo diecast mobil lamborghini metal series skala,Lainnya
jual alternator dinamo ampere toyota corolla twincam bulat,Spare Part Mobil
promo fleksibel klakson kabel spiral klakson toyota rush,Spare Part Mobil
promo seal rack steer peugeot mrk peugeot diskon,Spare Part Mobil
promo metal duduk jalan set avanza xenia grand,Spare Part Mobil
promo seal rack steer peugeot mrk peugeot diskon,Spare Part Mobil
promo metal duduk jalan set avanza xenia grand,Spare Part Mobil
promo fleksibel klakson kabel spiral klakson toyota rush,Spare Part Mobil
jual honda brio rs two tone mobil paket merdeka mt,Kendaraan
promo seal rack steer peugeot mrk peugeot diskon,Spare Part Mobil
promo metal duduk jalan set avanza xenia grand,Spare Part Mobil
promo metal duduk jalan set avanza xenia grand,Spare Part Mobil
jual noona variasi mobil bantal mobil in racing sparco elegant,Aksesoris Interior
jual tromol jupiter variasi terbaru harga,Lainnya
jual decal crf putih terbaru harga termurah,Lainnya
jual noona variasi mobil bantal mobil in racing sparco elegant,Aksesoris Interior
jual decal crf putih terbaru harga termurah,Lainnya
jual tromol jupiter variasi terbaru harga,Lainnya
jual blower denso terbaru harga termurah,Spare Part Mobil
jual honda vario cbs terbaru harga termurah,Kendaraan
jual karet kopling supra terbaru harga termurah,Spare Part Mobil
jual noona variasi mobil bantal mobil in racing sparco elegant,Aksesoris Interior
jual alternator dinamo ampere toyota corolla twincam bulat,Spare Part Mobil
jual noona variasi mobil bantal mobil in racing sparco elegant,Aksesoris Interior
promo seal rack steer peugeot mrk peugeot diskon,Spare Part Mobil
promo metal duduk jalan set avanza xenia grand,Spare Part Mobil
jual blower denso terbaru harga termurah,Spare Part Mobil
jual noona variasi mobil bantal mobil in racing sparco elegant,Aksesoris Interior
jual kursi makan anak pliko velo dx advantages,Lainnya
jual emblem logo mitsubishi pajero terbaru,Aksesoris Eksterior
jual shafer terbaru harga termurah blibli,Lainnya
jual decal crf putih terbaru harga termurah,Lainnya
jual tromol jupiter variasi terbaru harga,Lainnya
jual ban gt mobil gran max terbaru harga termurah,Spare Part Mobil
jual blower denso terbaru harga termurah,Spare Part Mobil
jual fork gear shift no garpu transmisi toyota innova kijang,Spare Part Mobil
jual saringan filter pompa bensin toyota calya-sigra,Spare Part Mobil
jual motor dinamo wiper toyota starlet lapak edward,Spare Part Mobil
jual produk oksigen toyota vios termurah terlengkap,Spare Part Mobil
jual produk oxygen toyota vios termurah terlengkap mei,Spare Part Mobil
jual arm sayap roda toyota camry,Aksesoris Eksterior
jual produk handle pintu kijang termurah terlengkap,Spare Part Mobil
jual produk kijang handle termurah terlengkap mei,Spare Part Mobil
jual paket tanduk towing honda brv model,Aksesoris Eksterior
jual produk sejenis duduk mobil anak full cushion,Aksesoris Interior
jual oli transmisi original,Spare Part Mobil
jual produk bearing copling lahar termurah terlengkap mei,Spare Part Mobil
jual tanduk towing pengaman bumper fortuner,Aksesoris Eksterior
jual dx lampu samping spakbor fender mobil corolla dx lapak,Spare Part Mobil
jual produk daihatsu taruna full termurah terlengkap mei,Spare Part Mobil
jual produk daihatsu espas set termurah terlengkap mei,Spare Part Mobil
jual produk daihatsu espass termurah terlengkap mei,Spare Part Mobil
jual produk taruna karburator termurah terlengkap mei,Spare Part Mobil
jual produk karburator feroza termurah terlengkap mei,Spare Part Mobil
jual produk karburator taruna termurah terlengkap mei,Spare Part Mobil
jual produk feroza set termurah terlengkap mei,Aksesoris Eksterior
jual saringan filter pompa bensin toyota calya-sigra,Spare Part Mobil
jual produk sejenis kancing dudukan besi tiang kap mesin grand,Spare Part Mobil
jual paket tanduk towing honda brv model,Aksesoris Eksterior
jual dekrup matahari kopling manual honda brio mobilio jazz,Spare Part Mobil
jual selenoid matic honda crv gen gen,Spare Part Mobil
jual paket tanduk towing honda brv model,Aksesoris Eksterior
jual motor dinamo wiper toyota starlet lapak edward,Spare Part Mobil
jual saringan filter pompa bensin toyota calya-sigra,Spare Part Mobil
jual produk stabilizer mobil penghemat bbm termurah,Spare Part Mobil
jual curved led light bar double row inch,Spare Part Mobil
jual produk sejenis duduk mobil anak full cushion,Aksesoris Interior
jual produk power penghemat bbm termurah terlengkap mei,Spare Part Mobil
jual koil coil hyundai atoz double lapak darma motor,Spare Part Mobil
jual produk sejenis duduk mobil anak full cushion,Aksesoris Interior
jual produk koil kia carnival termurah terlengkap mei,Spare Part Mobil
jual produk coil kia carnival termurah terlengkap mei,Spare Part Mobil
jual produk genset watt diesel termurah terlengkap,Lainnya
jual produk handle pintu mobil panther termurah,Spare Part Mobil
jual produk stabilizer mobil penghemat bbm termurah,Spare Part Mobil
jual produk mesin gerinda tangan listrik termurah,Lainnya
jual produk kijang handle termurah terlengkap mei,Spare Part Mobil
jual produk power penghemat bbm termurah terlengkap mei,Spare Part Mobil
jual produk daihatsu espass termurah terlengkap mei,Spare Part Mobil
jual produk sejenis duduk mobil anak full cushion,Aksesoris Interior
jual produk power penghemat bbm termurah terlengkap mei,Spare Part Mobil
jual saringan filter pompa bensin toyota calya-sigra,Spare Part Mobil
jual produk handle pintu mobil panther termurah,Spare Part Mobil
jual arm sayap roda toyota camry,Aksesoris Eksterior
jual switch handle-saklar kanan yamaha freego hazard,Lainnya
jual produk power penghemat bbm termurah terlengkap mei,Spare Part Mobil
jual produk shock breaker panther termurah terlengkap mei,Spare Part Mobil
jual produk stabilizer mobil penghemat bbm termurah,Spare Part Mobil
jual produk print cetak banner cetak spanduk termurah,Lainnya
jual motor dinamo wiper toyota starlet lapak edward,Spare Part Mobil
jual produk feroza set termurah terlengkap mei,Aksesoris Eksterior
jual produk taruna karburator termurah terlengkap mei,Spare Part Mobil
jual produk bearing copling lahar termurah terlengkap mei,Spare Part Mobil
jual produk karburator taruna termurah terlengkap mei,Spare Part Mobil
jual produk sejenis duduk mobil anak full cushion,Aksesoris Interior
jual berkah denso oil filter oli saringan,Spare Part Mobil
jual koil coil hyundai atoz double lapak darma motor,Spare Part Mobil
jual produk kopling disc clutch ps termurah terlengkap,Spare Part Mobil
jual produk toner hp set termurah terlengkap mei,Lainnya
jual paket tanduk towing honda brv model,Aksesoris Eksterior
jual motor dinamo wiper toyota starlet lapak edward,Spare Part Mobil
jual engine mesin mazda vantrend,Spare Part Mobil
jual produk bearing copling lahar termurah terlengkap mei,Spare Part Mobil
jual motor dinamo wiper toyota starlet lapak edward,Spare Part Mobil
jual switch handle-saklar kanan yamaha freego hazard,Lainnya
jual seal roda ford ranger lapak,Spare Part Mobil
jual produk sejenis duduk mobil anak full cushion,Aksesoris Interior
jual koil coil hyundai atoz double lapak darma motor,Spare Part Mobil
jual produk coil kia carnival termurah terlengkap mei,Spare Part Mobil
jual produk koil kia carnival termurah terlengkap mei,Spare Part Mobil
jual produk sejenis duduk mobil anak full cushion,Aksesoris Interior
jual produk sejenis kancing dudukan besi tiang kap mesin grand,Spare Part Mobil
jual emblem bagasi toyota camry original size kota,Aksesoris Eksterior
jual toyota alphard cover leather seat kursi jok mobil sarung,Aksesoris Interior
jual dinamo alternator toyota forklift,Spare Part Mobil
jual coilover toyota avanza merek hwl jakarta,Spare Part Mobil
jual lampu bagasi agya trd reflektor bagasi toyota agya trd,Spare Part Mobil
jual headlamp lampu toyota fortuner vrz kanan kiri jakarta,Spare Part Mobil
promo karet stoper stopper sasis toyota fortuner innova,Spare Part Mobil
jual soket lampu sen sein,Spare Part Mobil
jual ban mobil yaris terlengkap harga murah mei cicil,Spare Part Mobil
jual door key set kunci pintu set kijang type asli,Spare Part Mobil
jual soket lampu sen sein,Spare Part Mobil
jual kupingan bemper isuzu elf nmr warna putih lh kiri biji,Spare Part Mobil
jual ban mobil yaris terlengkap harga murah mei cicil,Spare Part Mobil
jual iklan mobil corona absolute kota malang kertas abc,Lainnya
jual coilover toyota avanza merek hwl jakarta,Spare Part Mobil
jual tutup keran kran pembuangan air radiator,Lainnya
jual toyota alphard cover leather seat kursi jok mobil sarung,Aksesoris Interior
promo karet stoper stopper sasis toyota fortuner innova,Spare Part Mobil
jual iklan mobil mitsubishi lancer born to kota malang,Lainnya
jual lampu dekorasi lis body mobil lampu alis volt mobil,Aksesoris Eksterior
jual lampu bagasi agya trd reflektor bagasi toyota agya trd,Spare Part Mobil
jual plat kampas kopling fcc honda accord maestro cielo accord,Spare Part Mobil
jual soket lampu sen sein,Spare Part Mobil
jual foot step kijang kapsul lgx lu ssx krista pijakan kaki,Aksesoris Eksterior
jual sarung jok paten mobil outlander bahan mbtech carrera,Aksesoris Interior
jual karet balon pintu honda jazz idsi,Spare Part Mobil
jual ban mobil yaris terlengkap harga murah mei cicil,Spare Part Mobil
jual sarung jok datsun go baris full set jakarta,Aksesoris Interior
jual velg mobil volks rays ring flow foarming innova,Spare Part Mobil
jual cancel kokang stainless baut kab bandung,Spare Part Mobil
jual ban mobil yaris terlengkap harga murah mei cicil,Spare Part Mobil
jual foot step kijang kapsul lgx lu ssx krista pijakan kaki,Aksesoris Eksterior
jual toyota alphard cover leather seat kursi jok mobil sarung,Aksesoris Interior
jual iklan mobil corona absolute kota malang kertas abc,Lainnya
jual panci set warna warni korea pot panci tutup kaca,Lainnya
jual coilover toyota avanza merek hwl jakarta,Spare Part Mobil
jual ban mobil yaris terlengkap harga murah mei cicil,Spare Part Mobil
jual emping melinjo tipis lebar original kota samarinda,Lainnya
jual hambal jaguar lantai karpet,Lainnya
jual toples kue kering bulat terdekat harga murah grosir mei,Lainnya
jual ban mobil yaris terlengkap harga murah mei cicil,Spare Part Mobil
jual dinamo alternator toyota forklift,Spare Part Mobil
jual magic water book buku mewarnai ajaib magic water pen,Lainnya
jual natural batu akik kristal motif gambar anggur cempaka size,Lainnya
jual bo buku tulis kotak grafikmatematika lembar,Lainnya
jual soket lampu sen sein,Spare Part Mobil
jual sarung jok paten mobil outlander bahan mbtech carrera,Aksesoris Interior
jual mainan mobil remot kontrol rc surpass super speed,Lainnya
jual iklan mobil isuzu phanter kota malang kertas abc,Lainnya
jual velg mobil volks rays ring flow foarming innova,Spare Part Mobil
jual toyota alphard cover leather seat kursi jok mobil sarung,Aksesoris Interior
jual car set channel in sarung jok mobil chanel sarung,Aksesoris Interior
jual ring piston set ring seher asli,Spare Part Mobil
jual karet rem tipis mitsubishi canter hdx merk seiken,Spare Part Mobil
jual metal noken as bushing camshaft mitsubishi,Spare Part Mobil
jual kabel versneling transmisi matic at asli mitsubishi pajero,Spare Part Mobil
jual kabel rem tangan forklift mitsubishi fd model,Spare Part Mobil
jual iklan mobil mitsubishi lancer born to kota malang,Lainnya
jual dinamo alternator toyota forklift,Spare Part Mobil
jual dinamo alternator komatsu,Spare Part Mobil
jual door key set kunci pintu set kijang type asli,Spare Part Mobil
jual iklan mobil corona absolute kota malang kertas abc,Lainnya
jual ball joint low balljoint kuda diesel jakarta,Spare Part Mobil
jual sarung jok paten mobil outlander bahan mbtech carrera,Aksesoris Interior
jual ban mobil yaris terlengkap harga murah mei cicil,Spare Part Mobil
jual toyota alphard cover leather seat kursi jok mobil sarung,Aksesoris Interior
jual dinamo alternator toyota forklift,Spare Part Mobil
jual iklan mobil mitsubishi lancer born to kota malang,Lainnya
jual iklan mobil corona absolute kota malang kertas abc,Lainnya
jual mainan mobil remot kontrol rc surpass super speed,Lainnya
promo karet stoper stopper sasis toyota fortuner innova,Spare Part Mobil
jual kostum burung enggang karnaval daur ulang jakarta timur,Lainnya
jual stiker pijakan pintu mobil toyota terbaru harga,Aksesoris Eksterior
promo metal duduk metal jalan toyota corolla great corolla,Spare Part Mobil
promo krmk kaos shirt toyota kijang innova reborn hologram,Lainnya
jual bagasi kijang terbaru harga termurah,Aksesoris Eksterior
jual motor power window kanan rh honda accord maestro,Spare Part Mobil
promo baut cylinder head suzuki futura carburator diskon,Spare Part Mobil
jual towing bemper mobil ayla agya seller hope-id,Aksesoris Eksterior
jual emblem kuda ford mustang logo kap kepala mobil,Aksesoris Eksterior
promo tutup minyak master rem aksesoris variasi motor,Lainnya
jual karet pintu mobil brio terbaru harga termurah,Spare Part Mobil
promo baut sayap baut lower arm avanza diskon,Spare Part Mobil
promo emblem logo steer stir mobil honda universal original,Aksesoris Interior
promo emblem logo steer stir mobil honda universal original,Aksesoris Interior
promo metal duduk metal jalan toyota corolla great corolla,Spare Part Mobil
jual motor power window kanan rh honda accord maestro,Spare Part Mobil
promo baut cylinder head suzuki futura carburator diskon,Spare Part Mobil
jual oli transmisi toyota terbaru harga,Oli dan Penghemat BBM
jual motor power window kanan rh honda accord maestro,Spare Part Mobil
jual karet pintu mobil brio terbaru harga termurah,Spare Part Mobil
jual honda crv prestige tdp terbaru harga termurah,Spare Part Mobil
promo emblem logo steer stir mobil honda universal original,Aksesoris Interior
jual brio bearing bantalan laher klaher seller,Spare Part Mobil
jual towing bemper mobil ayla agya seller hope-id,Aksesoris Eksterior
jual emblem kuda ford mustang logo kap kepala mobil,Aksesoris Eksterior
jual karpet calya sigra premium baris list merah seller,Aksesoris Interior
jual stiker pijakan pintu mobil toyota terbaru harga,Aksesoris Eksterior
jual sewa hiace elf seat seribu trip seller seribu trip,Kendaraan
jual kompresor basuri terbaru harga termurah,Spare Part Mobil
jual corong toa basuri terbaru harga termurah,Spare Part Mobil
jual noona variasi mobil bantal mobil in racing sparco elegant,Aksesoris Interior
jual lampu stop accent stoplamp rem hyundai lamp,Spare Part Mobil
jual kunci hyundai stargazer terbaru harga termurah,Lainnya
promo oem handle pintu kanan hyundai verna,Spare Part Mobil
jual oli santafe diesel terbaru harga termurah,Spare Part Mobil
jual motor power window kanan rh honda accord maestro,Spare Part Mobil
promo baut cylinder head suzuki futura carburator diskon,Spare Part Mobil
jual karpet calya sigra premium baris list merah seller,Aksesoris Interior
jual noona variasi mobil bantal mobil in racing sparco elegant,Aksesoris Interior
jual towing bemper mobil ayla agya seller hope-id,Aksesoris Eksterior
jual emblem kuda ford mustang logo kap kepala mobil,Aksesoris Eksterior
jual kompresor basuri terbaru harga termurah,Spare Part Mobil
jual corong toa basuri terbaru harga termurah,Spare Part Mobil
jual helm terbaru harga termurah blibli,Lainnya
jual harga pcx medan terbaru harga termurah,Lainnya
jual modif velg motor warna terbaru harga termurah,Spare Part Mobil
jual fuel pump ktm terbaru harga termurah,Spare Part Mobil
jual seal head terbaru harga termurah blibli,Spare Part Mobil
jual bmw panci steamer set original murah harga diskon mei,Lainnya
jual building blocks mainan edukasi anak lego mini astronot,Lainnya
jual noona variasi mobil bantal mobil in racing sparco elegant,Aksesoris Interior
jual lampu kabin terbaru harga termurah,Spare Part Mobil
jual noona variasi mobil bantal mobil in racing sparco elegant,Aksesoris Interior
promo emblem logo steer stir mobil honda universal original,Aksesoris Interior
jual motor power window kanan rh honda accord maestro,Spare Part Mobil
promo metal duduk metal jalan toyota corolla great corolla,Spare Part Mobil
promo baut cylinder head suzuki futura carburator diskon,Spare Part Mobil
jual noona variasi mobil bantal mobil in racing sparco elegant,Aksesoris Interior
promo frame aluminium handle gold profil kaca lemari bingkai,Lainnya
jual produk tupperware rantang harga promo diskon blibli.com,Lainnya
jual towing bemper mobil ayla agya seller hope-id,Aksesoris Eksterior
promo baut sayap baut lower arm avanza diskon,Spare Part Mobil
jual towing mobil rush terios seller hope-id,Aksesoris Eksterior
jual outer wanita lucu model terbaru harga promo mei blibli,Lainnya
tas traveling pria original harga terbaru mei blibli,Lainnya
jual emblem kuda ford mustang logo kap kepala mobil,Aksesoris Eksterior
jual towing bemper mobil ayla agya seller hope-id,Aksesoris Eksterior
jual emblem kuda ford mustang logo kap kepala mobil,Aksesoris Eksterior
jual motor power window kanan rh honda accord maestro,Spare Part Mobil
promo baut cylinder head suzuki futura carburator diskon,Spare Part Mobil
promo tutup minyak master rem aksesoris variasi motor,Lainnya
jual lampu stop accent stoplamp rem hyundai lamp,Spare Part Mobil
promo oem handle pintu kanan hyundai verna,Spare Part Mobil
promo baut cylinder head suzuki futura carburator diskon,Spare Part Mobil
jual motor power window kanan rh honda accord maestro,Spare Part Mobil
jual kunci hyundai stargazer terbaru harga termurah,Lainnya
jual karpet calya sigra premium baris list merah seller,Aksesoris Interior
jual towing bemper mobil ayla agya seller hope-id,Aksesoris Eksterior
jual sewa hiace elf seat seribu trip seller seribu trip,Kendaraan
jual emblem kuda ford mustang logo kap kepala mobil,Aksesoris Eksterior
jual kompresor basuri terbaru harga termurah,Spare Part Mobil
jual corong toa basuri terbaru harga termurah,Spare Part Mobil
jual stiker pijakan pintu mobil toyota terbaru harga,Aksesoris Eksterior
jual honda crv prestige tdp terbaru harga termurah,Kendaraan
jual helm terbaru harga termurah blibli,Lainnya
jual harga pcx medan terbaru harga termurah,Lainnya
jual modif velg motor warna terbaru harga termurah,Lainnya
jual fuel pump ktm terbaru harga termurah,Spare Part Mobil
jual seal head terbaru harga termurah blibli,Spare Part Mobil
jual kabel gas-kabel accelerator toyota avanza-xenia vvti,Spare Part Mobil
jual bearing roda toyota corolla dx,Spare Part Mobil
jual toyota raize stiker mobil lis striping mobil,Lainnya
jual ball joint japan toyota innova fortuner,Spare Part Mobil
jual holder starter toyota dyna rino ryno delta,Spare Part Mobil
jual baut oli gardan original,Spare Part Mobil
jual produk oli mesin mobil diesel termurah terlengkap mei,Oli dan Penghemat BBM
jual mud guard karpet lumpur kepet roda pcs daihatsu taft gt,Aksesoris Eksterior
jual produk talang air yaris termurah terlengkap,Aksesoris Eksterior
jual tanduk towing pengaman bumper fortuner,Aksesoris Eksterior
jual dx lampu samping spakbor fender mobil corolla dx lapak,Spare Part Mobil
jual sensor temperatur-switch temperatur kijang diesel-kijang efi,Spare Part Mobil
jual mud guard karpet lumpur kepet roda pcs daihatsu taft gt,Aksesoris Eksterior
jual toyota raize stiker mobil lis striping mobil,Aksesoris Eksterior
jual kabel gas-kabel accelerator toyota avanza-xenia vvti,Spare Part Mobil
jual ball joint japan toyota innova fortuner,Spare Part Mobil
jual produk kap mesin copotan termurah terlengkap mei,Spare Part Mobil
jual dekrup matahari kopling manual honda brio mobilio jazz,Spare Part Mobil
jual produk kap mesin copotan termurah terlengkap mei,Spare Part Mobil
jual toyota raize stiker mobil lis striping mobil,Aksesoris Eksterior
jual produk talang air yaris termurah terlengkap,Aksesoris Eksterior
jual produk kap mesin copotan termurah terlengkap mei,Spare Part Mobil
jual supitan suwing arm suzuki thunder original lapak,Lainnya
jual fender front spakbord slebor spakbor,Spare Part Mobil
jual ball joint ertiga lapak gld store bukalapak,Spare Part Mobil
jual produk handle bagasi ertiga tipe ga termurah,Spare Part Mobil
jual produk cilinder silinder cylinder rem termurah,Spare Part Mobil
jual mud guard karpet lumpur kepet roda pcs daihatsu taft gt,Aksesoris Eksterior
jual produk sejenis jual bearing kruk as nachi,Lainnya
jual berkah denso oil filter oli saringan,Spare Part Mobil
jual produk assy pompa oli mitsubishi termurah terlengkap,Spare Part Mobil
jual produk pump mitsubishi canter asli termurah,Spare Part Mobil
jual master rem asli mitsubishi ps canter lapak,Spare Part Mobil
jual produk oli mesin mobil diesel termurah terlengkap mei,Oli dan Penghemat BBM
jual produk cilinder silinder cylinder rem termurah,Spare Part Mobil
jual produk kap mesin copotan termurah terlengkap mei,Spare Part Mobil
jual mud guard karpet lumpur kepet roda pcs daihatsu taft gt,Aksesoris Eksterior
jual engine mesin mazda vantrend,Spare Part Mobil
jual produk cilinder silinder cylinder rem termurah,Spare Part Mobil
jual seal roda ford ranger lapak,Spare Part Mobil
jual produk sejenis jual bearing kruk as nachi,Lainnya
jual toyota raize stiker mobil lis striping mobil,Spare Part Mobil
jual produk kap mesin copotan termurah terlengkap mei,Spare Part Mobil
jual produk cilinder silinder cylinder rem termurah,Spare Part Mobil
jual stiker pelindung pijakan pintu mobil toyota veloz avanza,Aksesoris Eksterior
jual condensor kondensor toyota kijang grand super,Spare Part Mobil
jual pelampung bensin toyota kijang,Spare Part Mobil
jual metal duduk metal jalan taiho daido original toyota daihatsu,Spare Part Mobil
jual buku service mobil toyota kota malang kertas abc,Lainnya
jual karet support shock innova fortuner hilux original,Spare Part Mobil
jual shackle spring ayunan anting,Spare Part Mobil
jual handle tuas putaran gagang stang dongkrak kota bekasi,Spare Part Mobil
jual lampu sein sen kiri kanan set jakarta,Spare Part Mobil
jual radiator kijang diesel kapsul kab bekasi mobil,Spare Part Mobil
jual packing set landcruiser original jakarta,Spare Part Mobil
jual daihatsu feroza spooring dimensi toko velg,Spare Part Mobil
jual metal duduk metal jalan taiho daido original toyota daihatsu,Spare Part Mobil
jual shackle spring ayunan anting,Spare Part Mobil
jual buku service mobil toyota kota malang kertas abc,Lainnya
jual kabel gas asli mitsubishi bensin kota,Spare Part Mobil
jual handle tuas putaran gagang stang dongkrak kota bekasi,Spare Part Mobil
jual karet lidah bumper honda brio kota,Spare Part Mobil
jual pompa solar diesel kuda diesel stecker jakarta timur,Spare Part Mobil
jual lampu dekorasi lis body mobil lampu alis volt mobil,Aksesoris Eksterior
jual pelampung bensin toyota kijang,Spare Part Mobil
jual lampu sein sen kiri kanan set jakarta,Spare Part Mobil
jual iklan mobil peugeot blue kota malang kertas,Lainnya
jual karet support shock breaker absorber honda jazz rs,Spare Part Mobil
jual sarung jok mobil rush terios full set putih kota,Aksesoris Interior
jual radiator brio jakarta utara lin_honda tokopedia,Spare Part Mobil
jual sensor oksigen honda crv gen odyssey,Spare Part Mobil
jual cover engsel kap mesin karet tutup cowl panggangan sate,Aksesoris Eksterior
jual subwoofer cello pasif khusus honda hrv,Spare Part Mobil
jual kabel rem tangan honda mobilio kiri jakarta pusat,Spare Part Mobil
jual handle handel gagang pintu honda crv cr-v gen,Spare Part Mobil
jual karet lidah bumper honda brio kota,Spare Part Mobil
jual sensor abs honda crv kirin up kab,Spare Part Mobil
jual selimut mobil outdoor rush terios hrv ertiga spin outlander,Aksesoris Eksterior
jual foglamp lampu kabut honda brio kanan jakarta,Aksesoris Eksterior
jual engine mounting dudukan mesin odyssey,Spare Part Mobil
jual aper teng upper tank radiator honda jazz rs kota,Spare Part Mobil
jual kabel sensor abs jazz rs city,Spare Part Mobil
jual seat lock tuas setelan kunci sandaran bangku kursi jok,Spare Part Mobil
jual stiker pelindung pijakan pintu mobil toyota veloz avanza,Aksesoris Eksterior
jual stiker pelindung pijakan pintu mobil toyota veloz avanza,Aksesoris Eksterior
jual karet support shock breaker absorber honda jazz rs,Spare Part Mobil
jual inner fender plastik spakbor hrv kiri jakarta pusat,Spare Part Mobil
jual velg pelek mobil racing hsr cocok vios jazz,Spare Part Mobil
jual handle tuas putaran gagang stang dongkrak kota bekasi,Spare Part Mobil
jual paket velg xpander ring hsr ravel plus ban,Spare Part Mobil
jual karpet mobil suzuki premium hitam fullset,Aksesoris Interior
jual klip bemper mobil klip motor garwta,Spare Part Mobil
jual pemantik api mobil terlengkap harga terbaru mei,Spare Part Mobil
jual karet stopper hyundai atoz kia visto jakarta pusat,Lainnya
jual soket sensor avega verna hyundai kab bogor nato,Spare Part Mobil
jual handle tuas putaran gagang stang dongkrak kota bekasi,Spare Part Mobil
jual karpet mobil suzuki premium hitam fullset,Aksesoris Interior
jual sambungan manipol api joint exh,Spare Part Mobil
jual stiker pelindung pijakan pintu mobil toyota veloz avanza,Aksesoris Eksterior
jual horecamall panci set bmw in tutup kaca bahan,Lainnya
jual kkv-mainan merakit mobil koleksi diy graffiti diecast mobil,Lainnya
jual wajan teflon anti lengket biru kota surabaya,Lainnya
jual daihatsu feroza spooring dimensi toko velg,Spare Part Mobil
jual sambungan gearbox stir mobil mainan aki anak pliko pmb,Lainnya
jual figure skala motor vespa sprint kota surabaya rsk,Lainnya
jual selimut mobil outdoor rush terios hrv ertiga spin outlander,Aksesoris Eksterior
jual kaca spion motor bulat hitam qx hitam kota malang mitra,Lainnya
jual pemantik api mobil terlengkap harga terbaru mei,Spare Part Mobil
jual ban serep vespa terlengkap harga murah mei cicil,Lainnya
jual front sam mercedes benz jakarta selatan central,Spare Part Mobil
jual bestway kasur angin double pompa kota makassar,Lainnya
jual compresor ac mobil sanden asli kota surabaya,Spare Part Mobil
jual pe stang stir selongsong gas verseneling vespa,Lainnya
jual cincin titanium hitam arab tulisan custom logo ukir grafir nama,Lainnya
jual mesin gen papor led komplit jakarta pusat,Spare Part Mobil
jual peci full ac kopiah anak dewasa hitam,Lainnya
jual aki kering motor jupiter jupiter,Lainnya
jual bola halogen long vercilux lampu,Spare Part Mobil
jual lampu sorot led kerja mata,Aksesoris Eksterior
jual jbl live pro murah harga terbaru tokopedia,Lainnya
jual injektor yamaha xmax hole lobang upgrade pnp lexi,Spare Part Mobil
jual papan permainan tradisional ular tangga ludo,Lainnya
jual tutup box bagasi ertiga asli sgp cream jakarta pusat,Spare Part Mobil
jual karet mounting knalpot ertiga escudo asli sgp jakarta,Spare Part Mobil
jual selimut mobil outdoor rush terios hrv ertiga spin outlander,Aksesoris Eksterior
jual karpet roda mud guard roda neo baleno kiri jakarta,Aksesoris Eksterior
jual karpet mobil suzuki premium hitam fullset,Aksesoris Interior
jual condensor kondensor toyota kijang grand super,Spare Part Mobil
jual brake pad front kampas rem nissan march latio jakarta,Spare Part Mobil
jual shackle spring ayunan anting,Spare Part Mobil
jual set tabung tampungan air wiper washer volt colt,Spare Part Mobil
jual compresor ac mobil sanden asli kota surabaya,Spare Part Mobil
jual part kaca only spion bus shd jakarta barat ryyan shop,Spare Part Mobil
jual unik kabel lampu sorot tembak led bar plus remote,Aksesoris Eksterior
jual window regulator kaca kanan rh kota,Spare Part Mobil
jual bodykit pajero sport model thitum list merah jakarta,Aksesoris Eksterior
jual delium terra mania extreme size ban mobil,Spare Part Mobil
jual bearing roda mitsubishi bensin,Spare Part Mobil
jual flasher flaser kijang jakarta pusat auto,Spare Part Mobil
jual iklan mobil peugeot blue kota malang kertas,Lainnya
jual snobby gendongan bayi samping multifungsi twiza series,Lainnya
jual karet lidah bumper honda brio kota,Spare Part Mobil
jual sambungan manipol api joint exh,Spare Part Mobil
jual metal duduk metal jalan taiho daido original toyota daihatsu,Spare Part Mobil
jual lampu sein sen kiri kanan set jakarta,Spare Part Mobil
jual kabel gas asli mitsubishi bensin kota,Spare Part Mobil
jual bearing roda mitsubishi bensin,Spare Part Mobil
jual shackle spring ayunan anting,Spare Part Mobil
jual pipa rem teromol mitsubishi fe ps mc,Spare Part Mobil
jual peninggi shock mitsubishi triton pajero,Spare Part Mobil
jual kisi-kisi ac lancer evo abu-abu jakarta pusat pelita motor,Spare Part Mobil
jual pompa solar diesel kuda diesel stecker jakarta timur,Spare Part Mobil
jual set tabung tampungan air wiper washer volt colt,Spare Part Mobil
jual window regulator kaca kanan rh kota,Spare Part Mobil
jual sambungan manipol api joint exh,Spare Part Mobil
jual karpet mobil suzuki premium hitam fullset,Aksesoris Interior
jual condensor kondensor toyota kijang grand super,Spare Part Mobil
jual part kaca only spion bus shd jakarta barat ryyan shop,Spare Part Mobil
jual buku service mobil toyota kota malang kertas abc,Lainnya
jual handle tuas putaran gagang stang dongkrak kota bekasi,Spare Part Mobil
jual mainan anak mobil aki jeep pmb utx putih kota,Lainnya
jual kabel gas jakarta pusat karya mobilindo lestari,Spare Part Mobil
jual master kopling cowok assy triton glx sanyco,Spare Part Mobil
jual kaos kerah pria polo shirt ralph lauren maroon xl,Lainnya
jual ban mobil accelera eco plush ban mobil ukuran,Spare Part Mobil
jual daihatsu feroza spooring dimensi toko velg,Spare Part Mobil
jual iklan mobil peugeot blue kota malang kertas,Lainnya
jual handle tuas putaran gagang stang dongkrak kota bekasi,Spare Part Mobil
jual ban mobil accelera eco plush ban mobil ukuran,Spare Part Mobil
jual tutup box bagasi ertiga asli sgp cream jakarta pusat,Spare Part Mobil
jual sarung jok mobil rush terios full set putih kota,Aksesoris Interior
promo paket ganti oli innova reborn diesel tmo gold,Oli dan Penghemat BBM
jual travel hiace pilihan harga termurah blibli,Kendaraan
jual kopling set aisin kijang kapsul terbaru harga,Spare Part Mobil
jual ban yokohama terbaru harga termurah,Spare Part Mobil
jual dudukan kaca spion xenia terbaru harga termurah,Spare Part Mobil
jual mobil roda gila gigi gendeng terbaru harga,Spare Part Mobil
promo dop velgroda ring daihatsu xenia vvti ori,Spare Part Mobil
promo paket ganti oli innova reborn diesel tmo gold,Oli dan Penghemat BBM
jual dudukan kaca spion xenia terbaru harga termurah,Spare Part Mobil
jual kopi solo gratis ongkir harga terbaru mei blibli,Lainnya
jual terbaru karet list atap kabin kanan xenia avanza,Spare Part Mobil
jual terbaru kaca spion elektrik kanan sigra calya original,Spare Part Mobil
jual mobil roda gila gigi gendeng terbaru harga,Spare Part Mobil
jual spesifikasi mobil honda brio satya terbaru harga,Kendaraan
promo dop velgroda ring daihatsu xenia vvti ori,Spare Part Mobil
jual diskon dop velg kaleng center dop harga,Spare Part Mobil
jual sewa hiace elf seat seribu trip seller seribu trip,Kendaraan
jual sugar glider leu terbaru harga termurah,Lainnya
jual knalpot racing gl max terbaru harga termurah,Lainnya
jual stiker tambahan modifikasi vario terbaru harga,Lainnya
jual ban mobil taft komodo terbaru harga termurah,Spare Part Mobil
jual sugar glider leu terbaru harga termurah,Lainnya
jual kabel relay set terbaru harga termurah,Spare Part Mobil
jual terbaru harga termurah blibli,Spare Part Mobil
jual sepatu spring blade terbaru harga termurah,Lainnya
jual puli ori beat terbaru harga termurah,Lainnya
jual knalpot racing gl max terbaru harga termurah,Lainnya
jual stiker tambahan modifikasi vario terbaru harga,Lainnya
jual mika lampu sonic terbaru harga,Lainnya
jual ban mobil taft komodo terbaru harga termurah,Spare Part Mobil
jual striping ninja fi warna hitam terbaru harga,Lainnya
jual kopling set aisin kijang kapsul terbaru harga,Spare Part Mobil
jual cairan pembersih piano original murah harga diskon mei,Lainnya
jual rokok magnum bungkus termurah harga grosir terupdate,Lainnya
jual lego technic land rover defender mainan anak,Lainnya
jual dinamo penggerak pk original murah harga diskon mei,Spare Part Mobil
jual antena vw polo terbaru harga termurah blibli,Spare Part Mobil
jual kampas suzuki ignis terbaru harga termurah,Spare Part Mobil
jual promo koper bajukoper carry cartkoper kain polo cavallo,Lainnya
jual towing bar arb-pengaman mobil innova seller,Aksesoris Eksterior
promo tas selempang wanita elea bag jims honey caramel,Lainnya
jual master kopling terbaru harga termurah,Spare Part Mobil
jual mobil roda gila gigi gendeng terbaru harga,Spare Part Mobil
jual filter oli pajero sakura terbaru harga termurah,Spare Part Mobil
jual antena vw polo terbaru harga termurah blibli,Spare Part Mobil
jual lampu sein xpander terbaru harga termurah,Spare Part Mobil
jual antena vw polo terbaru harga termurah blibli,Spare Part Mobil
jual sewa hiace elf seat seribu trip seller seribu trip,Kendaraan
jual sugar glider leu terbaru harga termurah,Lainnya
jual sepatu spring blade terbaru harga termurah,Lainnya
jual puli ori beat terbaru harga termurah,Lainnya
jual knalpot racing gl max terbaru harga termurah,Lainnya
jual stiker tambahan modifikasi vario terbaru harga,Lainnya
jual mika lampu sonic terbaru harga,Lainnya
jual ban mobil taft komodo terbaru harga termurah,Spare Part Mobil
jual tutup klep honda revo terbaru harga termurah,Lainnya
jual sticker carbon hitam glossy terbaru harga,Aksesoris Eksterior
jual striping ninja fi warna hitam terbaru harga,Lainnya
jual antena vw polo terbaru harga termurah blibli,Spare Part Mobil
jual kopling set aisin kijang kapsul terbaru harga,Spare Part Mobil
jual ban dual purpose ring terbaru harga,Spare Part Mobil
jual produk sejenis stabil stabilizer toyota hilux vigo,Spare Part Mobil
jual shaft as rack steer papan gilasan toyota avanza,Spare Part Mobil
jual kit karburator toyota hardtop lapak central part,Spare Part Mobil
jual metal set duduk jalan kia timor sohc dohc,Spare Part Mobil
jual baut pen pin caliper kaliper cakram vios th,Spare Part Mobil
jual produk sejenis cover tangki calya hitam model sum rayon,Aksesoris Eksterior
jual chain transfer rantai transfer triton lapak citra,Spare Part Mobil
jual bearing kopling drag lahar innova bensin kijang bensin,Spare Part Mobil
jual kabel audio soket pnp head unit android pin mitsubishi,Aksesoris Interior
jual kaki dudukan pangkon spion agia ayla original lapak,Spare Part Mobil
jual stang seher daihatsu zebra espass asli lapak,Spare Part Mobil
jual produk sejenis cover tangki calya hitam model sum rayon,Aksesoris Eksterior
jual baut pen pin caliper kaliper cakram vios th,Spare Part Mobil
jual tutup ban serep rush terios tutup baut ban serep rush terios,Aksesoris Eksterior
jual produk sejenis stabil stabilizer toyota hilux vigo,Spare Part Mobil
jual metal set duduk jalan kia timor sohc dohc,Spare Part Mobil
jual stoplamp lampu suzuki x-over xover kiri original,Spare Part Mobil
jual produk auto drain had termurah terlengkap mei,Spare Part Mobil
jual ball joint ertiga lapak gld store bukalapak,Spare Part Mobil
jual produk sejenis stabil stabilizer toyota hilux vigo,Spare Part Mobil
jual baut pen pin caliper kaliper cakram vios th,Spare Part Mobil
jual metal set duduk jalan kia timor sohc dohc,Spare Part Mobil
jual stoplamp lampu suzuki x-over xover kiri original,Spare Part Mobil
jual produk traktor mesin bajak sawah mini termurah,Lainnya
jual produk bajak sawah traktor mini termurah terlengkap,Lainnya
jual produk mesin mini tiller traktor termurah terlengkap april,Lainnya
jual produk sawah traktor mini mesin traktor termurah,Lainnya
jual selah gearbox plastik lapak,Spare Part Mobil
jual stoplamp lampu suzuki x-over xover kiri original,Spare Part Mobil
jual supitan suwing arm suzuki thunder original lapak,Lainnya
jual bosh bos bonggol dudukan holder rumah gigi suri kick stater,Spare Part Mobil
jual ball joint ertiga lapak gld store bukalapak,Spare Part Mobil
jual baut pen pin caliper kaliper cakram vios th,Spare Part Mobil
jual produk sejenis bodykit plastik mobil mitsubishi xpander oem,Spare Part Mobil
jual produk pylox putih susu mutiara termurah terlengkap,Aksesoris Eksterior
jual chain transfer rantai transfer triton lapak citra,Spare Part Mobil
jual produk sejenis stabil stabilizer toyota hilux vigo,Spare Part Mobil
jual produk sejenis cover tangki calya hitam model sum rayon,Aksesoris Eksterior
jual stang seher daihatsu zebra espass asli lapak,Spare Part Mobil
jual tutup ban serep rush terios tutup baut ban serep rush terios,Aksesoris Eksterior
jual racing coil ultraspeed usr blue koil ultra biru lapak,Spare Part Mobil
jual produk radiator bekas mitsubishi eterna termurah,Spare Part Mobil
jual produk sejenis bodykit plastik mobil mitsubishi xpander oem,Spare Part Mobil
jual kabel audio soket pnp head unit android pin mitsubishi,Aksesoris Interior
jual produk mitsubishi insert aomt termurah,Spare Part Mobil
jual chain transfer rantai transfer triton lapak citra,Spare Part Mobil
jual stoplamp lampu suzuki x-over xover kiri original,Spare Part Mobil
jual produk pintu kulkas toshiba glacio termurah terlengkap,Lainnya
jual baut pen pin caliper kaliper cakram vios th,Spare Part Mobil
jual nepel rem nepel rem cabang fuso ganjo,Spare Part Mobil
jual chain transfer rantai transfer triton lapak citra,Spare Part Mobil
jual baut pen pin caliper kaliper cakram vios th,Spare Part Mobil
jual metal set duduk jalan kia timor sohc dohc,Spare Part Mobil
jual produk sejenis stabil stabilizer toyota hilux vigo,Spare Part Mobil
jual baut pen pin caliper kaliper cakram vios th,Spare Part Mobil
jual paket tanduk towing cobra toyota veloz jakarta,Aksesoris Eksterior
jual karet tutup teromol oval toyota hd ht,Spare Part Mobil
jual tabung tangki air radiator pengganti corolla,Spare Part Mobil
jual selang buntu toyota kijang krista inova,Spare Part Mobil
jual headermanifold mobil racing toyota-avanza tipe,Spare Part Mobil
jual bemper toyota raize set bodykit kota bekasi,Spare Part Mobil
jual mika lampu innova terlengkap harga murah april,Spare Part Mobil
jual bracket filter oli innova reborn fortuner vrz hilux revo diesel,Spare Part Mobil
jual kaca spion hitam mercedes-benz mercy truk truck,Spare Part Mobil
jual ban fortuner vrz terlengkap harga murah maret cicil,Spare Part Mobil
jual sensor filter udara inova bensin seri jakarta utara ody,Spare Part Mobil
jual regulator kaca manual vios gen gen copotan kota depok,Spare Part Mobil
jual kaca spion hitam mercedes-benz mercy truk truck,Spare Part Mobil
jual tutup radiator futura kab bandung kattyjetshop,Spare Part Mobil
jual tanduk pengaman bemper mobil evo stenlis suzuki,Aksesoris Eksterior
jual stiker mobil talang air nissan sepaket isi stiker kab,Aksesoris Eksterior
jual selang buntu toyota kijang krista inova,Spare Part Mobil
jual paket tanduk towing cobra toyota veloz jakarta,Aksesoris Eksterior
jual tutup radiator panther kab bandung kattyjetshop,Spare Part Mobil
jual karet tutup teromol oval toyota hd ht,Spare Part Mobil
jual kap carbon brio model shift pesanan khusus medan,Spare Part Mobil
jual handle handel gagang pintu honda crv cr-v gen,Spare Part Mobil
jual sensor abs honda crv kirin up kab,Spare Part Mobil
jual tutup radiator futura kab bandung kattyjetshop,Spare Part Mobil
jual paket open filter open udara angin jimny katana racing,Spare Part Mobil
jual tutup radiator panther kab bandung kattyjetshop,Spare Part Mobil
jual kaca spion hitam mercedes-benz mercy truk truck,Spare Part Mobil
jual sarung jok mobil truk terlengkap harga murah mei,Aksesoris Interior
jual karpet mobil suzuki premium hitam fullset,Aksesoris Interior
jual karpet mobil suzuki premium hitam fullset,Aksesoris Interior
jual kain jok mobil bludru fabric cocok twincam gt kab,Aksesoris Interior
jual plastik beras rojolele kota tasikmalaya raya jaya,Lainnya
jual pelek terbaru hsr ring helo pondok jati,Spare Part Mobil
jual kaca spion hitam mercedes-benz mercy truk truck,Spare Part Mobil
jual motor eco starstop jakarta pusat,Spare Part Mobil
jual mobil aki anak mini chooper pmb bekas kab bogor,Lainnya
jual diecast miniauto mobil porsche turbo skala,Lainnya
jual kain jok mobil bludru fabric cocok twincam gt kab,Aksesoris Interior
jual jaket pria best seller jaket simple kain jn premium terbaru,Lainnya
jual stiker mobil talang air nissan sepaket isi stiker kab,Aksesoris Eksterior
jual stik es krim kayu stick ice kota surabaya toko kenstore,Lainnya
promo kertas minyak warna merah putih biru hijau kuning orange,Lainnya
jual pelek terbaru hsr ring helo pondok jati,Spare Part Mobil
jual tanktop crop rajut wanita tank top korean knit tengtop,Lainnya
jual tali kipas fan belt v-belt carry long,Spare Part Mobil
jual karpet mobil suzuki premium hitam fullset,Aksesoris Interior
jual lampu stop apv arena asli sgp kanan jakarta pusat,Spare Part Mobil
jual tutup radiator futura kab bandung kattyjetshop,Spare Part Mobil
jual sarung jok mobil truk terlengkap harga murah mei,Aksesoris Interior
jual kampas rem brake pad innova reborn,Spare Part Mobil
jual headermanifold mobil racing toyota-avanza tipe,Spare Part Mobil
jual stiker mobil talang air nissan sepaket isi stiker kab,Aksesoris Eksterior
jual paket tanduk towing cobra toyota veloz jakarta,Aksesoris Eksterior
jual sensor filter udara inova bensin seri jakarta utara ody,Spare Part Mobil
jual tutup radiator panther kab bandung kattyjetshop,Spare Part Mobil
jual carbon print terlengkap daftar harga april cicilan,Lainnya
jual karpet lumpur roda colt mitsubishi ss kota,Aksesoris Eksterior
jual kunci kontak mitsubishi diesel bergaransi,Spare Part Mobil
jual piston seher nissan jakarta pusat sumber,Spare Part Mobil
jual karet tutup teromol oval toyota hd ht,Spare Part Mobil
jual sarung jok mobil truk terlengkap harga murah mei,Aksesoris Interior
jual karpet mobil suzuki premium hitam fullset,Aksesoris Interior
jual kaca spion proton savvy kanan kab deli serdang total,Spare Part Mobil
jual kap carbon brio model shift pesanan khusus medan,Spare Part Mobil
jual kap carbon brio model shift pesanan khusus medan,Spare Part Mobil
jual plat setelan rem diesel kiri jakarta utara,Spare Part Mobil
jual selang buntu toyota kijang krista inova,Spare Part Mobil
jual kaos kerah pria polo shirt lengan otomotif mobil,Lainnya
jual kabel rem tangan kijang super ori kota,Spare Part Mobil
jual kaca spion proton savvy kanan kab deli serdang total,Spare Part Mobil
jual sarung jok paten wuling air ev plus armrest bahan vision,Aksesoris Interior
jual kap carbon brio model shift pesanan khusus medan,Spare Part Mobil
jual kaca spion proton savvy kanan kab deli serdang total,Spare Part Mobil
jual kabel rem tangan kijang super ori kota,Spare Part Mobil
jual sarung jok paten wuling air ev plus armrest bahan vision,Aksesoris Interior
jual tali kipas fan belt v-belt carry long,Spare Part Mobil
jual lampu plafon mobil universal kota bekasi refan accesories,Spare Part Mobil
jual kaca spion proton savvy kanan kab deli serdang total,Spare Part Mobil
jual diecast miniauto mobil porsche turbo skala,Lainnya
jual tanduk pengaman bemper mobil evo stenlis suzuki,Aksesoris Eksterior
jual sarung jok mobil rush terios full set putih kota,Aksesoris Interior
jual diecast miniauto mobil porsche turbo skala,Lainnya
jual lampu toyota wish terbaru harga,Spare Part Mobil
jual kampas kopling asli fortuner terbaru harga,Spare Part Mobil
jual ic regulator dinamo cas kuda diesel seller,Spare Part Mobil
jual spion tomok cnc jumbo variasi motor vario,Lainnya
jual paket ganti oli nissan march terbaru harga termurah,Oli dan Penghemat BBM
shell helix harga terbaru mei blibli,Oli dan Penghemat BBM
jual filter bensin daihatsu taruna karburator terbaru,Spare Part Mobil
jual ic regulator dinamo cas kuda diesel seller,Spare Part Mobil
jual paket ganti oli nissan march terbaru harga termurah,Oli dan Penghemat BBM
promo ban mobil jazz brio ring ukuran merk,Spare Part Mobil
promo soket lampu transmisi matik lampu indikator matic honda,Spare Part Mobil
jual ic regulator dinamo cas kuda diesel seller,Spare Part Mobil
promo monitor riser stand monitor dudukan monitor kayu diskon,Lainnya
jual kampas kopling asli fortuner terbaru harga,Spare Part Mobil
jual spion tomok cnc jumbo variasi motor vario,Lainnya
jual paket ganti oli nissan march terbaru harga termurah,Oli dan Penghemat BBM
jual lampu toyota wish terbaru harga,Spare Part Mobil
jual knalpot wrc inlet terbaru harga termurah,Lainnya
jual kampas rem beat knz terbaru harga,Lainnya
jual lampu toyota wish terbaru harga,Spare Part Mobil
jual water pump coba terbaru harga termurah,Lainnya
jual adv cbs terbaru harga termurah blibli,Kendaraan
jual filter bensin daihatsu taruna karburator terbaru,Spare Part Mobil
jual ecstar oil terbaru harga termurah,Oli dan Penghemat BBM
jual reflektor lampu motor terbaru harga,Spare Part Mobil
jual knalpot wrc inlet terbaru harga termurah,Lainnya
jual seal shock terbaru harga termurah,Spare Part Mobil
jual bearing pulley cvt matic terbaru harga termurah,Spare Part Mobil
jual motor kawasaki tracker supermoto terbaru harga,Kendaraan
promo ban mobil jazz brio ring ukuran merk,Spare Part Mobil
jual ban ambulance original harga termurah mei blibli,Spare Part Mobil
baju couple natal original harga terbaru mei blibli,Lainnya
jual msi modern original murah harga diskon mei,Lainnya
jual promo koper bajukoper carry cartkoper kain polo cavallo,Lainnya
jual ic regulator dinamo cas kuda diesel seller,Spare Part Mobil
jual terios offroad ring terbaru harga termurah,Spare Part Mobil
promo mega bloks abc musical train mainan motorik anak,Lainnya
jual sepatu virtus model terbaru harga promo april blibli,Lainnya
jual ic regulator dinamo cas kuda diesel seller,Spare Part Mobil
promo ban mobil jazz brio ring ukuran merk,Spare Part Mobil
jual terios offroad ring terbaru harga termurah,Spare Part Mobil
jual kampas kopling asli fortuner terbaru harga,Spare Part Mobil
jual spion tomok cnc jumbo variasi motor vario,Lainnya
jual paket ganti oli nissan march terbaru harga termurah,Oli dan Penghemat BBM
jual kampas rem beat knz terbaru harga,Lainnya
jual lampu toyota wish terbaru harga,Spare Part Mobil
jual water pump coba terbaru harga termurah,Lainnya
jual adv cbs terbaru harga termurah blibli,Kendaraan
jual ecstar oil terbaru harga termurah,Oli dan Penghemat BBM
jual filter bensin daihatsu taruna karburator terbaru,Spare Part Mobil
jual reflektor lampu motor terbaru harga,Lainnya
jual knalpot wrc inlet terbaru harga termurah,Lainnya
jual ban mobil michelin xcd terbaru harga termurah,Spare Part Mobil
jual shock ninja serpico terbaru harga termurah,Lainnya
jual seal shock terbaru harga termurah,Spare Part Mobil
jual corsa platinum ring terbaru harga,Spare Part Mobil
jual lampu plafon toyota avanza xenia rush terios yaris vios,Spare Part Mobil
jual rantai timing timing set toyota vios yaris,Spare Part Mobil
jual casing blower ac mobil unit box evaporator,Spare Part Mobil
jual pipa header knalpot mobil hider toyota kijang super,Spare Part Mobil
jual produk tromol toyota termurah terlengkap mei,Spare Part Mobil
jual kabel kopling suzuki futura injection lapak mitra jaya,Spare Part Mobil
jual baut karter-baut pembuangan oli mesin avanza-xenia-veloz,Spare Part Mobil
jual baut pen pin caliper kaliper cakram vios th,Spare Part Mobil
jual stang seher daihatsu zebra espass asli lapak,Spare Part Mobil
jual chain transfer rantai transfer triton lapak citra,Spare Part Mobil
jual jual galon oli transmisi gardan pertamina rored epa sae,Oli dan Penghemat BBM
jual bearing kopling drag lahar innova bensin kijang bensin,Spare Part Mobil
jual holder alternator holder brush alternator,Spare Part Mobil
jual kaki dudukan pangkon spion agia ayla original lapak,Spare Part Mobil
jual stang seher daihatsu zebra espass asli lapak,Spare Part Mobil
jual produk tromol toyota termurah terlengkap mei,Spare Part Mobil
jual baut pen pin caliper kaliper cakram vios th,Spare Part Mobil
jual casing blower ac mobil unit box evaporator,Spare Part Mobil
jual jual galon oli transmisi gardan pertamina rored epa sae,Oli dan Penghemat BBM
jual sarung jok mobil brio bahan mbtech camaro kualitas terjamin,Aksesoris Interior
jual produk cover spion mobilio kiri termurah terlengkap mei,Spare Part Mobil
jual lampu plafon toyota avanza xenia rush terios yaris vios,Spare Part Mobil
jual produk shockbreaker shock breaker mobil termurah,Spare Part Mobil
jual casing blower ac mobil unit box evaporator,Spare Part Mobil
jual baut pen pin caliper kaliper cakram vios th,Spare Part Mobil
jual produk shockbreaker shock breaker mobil termurah,Spare Part Mobil
jual box bok bagasi jok aki acu accu original ori,Spare Part Mobil
jual produk import sepatu ringan sepatu termurah,Lainnya
jual holder alternator holder brush alternator,Spare Part Mobil
jual kabel kopling suzuki futura injection lapak mitra jaya,Spare Part Mobil
jual baut pen pin caliper kaliper cakram vios th,Spare Part Mobil
jual casing blower ac mobil unit box evaporator,Spare Part Mobil
jual produk talang air terrano termurah terlengkap mei,Spare Part Mobil
jual sarung jok mobil brio bahan mbtech camaro kualitas terjamin,Aksesoris Interior
jual bospom panther lapak rafan motor bukalapak,Spare Part Mobil
jual lampu plafon toyota avanza xenia rush terios yaris vios,Spare Part Mobil
jual chain transfer rantai transfer triton lapak citra,Spare Part Mobil
jual stang seher daihatsu zebra espass asli lapak,Spare Part Mobil
jual chain transfer rantai transfer triton lapak citra,Spare Part Mobil
jual produk shockbreaker shock breaker mobil termurah,Spare Part Mobil
jual bospom panther lapak rafan motor bukalapak,Spare Part Mobil
jual jual galon oli transmisi gardan pertamina rored epa sae,Oli dan Penghemat BBM
jual baut pen pin caliper kaliper cakram vios th,Spare Part Mobil
jual produk tromol toyota termurah terlengkap mei,Spare Part Mobil
jual chain transfer rantai transfer triton lapak citra,Spare Part Mobil
jual baut pen pin caliper kaliper cakram vios th,Spare Part Mobil
jual sarung jok mobil brio bahan mbtech camaro kualitas terjamin,Aksesoris Interior
jual produk shockbreaker shock breaker mobil termurah,Spare Part Mobil
jual baut pen pin caliper kaliper cakram vios th,Spare Part Mobil
jual pelumas oli mesin mobil resmi wuling cortez,Oli dan Penghemat BBM
jual tutup tabung air cadangan radiator toyota daihatsu rocky raize,Spare Part Mobil
jual baut oli gardan toyota,Spare Part Mobil
jual logo emblem toyota raize original jakarta utara mr,Aksesoris Eksterior
jual sekring tancap toyota innova original universal kota,Spare Part Mobil
jual headlamp lampu mobil toyota sienta v-g,Spare Part Mobil
jual oli mesin toyota bensin tmo sn original,Oli dan Penghemat BBM
jual garpu dinamo stater toyota vios kijang kota tangerang,Spare Part Mobil
jual handle hendel pintu kiri toyota hilux revo ori,Spare Part Mobil
jual handle hendel pintu kiri kanan toyota hilux,Spare Part Mobil
jual handle hendel pintu kiri kanan toyota innova,Spare Part Mobil
jual handle hendel pintu kanan sopir toyota hilux,Spare Part Mobil
jual baut roda mur racing toyota innova original,Spare Part Mobil
jual bull head isuzu panther kota bekasi samudra jaya part,Aksesoris Eksterior
jual packing set paking full set kijang kapsul japan quality,Spare Part Mobil
toko billy glass kaca mobil makassar online produk lengkap,Lainnya
jual handle hendel pintu kiri lh innova reborn,Spare Part Mobil
jual plat setelan rem kijang kanan kiri,Spare Part Mobil
jual gantungan ban serep kijang kapsul kota bandar,Aksesoris Eksterior
jual mainan mobil diecast xlg alphard bagus lx putih,Lainnya
jual ban fortuner vrz terlengkap harga murah mei cicil,Spare Part Mobil
jual piston caliper piston rem cakram daihatsu,Spare Part Mobil
jual headlamp lampu mobil toyota sienta v-g,Spare Part Mobil
jual peredam kedap suara pintu mobil avanza xenia vvt karet,Aksesoris Interior
toko billy glass kaca mobil makassar online produk lengkap,Lainnya
jual mika tutup lampu sen sein spion calya sigra kiri,Spare Part Mobil
jual bearing ac nsk jakarta utara samudera,Spare Part Mobil
jual baut oli gardan toyota,Spare Part Mobil
jual handle hendel pintu kiri toyota hilux revo ori,Spare Part Mobil
jual headrest jok honda brio rs sandaran kepala jok mobil,Spare Part Mobil
jual oli mesin toyota bensin tmo sn original,Oli dan Penghemat BBM
jual sekring tancap toyota innova original universal kota,Spare Part Mobil
jual original kaca pintu kijang kapsul kiri,Spare Part Mobil
jual jok carry terlengkap harga murah april cicil,Spare Part Mobil
jual kaca spion jazz ge spion honda jazz kiri lh kab bekasi,Spare Part Mobil
jual baut roda honda jazz crv hrv mobilio asli japan,Spare Part Mobil
jual headrest jok honda brio rs sandaran kepala jok mobil,Spare Part Mobil
jual premium karpet mobil mangkok honda brio baris,Aksesoris Interior
jual motor washer pump pompa semprotan air,Lainnya
jual bumper bemper honda freed original jakarta utara,Spare Part Mobil
jual coilover mines lancer coba evo kota,Spare Part Mobil
jual garpu dinamo stater toyota vios kijang kota tangerang,Spare Part Mobil
jual clutch disc kampas prodo kopling kijang kapsul bensin,Spare Part Mobil
toko billy glass kaca mobil makassar online produk lengkap,Lainnya
jual karpet cabin isuzu traga karet premium kota,Aksesoris Interior
jual erpopule tutup lubang bumper kisi kisi,Spare Part Mobil
jual cover casing blower ac avanza xenia,Spare Part Mobil
jual selang oli power steering canter turbo fe,Spare Part Mobil
jual kaca spion jazz ge spion honda jazz kiri lh kab bekasi,Spare Part Mobil
jual karpet cabin isuzu traga karet premium kota,Aksesoris Interior
jual handle hendel pintu kanan sopir toyota hilux,Spare Part Mobil
jual handle hendel pintu kiri lh innova reborn,Spare Part Mobil
jual original kaca pintu kijang kapsul kiri,Spare Part Mobil
jual handle hendel pintu kiri kanan toyota hilux,Spare Part Mobil
jual cookware set panci set warna pcs sqrs high quality anti,Lainnya
jual sekring tancap toyota innova original universal kota,Spare Part Mobil
jual bearing ac nsk jakarta utara samudera,Spare Part Mobil
jual original kaca pintu kijang kapsul kiri,Spare Part Mobil
jual handle hendel pintu kanan sopir toyota hilux,Spare Part Mobil
jual baut roda mur racing toyota innova original,Spare Part Mobil
jual talang air bagasi mercedes benz ori jakarta pusat,Spare Part Mobil
jual filter separator,Spare Part Mobil
jual sekring tancap toyota innova original universal kota,Spare Part Mobil
jual boneka baby bjd hush puppies kota surabaya,Lainnya
jual dop roda velg tutup as roda mobilio brio jazz city,Spare Part Mobil
jual map kertasmap bufallomap biola kota,Lainnya
jual baut roda mur racing toyota innova original,Spare Part Mobil
jual jok carry terlengkap harga murah april cicil,Spare Part Mobil
jual headrest jok honda brio rs sandaran kepala jok mobil,Spare Part Mobil
jual bodykit suzuki apv arena aksesoris eksterior mobil bahan,Spare Part Mobil
jual bumper bemper honda freed original jakarta utara,Spare Part Mobil
jual logo emblem toyota raize original jakarta utara mr,Aksesoris Eksterior
jual baut roda mur racing toyota innova original,Spare Part Mobil
jual mika tutup lampu sen sein spion calya sigra kiri,Spare Part Mobil
jual handle hendel pintu kiri kanan toyota hilux,Spare Part Mobil
jual handle hendel pintu kiri lh innova reborn,Spare Part Mobil
jual lens pouch terbaru harga murah mei cicil,Lainnya
jual mika stop mitsubishi canter kota bandung,Spare Part Mobil
jual coilover mines lancer coba evo kota,Spare Part Mobil
jual piston caliper piston rem cakram daihatsu,Spare Part Mobil
jual kabel busi karburator ori jakarta pusat,Spare Part Mobil
jual selang oli power steering canter turbo fe,Spare Part Mobil
jual sekring tancap toyota innova original universal kota,Spare Part Mobil
jual karpet cabin isuzu traga karet premium kota,Aksesoris Interior
jual headlamp lampu mobil toyota sienta v-g,Spare Part Mobil
jual sarung jok paten wuling air ev plus armrest bahan vision,Aksesoris Interior
jual baut roda honda jazz crv hrv mobilio asli japan,Spare Part Mobil
jual original kaca pintu kijang kapsul kiri,Spare Part Mobil
jual sarung jok paten wuling air ev plus armrest bahan vision,Aksesoris Interior
jual peredam kedap suara pintu mobil avanza xenia vvt karet,Aksesoris Interior
jual gearbox girbox transmisi perseneleng persneling manual,Spare Part Mobil
jual garpu dinamo stater toyota vios kijang kota tangerang,Spare Part Mobil
jual antena radio kijang terbaru harga termurah,Spare Part Mobil
jual harga ban mobil malang terbaru harga termurah,Spare Part Mobil
jual harga ban mobil malang terbaru harga termurah,Spare Part Mobil
jual lampu rem lancer terbaru harga termurah,Spare Part Mobil
jual seal master rem hyundai avega terbaru harga,Spare Part Mobil
jual mud guard xpander cross original terbaru harga,Aksesoris Eksterior
jual seal master rem hyundai avega terbaru harga,Spare Part Mobil
makanan hewan murah harga mei blibli,Lainnya
toko surya gemilang teknik online original harga terbaik blibli,Lainnya
jual sensor map suzuki carry terbaru harga termurah,Spare Part Mobil
jual shockbreaker beat karbu terbaru harga,Lainnya
jual mud guard xpander cross original terbaru harga,Aksesoris Eksterior
jual harga ban mobil malang terbaru harga termurah,Spare Part Mobil
jual sensor map suzuki carry terbaru harga termurah,Spare Part Mobil
jual antena radio kijang terbaru harga termurah,Spare Part Mobil
jual lampu rem lancer terbaru harga termurah,Spare Part Mobil
jual lapak kuda original murah harga diskon april blibli.com,Lainnya
jual mud guard xpander cross original terbaru harga,Aksesoris Eksterior
jual mazda cx sport mobil angsuran ringan dp,Kendaraan
jual sensor map suzuki carry terbaru harga termurah,Spare Part Mobil
jual seal master rem hyundai avega terbaru harga,Spare Part Mobil
jual shockbreaker beat karbu terbaru harga,Lainnya
jual bosh arm yamaha mio terbaru harga termurah,Lainnya
jual mud guard xpander cross original terbaru harga,Aksesoris Eksterior
jual lampu plafon toyota avanza xenia rush terios yaris vios,Spare Part Mobil
jual rumah kampas teplong matic toyota alphard camry,Spare Part Mobil
jual rantai timing timing set toyota vios yaris,Spare Part Mobil
jual rpm kijang kapsul spedometer toyota original second,Spare Part Mobil
jual pipa header knalpot mobil hider toyota kijang super,Spare Part Mobil
jual produk kaos mobil toyota hiace termurah terlengkap,Lainnya
jual absorber sobleker calya sigra,Spare Part Mobil
jual produk trim doortrim mobil termurah terlengkap mei,Spare Part Mobil
jual brake linning front kain kampas kanvas rem fuso figther,Spare Part Mobil
jual produk buku kamasutra jawa ori in termurah terlengkap,Lainnya
jual produk gasentra terviral runtah termurah,Lainnya
jual jual galon oli transmisi gardan pertamina rored epa sae,Oli dan Penghemat BBM
jual absorber sobleker calya sigra,Spare Part Mobil
jual brake linning front kain kampas kanvas rem fuso figther,Spare Part Mobil
jual produk trim doortrim mobil termurah terlengkap mei,Spare Part Mobil
jual rumah kampas teplong matic toyota alphard camry,Spare Part Mobil
jual jual galon oli transmisi gardan pertamina rored epa sae,Oli dan Penghemat BBM
jual tutup tangki bensin honda odyssey accord cielo maestro,Spare Part Mobil
jual lampu plafon toyota avanza xenia rush terios yaris vios,Spare Part Mobil
jual rumah kampas teplong matic toyota alphard camry,Spare Part Mobil
jual absorber sobleker calya sigra,Spare Part Mobil
jual produk ban radial termurah terlengkap mei,Spare Part Mobil
jual spion jeep lapak istana motor,Spare Part Mobil
jual brake linning front kain kampas kanvas rem fuso figther,Spare Part Mobil
jual produk roof console kokpit mobil termurah terlengkap,Spare Part Mobil
jual tapered bearing koyo lapak perkasa,Spare Part Mobil
jual velg mobil ring hsr tokyo tendo pcd,Spare Part Mobil
jual produk roof console kokpit termurah terlengkap,Spare Part Mobil
jual produk kemeja hawaiian shirt termurah terlengkap mei,Lainnya
jual brake linning front kain kampas kanvas rem fuso figther,Spare Part Mobil
jual rumah kampas teplong matic toyota alphard camry,Spare Part Mobil
jual produk trim doortrim mobil termurah terlengkap mei,Spare Part Mobil
jual pemantik kompor gas korek api kompor korek api lighter,Lainnya
jual produk bushing arm ertiga termurah,Spare Part Mobil
jual kabel kopling suzuki futura injection lapak mitra jaya,Spare Part Mobil
jual brake linning front kain kampas kanvas rem fuso figther,Spare Part Mobil
jual tapered bearing koyo lapak perkasa,Spare Part Mobil
jual baut pen pin caliper polos pen baut kaliper,Spare Part Mobil
jual bospom panther lapak rafan motor bukalapak,Spare Part Mobil
jual spion jeep lapak istana motor,Spare Part Mobil
jual lampu plafon toyota avanza xenia rush terios yaris vios,Spare Part Mobil
jual produk soket lampu soket termurah terlengkap mei,Spare Part Mobil
jual produk soket lampu soket termurah terlengkap,Spare Part Mobil
jual absorber sobleker calya sigra,Spare Part Mobil
jual produk wadah makan stainless termurah terlengkap mei,Lainnya
jual baut pen pin caliper polos pen baut kaliper,Spare Part Mobil
jual sayap kiri diesel lower arm diesel,Spare Part Mobil
jual bospom panther lapak rafan motor bukalapak,Spare Part Mobil
jual produk soket lampu soket termurah terlengkap mei,Spare Part Mobil
jual velg mobil ring hsr tokyo tendo pcd,Spare Part Mobil
jual produk soket lampu soket termurah terlengkap,Spare Part Mobil
jual brake linning front kain kampas kanvas rem fuso figther,Spare Part Mobil
jual produk trim doortrim mobil termurah terlengkap mei,Spare Part Mobil
jual jual galon oli transmisi gardan pertamina rored epa sae,Oli dan Penghemat BBM
jual absorber sobleker calya sigra,Spare Part Mobil
jual produk kipas termurah terlengkap mei,Spare Part Mobil
jual baut pen pin caliper polos pen baut kaliper,Spare Part Mobil
jual kisi kisi ac toyota hiace commuter kota surabaya jap,Spare Part Mobil
jual knalpot toyota kijang super kab deli serdang,Spare Part Mobil
jual soket delco distributor toyota kijang efi kab,Spare Part Mobil
jual kabel gas toyota hiace bensin kota palembang ksi,Spare Part Mobil
jual ram bemper toyota fortuner legender original kota,Spare Part Mobil
jual velg mobil kijang terlengkap harga murah mei cicil,Spare Part Mobil
toko billy glass kaca mobil makassar online produk lengkap,Lainnya
jual sill plate sill plate avanza lebar,Aksesoris Eksterior
jual sillplate samping led daihatsu xenia jakarta pusat,Aksesoris Eksterior
jual kabel gas toyota hiace bensin kota palembang ksi,Spare Part Mobil
toko billy glass kaca mobil makassar online produk lengkap,Lainnya
jual karet pelipit list kaca wheater strip feroza ferosa,Spare Part Mobil
jual garnish gril gill cover tutup ring lampu zebra zebra,Aksesoris Eksterior
jual knalpot toyota kijang super kab deli serdang,Spare Part Mobil
jual set top box tv digital dvb venus brio youtube,Lainnya
jual soket delco distributor toyota kijang efi kab,Spare Part Mobil
toko billy glass kaca mobil makassar online produk lengkap,Lainnya
jual knalpot avanza veloz xenia suara bass kering tinggal pasang,Spare Part Mobil
jual kabel gas toyota hiace bensin kota palembang ksi,Spare Part Mobil
jual velg mobil bekas rays ring lebar avanza,Spare Part Mobil
jual sillplate samping led daihatsu xenia jakarta pusat,Aksesoris Eksterior
jual velg mobil kijang terlengkap harga murah mei cicil,Spare Part Mobil
jual set top box tv digital kab lamongan andesa toko anak,Lainnya
jual karpet karet lantai hyundai creta premium type,Lainnya
jual velg mobil bekas oem hyundai creta ring ban kumho,Spare Part Mobil
jual soket delco distributor toyota kijang efi kab,Spare Part Mobil
jual sillplate samping led daihatsu xenia jakarta pusat,Aksesoris Eksterior
jual iklan mobil mercedes-benz blue kota malang kertas abc,Lainnya
jual velg mobil bekas oem hyundai creta ring ban kumho,Spare Part Mobil
jual panci set halco kota palembang coffee bali tokopedia,Lainnya
jual baskom kotak plastik bak segi plastik bak segi,Lainnya
jual kaos kerah pria polo shirt lengan trefoil adidas,Lainnya
jual master klos mb mb kota medan,Spare Part Mobil
jual iklan mobil mercedes-benz blue kota malang kertas abc,Lainnya
jual ootd lamaran baju premium couple gamis batik remaja,Lainnya
jual filter oli dutro jakarta barat utama,Spare Part Mobil
jual lemari pakaian pintu ukuran finishing natural,Lainnya
jual stick ice cream pinus stik es krim kayu tebal halus,Lainnya
jual metal duduk suzuki vitara escudo sidekick daido japan,Spare Part Mobil
jual velg mobil bekas rays ring lebar avanza,Spare Part Mobil
jual garnish gril gill cover tutup ring lampu zebra zebra,Aksesoris Eksterior
jual knalpot toyota kijang super kab deli serdang,Spare Part Mobil
jual karet pelipit list kaca wheater strip feroza ferosa,Spare Part Mobil
jual aneka mobil truk hino terlengkap harga murah april,Kendaraan
jual velg mobil kijang terlengkap harga murah mei cicil,Spare Part Mobil
jual sill plate sill plate avanza lebar,Aksesoris Eksterior
jual wheel cylinder blok rem mitsubishi,Spare Part Mobil
jual grill model kisi mitsubishi eterna rare kota pontianak sera,Spare Part Mobil
review karet kaca weather strip umplung,Spare Part Mobil
jual kisi kisi ac toyota hiace commuter kota surabaya jap,Spare Part Mobil
jual kabel gas toyota hiace bensin kota palembang ksi,Spare Part Mobil
jual aneka mobil truk hino terlengkap harga murah april,Kendaraan
jual grill model kisi mitsubishi eterna rare kota pontianak sera,Spare Part Mobil
jual velg mobil bekas oem hyundai creta ring ban kumho,Spare Part Mobil
jual velg mobil kijang terlengkap harga murah mei cicil,Spare Part Mobil
jual velg mobil kijang terlengkap harga murah mei cicil,Spare Part Mobil
jual mesin diesel pk jiangfa kab sidoarjo toko lancar,Spare Part Mobil
jual hotwheels toyota ae sprinter original harga termurah,Lainnya
jual asbak variasi termurah harga grosir terupdate blibli,Lainnya
jual isi dinamo starter terbaru harga termurah,Spare Part Mobil
jual bemper vios gen terbaru harga termurah,Spare Part Mobil
jual baut spion xenia terbaru harga termurah,Spare Part Mobil
jual regulator power window xenia terbaru harga,Spare Part Mobil
jual baut spion xenia terbaru harga termurah,Spare Part Mobil
jual oli shell helix terbaru harga termurah,Oli dan Penghemat BBM
jual ban lt ring terbaru harga termurah blibli,Spare Part Mobil
jual socket kabel sony original murah harga diskon mei,Lainnya
jual jok xenia bahan zeus terbaru harga termurah,Spare Part Mobil
jual atap angin hrv terbaru harga termurah blibli,Spare Part Mobil
jual cover sarung stir baleno terbaru harga termurah,Aksesoris Interior
jual cover lampu cbr old terbaru harga termurah,Lainnya
jual win carnis terbaru harga termurah blibli,Lainnya
jual emblem binter merzy terbaru harga termurah,Spare Part Mobil
jual pelatuk satria fu terbaru harga termurah,Lainnya
jual selang kia visto terbaru harga termurah,Lainnya
jual shaft main stand pcx terbaru harga termurah,Lainnya
jual atap angin hrv terbaru harga termurah blibli,Spare Part Mobil
jual cover lampu cbr old terbaru harga termurah,Lainnya
jual win carnis terbaru harga termurah blibli,Lainnya
jual velg torsion terbaru harga termurah blibli,Spare Part Mobil
jual velg jf luxury flow forming terbaru harga termurah,Spare Part Mobil
jual emblem binter merzy terbaru harga termurah,Aksesoris Eksterior
jual focal terbaru harga termurah blibli,Spare Part Mobil
jual karbu terbaru harga termurah blibli,Lainnya
jual koil racing brt scorpio terbaru harga termurah,Lainnya
jual ban motor donat terbaru harga termurah,Spare Part Mobil
jual pelatuk satria fu terbaru harga termurah,Lainnya
jual sensor cmp ford fiesta terbaru harga termurah,Spare Part Mobil
jual kunci sok bintang original murah harga diskon mei,Spare Part Mobil
promo jas hujan rosida jaket celana dewasa edisi parasut,Lainnya
mercy detail harga otr promo blibli,Kendaraan
jual master rem mercy terbaru harga termurah,Spare Part Mobil
mercy detail harga otr promo blibli,Kendaraan
jual emblem binter merzy terbaru harga termurah,Aksesoris Eksterior
jual kunci sok bintang original murah harga diskon mei,Spare Part Mobil
jual ban original terbaru harga promo murah mei,Spare Part Mobil
promo jas hujan rosida jaket celana dewasa edisi parasut,Lainnya
jual cover sarung stir baleno terbaru harga termurah,Aksesoris Interior
jual speaker wagon terbaru harga termurah,Spare Part Mobil
jual jok xenia bahan zeus terbaru harga termurah,Spare Part Mobil
jual koil futura injeksi terbaru harga termurah,Spare Part Mobil
promo jas hujan rosida jaket celana dewasa edisi parasut,Lainnya
promo jas hujan rosida jaket celana dewasa edisi parasut,Lainnya
jual ban lt ring terbaru harga termurah blibli,Spare Part Mobil
jual cover spion pajero dakar terbaru harga termurah,Spare Part Mobil
jual roda gila canter terbaru harga termurah,Spare Part Mobil
jual bendix terbaru harga termurah blibli,Spare Part Mobil
jual ban original terbaru harga promo murah mei,Spare Part Mobil
jual cover sarung stir baleno terbaru harga termurah,Aksesoris Interior
jual shaft main stand pcx terbaru harga termurah,Lainnya
jual atap angin hrv terbaru harga termurah blibli,Spare Part Mobil
jual cover lampu cbr old terbaru harga termurah,Lainnya
jual velg torsion terbaru harga termurah blibli,Spare Part Mobil
jual dompet oroton terbaru harga termurah blibli,Lainnya
jual win carnis terbaru harga termurah blibli,Lainnya
jual velg jf luxury flow forming terbaru harga termurah,Spare Part Mobil
jual koil racing brt scorpio terbaru harga termurah,Lainnya
jual emblem binter merzy terbaru harga termurah,Aksesoris Eksterior
jual head kop ninja terbaru harga termurah,Lainnya
jual corong spiker twiter terbaru harga termurah,Spare Part Mobil
jual ban motor donat terbaru harga termurah,Spare Part Mobil
jual karbu terbaru harga termurah blibli,Spare Part Mobil
jual pelatuk satria fu terbaru harga termurah,Lainnya
jual sensor cmp ford fiesta terbaru harga termurah,Spare Part Mobil
jual jok xenia bahan zeus terbaru harga termurah,Spare Part Mobil
jual grill nissan serena terbaru harga termurah,Spare Part Mobil
jual body set yamaha aerox connected terbaru harga,Lainnya
jual rumah kampas teplong matic toyota alphard camry,Spare Part Mobil
jual delco cdi distributor toyota kijang dx,Spare Part Mobil
jual plug tutup kin pen kingpin pin knuckle as balak balok roda,Spare Part Mobil
jual rpm kijang kapsul spedometer toyota original second,Spare Part Mobil
jual bumper towing variasi lubang toyota innova with,Aksesoris Eksterior
jual spring kancing klip kampas rem brake shoe,Spare Part Mobil
jual support radiator bullhead palangan radiator,Spare Part Mobil
jual towing hook bulat avanza xenia agya ayla dummy,Aksesoris Eksterior
jual plug tutup kin pen kingpin pin knuckle as balak balok roda,Spare Part Mobil
jual bahan kunci motor honda vario model alarm casing only,Lainnya
jual support radiator bullhead palang radiator upper,Spare Part Mobil
jual rumah kampas teplong matic toyota alphard camry,Spare Part Mobil
jual sayap kiri diesel lower arm diesel,Spare Part Mobil
jual support radiator bullhead palangan radiator,Spare Part Mobil
jual pelumas oli asli transmisi manual mobil honda genuine,Oli dan Penghemat BBM
jual tutup tangki bensin honda odyssey accord cielo maestro,Spare Part Mobil
jual rumah kampas teplong matic toyota alphard camry,Spare Part Mobil
jual support radiator bullhead palangan radiator,Spare Part Mobil
jual spion jeep lapak istana motor,Spare Part Mobil
jual bahan kunci motor honda vario model alarm casing only,Lainnya
jual sentra patrol cefiro serena paking packing knalpot,Spare Part Mobil
jual produk lampu kabin led super termurah terlengkap mei,Spare Part Mobil
jual tapered bearing koyo lapak perkasa,Spare Part Mobil
jual produk minum burung paruh bengkok termurah,Lainnya
jual produk led super bright termurah terlengkap mei,Spare Part Mobil
jual support radiator bullhead palang radiator upper,Spare Part Mobil
jual shockbreaker kia picanto old cosmo hyundai,Spare Part Mobil
jual rumah kampas teplong matic toyota alphard camry,Spare Part Mobil
jual tabung oli power steering bmw thn,Spare Part Mobil
jual pemantik kompor gas korek api kompor korek api lighter,Lainnya
jual sayap kiri diesel lower arm diesel,Spare Part Mobil
jual tapered bearing koyo lapak perkasa,Spare Part Mobil
jual spion jeep lapak istana motor,Spare Part Mobil
jual produk pompa air serena termurah terlengkap mei,Spare Part Mobil
jual produk canter mitsubishi lampu bumper termurah,Spare Part Mobil
jual sayap kiri diesel lower arm diesel,Spare Part Mobil
jual plug tutup kin pen kingpin pin knuckle as balak balok roda,Spare Part Mobil
jual support radiator bullhead palangan radiator,Spare Part Mobil
jual donaldson fuel filter,Spare Part Mobil
jual produk pompa air serena termurah terlengkap mei,Spare Part Mobil
jual shockbreaker kia picanto old cosmo hyundai,Spare Part Mobil
jual plug tutup kin pen kingpin pin knuckle as balak balok roda,Spare Part Mobil
jual shockbreaker kia picanto old cosmo hyundai,Spare Part Mobil
jual sekring tancap toyota innova original universal kota,Spare Part Mobil
jual engsel kap mesin soluna set kiri kanan ori jakarta pusat,Spare Part Mobil
jual oli gardan toyota terlengkap harga murah mei cicil,Oli dan Penghemat BBM
jual dinamo power window toyota kijang kapsul lgx,Spare Part Mobil
jual stir setir toyota soluna mulus ori jakarta selatan kurnia,Spare Part Mobil
jual kaos kijang kaos kijang kapsul kaos toyota kijang kaos toyota,Lainnya
jual switch karburator carburator kijang grand super kotak,Spare Part Mobil
jual stiker stiker carbon mobil toyota rush gr stiker karbon bagasi,Aksesoris Eksterior
jual oli filter innova fortuner hilux bensin diesel,Spare Part Mobil
jual sensor mundur bumper wuling confero kota,Spare Part Mobil
jual stiker mobil sillplate innova zenix carbon pelindung pintu,Aksesoris Eksterior
jual tutup velg pajero terlengkap harga murah april cicil,Spare Part Mobil
jual dop roda tutup velg honda crv brv hrv hitam diameter,Spare Part Mobil
jual sensor oksigen sensor oxygen honda brio mobilio,Spare Part Mobil
jual switch karburator carburator kijang grand super kotak,Spare Part Mobil
jual sensor mundur bumper wuling confero kota,Spare Part Mobil
jual stir setir toyota soluna mulus ori jakarta selatan kurnia,Spare Part Mobil
jual dinamo power window toyota kijang kapsul lgx,Spare Part Mobil
jual engsel kap mesin soluna set kiri kanan ori jakarta pusat,Spare Part Mobil
jual talang air wuling air ev model flat jakarta barat,Spare Part Mobil
jual filter udara diesel euro original,Spare Part Mobil
jual stiker stiker carbon mobil toyota rush gr stiker karbon bagasi,Aksesoris Eksterior
jual dop roda tutup velg honda crv brv hrv hitam diameter,Spare Part Mobil
jual kaos kijang kaos kijang kapsul kaos toyota kijang kaos toyota,Lainnya
jual selang bensin nissan livina meter super tebal-ogm,Spare Part Mobil
jual kaca spion grandmax avanza xenia lampu kota,Spare Part Mobil
jual arsy led paket lampu plafon kabin led mobil honda,Aksesoris Eksterior
jual sensor oksigen sensor oxygen honda brio mobilio,Spare Part Mobil
jual arsy led paket lampu plafon kabin led mobil honda,Aksesoris Eksterior
jual sarung jok mobil brio satya rs agya ayla,Aksesoris Interior
jual dop roda tutup velg honda crv brv hrv hitam diameter,Spare Part Mobil
jual bemper honda freed bumper ori,Spare Part Mobil
jual metal drive shaft kopel cherokee crawler rc car,Spare Part Mobil
jual sarung jok mobil luxio model wajik wajik jakarta utara,Aksesoris Interior
jual kancing kisi kisi ac avanza xenia terios rush luxio asli kota,Spare Part Mobil
jual sarung jok mobil brio satyars full bahan,Aksesoris Interior
jual stiker sticker nvidia gtx rtx laptop non ori bahan vinyl,Lainnya
jual platina carry kijang kijang super kijang,Spare Part Mobil
jual selang oli power steering canter fe turbo pendek,Spare Part Mobil
jual corong tengki bensin solar bahan besi ujung pipa karet,Spare Part Mobil
jual velg mobil avanza ring hsr spider paket ban,Spare Part Mobil
jual tirai mobil terbaik harga murah april cicil,Aksesoris Interior
promo hyundai stargazer hood emblem kap mesin garnish hitam,Aksesoris Eksterior
jual dekwe mesin bobok beton rotary drill jack,Lainnya
jual inlet sub air cleaner inlet tabung filter udara,Spare Part Mobil
jual stir setir toyota soluna mulus ori jakarta selatan kurnia,Spare Part Mobil
mesin potong rumput merapikan taman maret,Lainnya
jual gantungan kunci mobil jeep bahan stainless jakarta utara,Lainnya
jual handle hendel pintu kiri kanan hilux revo asli,Spare Part Mobil
jual dop roda tutup velg honda crv brv hrv hitam diameter,Spare Part Mobil
jual tirai mobil terbaik harga murah april cicil,Aksesoris Interior
jual sensor mundur bumper wuling confero kota,Spare Part Mobil
jual filter udara diesel euro original,Spare Part Mobil
teko listrik terbaik watt mei tokopedia,Lainnya
jual bar colour cover bmw merah kota surabaya,Aksesoris Eksterior
jual headlamp bmw seri jakarta selatan shanawa motor,Spare Part Mobil
jual spion mercy oem kiri kanan haidar part bmw,Spare Part Mobil
jual dijual diecast motor bmw skala huayi model,Lainnya
jual gantungan kunci mobil jeep bahan stainless jakarta utara,Lainnya
jual handle hendel pintu kiri kanan hilux revo asli,Spare Part Mobil
jual spion mercy oem kiri kanan kota surabaya haidar part,Spare Part Mobil
griyaku kost pamulang pamulang kota tangerang selatan,Lainnya
jual headlamp bmw seri jakarta selatan shanawa motor,Spare Part Mobil
jual hella lampu tembak mining tambang,Lainnya
jual oli filter innova fortuner hilux bensin diesel,Spare Part Mobil
jual velg mobil seken ring lubang ban,Spare Part Mobil
jual kaos kijang kaos kijang kapsul kaos toyota kijang kaos toyota,Lainnya
jual tirai mobil terbaik harga murah april cicil,Aksesoris Interior
jual bufet tv minimalis top marmer putih bufet pajangan kekinian,Lainnya
jual kursi kantor jaring senderan kepala samarinda kota,Lainnya
jual lemari pakaian besi pintu geser sliding cermin laci vector,Lainnya
jual slingshot ketapel murah terbaik harga terbaru mei,Lainnya
jual sale termurah dji sam soe elite packing,Lainnya
jual cod dji sam soe magnum filter packing aman,Lainnya
jual kertas hvs gr gsm maxi brite,Lainnya
jual platina carry kijang kijang super kijang,Spare Part Mobil
jual door trim harbot pintu bak leding suzuki carry extra,Spare Part Mobil
jual gardan carry pake katana rasio kab,Spare Part Mobil
jual sarung jok mobil ambulance gran max luxio apv pasang,Aksesoris Interior
jual stiker stiker carbon mobil toyota rush gr stiker karbon bagasi,Aksesoris Eksterior
jual inlet sub air cleaner inlet tabung filter udara,Spare Part Mobil
jual karpet dasar berserat kain innova zenix hybrid kota,Aksesoris Interior
jual knalpot muffler kenalpot,Spare Part Mobil
jual dinamo power window toyota kijang kapsul lgx,Spare Part Mobil
jual kaca spion chevrolet spin original kota bekasi,Spare Part Mobil
jual tali kabel rem tangan brake cable pendek canter,Spare Part Mobil
jual handle hendel pintu kiri kanan fortuner vrz,Spare Part Mobil
jual engsel kap mesin soluna set kiri kanan ori jakarta pusat,Spare Part Mobil
jual engsel kap mesin soluna set kiri kanan ori jakarta pusat,Spare Part Mobil
jual filter udara diesel euro original,Spare Part Mobil
jual tutup velg pajero terlengkap harga murah april cicil,Spare Part Mobil
jual kaca spion hino dutro hino kanan kiri,Spare Part Mobil
jual tali kabel rem tangan brake cable pendek canter,Spare Part Mobil
jual oli filter innova fortuner hilux bensin diesel,Spare Part Mobil
jual selang bensin nissan livina meter super tebal-ogm,Spare Part Mobil
jual selang oli power steering canter fe turbo pendek,Spare Part Mobil
jual stiker stiker carbon mobil toyota rush gr stiker karbon bagasi,Aksesoris Eksterior
jual sensor oksigen sensor oxygen honda brio mobilio,Spare Part Mobil
jual tali kabel rem tangan brake cable pendek canter,Spare Part Mobil
toko sahabat tirta jaya online produk lengkap harga,Lainnya
jual handle hendel pintu kiri kanan fortuner vrz,Spare Part Mobil
jual decal set hotwheels mazda rx fd inisial jakarta selatan,Lainnya
jual bemper honda freed bumper ori,Spare Part Mobil
jual kancing kisi kisi ac avanza xenia terios rush luxio asli kota,Spare Part Mobil
jual sensor mundur bumper wuling confero kota,Spare Part Mobil
jual talang air wuling air ev model flat jakarta barat,Spare Part Mobil
jual sensor mundur bumper wuling confero kota,Spare Part Mobil
jual oli filter innova fortuner hilux bensin diesel,Spare Part Mobil
review oli transmisi manual wuling tokopedia,Oli dan Penghemat BBM
jual dop roda tutup velg honda crv brv hrv hitam diameter,Spare Part Mobil
jual talang air pintu model oem,Spare Part Mobil
jual stiker stiker carbon mobil toyota rush gr stiker karbon bagasi,Aksesoris Eksterior
jual tirai mobil terbaik harga murah april cicil,Aksesoris Interior
jual velg mobil seken ring lubang ban,Spare Part Mobil
jual fender toyota raize terbaru harga termurah,Spare Part Mobil
jual aki mobil avanza yuasa terbaik harga terbaru blibli,Spare Part Mobil
jual ball joint kijang kapsul terbaru harga,Spare Part Mobil
jual bemper terios terbaru harga termurah,Spare Part Mobil
promo paking tutup klep innova bensin seal busi innova bensin,Spare Part Mobil
jual kenalpot kijang super terbaru harga termurah,Spare Part Mobil
jual bohlam sein mobil avanza terbaru harga termurah,Spare Part Mobil
jual bemper mobil sedan terbaru harga termurah,Spare Part Mobil
jual mika lampu stop feroza terbaru harga termurah,Spare Part Mobil
jual karpet lumpur xenia sporty terbaru harga,Aksesoris Eksterior
jual aki mobil avanza yuasa terbaik harga terbaru blibli,Spare Part Mobil
promo paking tutup klep innova bensin seal busi innova bensin,Spare Part Mobil
jual harga mobil chery terbaru harga termurah,Kendaraan
alat musik medan harga terbaru mei blibli,Lainnya
jual honda brio rs mobil paket bunga ringan seller leasing,Kendaraan
jual pelindung ban honda city terbaru harga termurah,Spare Part Mobil
jual velg hsr ring evalia terbaru harga termurah,Spare Part Mobil
jual apar protera original murah harga diskon april blibli,Lainnya
jual velg mobil ring lenso pcd seller,Spare Part Mobil
jual lahar kipas angin terbaru harga termurah,Spare Part Mobil
jual bohlam sein mobil avanza terbaru harga termurah,Spare Part Mobil
jual kenalpot kijang super terbaru harga termurah,Spare Part Mobil
jual velg kaleng ertiga terbaru harga termurah,Spare Part Mobil
jual kenalpot kijang super terbaru harga termurah,Spare Part Mobil
jual bracket dudukan koil mio sporty terbaru harga,Lainnya
jual kabel bodi gto terbaru harga termurah blibli,Spare Part Mobil
jual karpet lumpur xenia sporty terbaru harga,Aksesoris Eksterior
jual tutup klep colt diesel terbaru harga termurah,Spare Part Mobil
promo paking tutup klep innova bensin seal busi innova bensin,Spare Part Mobil
jual oli filter terbaru harga termurah blibli,Spare Part Mobil
jual avr genset solar original murah harga diskon mei,Spare Part Mobil
jual mata pisau pasah kayu original murah harga diskon april,Lainnya
jual aki incoe terbaru harga termurah blibli,Spare Part Mobil
jual alloy rcb supra terbaru harga termurah,Lainnya
jual regulator escudo manual terbaru harga termurah,Spare Part Mobil
jual pelindung ban honda city terbaru harga termurah,Spare Part Mobil
jual velg kaleng ertiga terbaru harga termurah,Spare Part Mobil
jual ball joint kijang kapsul terbaru harga,Spare Part Mobil
jual tangki motor scorpio steko terbaru harga termurah,Lainnya
jual bracket dudukan koil mio sporty terbaru harga,Lainnya
jual moulding fender kijang krista terbaru harga,Aksesoris Eksterior
jual karet intake terbaru harga termurah,Lainnya
jual box motor listrik volta terbaru harga termurah,Lainnya
jual mika lampu stop feroza terbaru harga termurah,Spare Part Mobil
jual ayunan skok klx terbaru harga termurah,Lainnya
jual kabel bodi gto terbaru harga termurah blibli,Lainnya
jual karpet lumpur xenia sporty terbaru harga,Aksesoris Eksterior
jual velg hsr ring evalia terbaru harga termurah,Spare Part Mobil
jual tutup klep colt diesel terbaru harga termurah,Spare Part Mobil
jual tangki steko scorpio terbaru harga termurah,Lainnya
jual bmw sport mobil seller bmw eurokars kebon jeruk,Kendaraan
jual garasi pit original harga termurah mei blibli,Lainnya
jual body set ktm terbaru harga termurah,Lainnya
mercy amg detail harga otr blibli,Aksesoris Eksterior
jual garasi pit original harga termurah mei blibli,Lainnya
jual velg kaleng ertiga terbaru harga termurah,Spare Part Mobil
jual kaca mobil suzuki carry terbaru harga,Spare Part Mobil
promo paking tutup klep innova bensin seal busi innova bensin,Spare Part Mobil
jual accu faster basah terbaru harga termurah,Spare Part Mobil
jual aki mobil avanza yuasa terbaik harga terbaru blibli,Spare Part Mobil
jual kenalpot kijang super terbaru harga termurah,Spare Part Mobil
jual velg hsr ring evalia terbaru harga termurah,Spare Part Mobil
jual sepatu boot jepang model terbaru kekinian harga diskon,Lainnya
jual bohlam sein mobil avanza terbaru harga termurah,Spare Part Mobil
jual pistonseal set rem cakram suzuki sgp kode,Spare Part Mobil
jual nozzle pajero terbaru harga termurah blibli,Spare Part Mobil
jual mitsubishi pajero sport dakar mobil jawa timur at,Kendaraan
jual nozzle pajero terbaru harga termurah blibli,Spare Part Mobil
jual oli filter terbaru harga termurah blibli,Spare Part Mobil
jual mobil pickup terbaru harga termurah,Kendaraan
jual tutup klep colt diesel terbaru harga termurah,Spare Part Mobil
jual pipa solar ps original murah harga diskon mei,Spare Part Mobil
jual aki incoe terbaru harga termurah blibli,Spare Part Mobil
promo paking tutup klep innova bensin seal busi innova bensin,Spare Part Mobil
jual lampu mazda depo terbaru harga termurah,Spare Part Mobil
jual lahar kipas angin terbaru harga termurah,Spare Part Mobil
jual velg mobil ring lenso pcd seller,Spare Part Mobil
jual lampu led mobil kia terbaru harga termurah,Spare Part Mobil
jual bmw sport mobil seller bmw eurokars kebon jeruk,Kendaraan
jual accu faster basah terbaru harga termurah,Spare Part Mobil
jual mitsubishi pajero sport dakar mobil jawa timur at,Kendaraan
promo paking tutup klep innova bensin seal busi innova bensin,Spare Part Mobil
promo sgmw original liter pelumas oli mesin,Oli dan Penghemat BBM
jual bmw sport mobil seller bmw eurokars kebon jeruk,Kendaraan
jual mitsubishi pajero sport dakar mobil jawa timur at,Spare Part Mobil
jual alloy rcb supra terbaru harga termurah,Lainnya
jual soket piting lampu motor terbaru harga,Spare Part Mobil
jual pelindung ban honda city terbaru harga termurah,Aksesoris Eksterior
alat musik medan harga terbaru mei blibli,Lainnya
jual velg kaleng ertiga terbaru harga termurah,Spare Part Mobil
jual box motor listrik volta terbaru harga termurah,Lainnya
jual tangki motor scorpio steko terbaru harga termurah,Lainnya
jual moulding fender kijang krista terbaru harga,Aksesoris Eksterior
jual ball joint kijang kapsul terbaru harga,Spare Part Mobil
jual bracket dudukan koil mio sporty terbaru harga,Lainnya
jual karet intake terbaru harga termurah,Lainnya
jual mika lampu stop feroza terbaru harga termurah,Spare Part Mobil
jual kabel bodi gto terbaru harga termurah blibli,Lainnya
jual ayunan skok klx terbaru harga termurah,Lainnya
jual velg hsr ring evalia terbaru harga termurah,Spare Part Mobil
jual karpet lumpur xenia sporty terbaru harga,Aksesoris Eksterior
jual tutup klep colt diesel terbaru harga termurah,Spare Part Mobil
jual tangki steko scorpio terbaru harga termurah,Lainnya
jual flange pinyon pinion gardan toyota kijang,Spare Part Mobil
jual plug tutup kin pen kingpin pin knuckle as balak balok roda,Spare Part Mobil
jual mika lampu spoiler toyota innova grand,Spare Part Mobil
jual bumper towing variasi lubang toyota innova with,Aksesoris Eksterior
jual spring kancing klip kampas rem brake shoe,Spare Part Mobil
jual wiper isuzu panther touring lapak,Spare Part Mobil
jual support radiator bullhead palangan radiator,Spare Part Mobil
jual towing hook bulat avanza xenia agya ayla dummy,Aksesoris Eksterior
jual plug tutup kin pen kingpin pin knuckle as balak balok roda,Spare Part Mobil
jual bahan kunci motor honda vario model alarm casing only,Lainnya
jual produk lawas retro jadul vintage termurah terlengkap,Lainnya
jual support radiator bullhead palang radiator upper,Spare Part Mobil
jual support radiator bullhead palangan radiator,Spare Part Mobil
jual mika lampu spoiler toyota innova grand,Spare Part Mobil
jual mika lampu spoiler toyota innova grand,Spare Part Mobil
jual flange pinyon pinion gardan toyota kijang,Spare Part Mobil
jual pelumas oli asli transmisi manual mobil honda genuine,Oli dan Penghemat BBM
jual dompet stnk mobil honda brio gantungan kunci model,Lainnya
jual produk sensor map termurah terlengkap mei,Spare Part Mobil
jual mika lampu spoiler toyota innova grand,Spare Part Mobil
jual flange pinyon pinion gardan toyota kijang,Spare Part Mobil
jual support radiator bullhead palangan radiator,Spare Part Mobil
jual bahan kunci motor honda vario model alarm casing only,Lainnya
jual sentra patrol cefiro serena paking packing knalpot,Spare Part Mobil
jual wiper isuzu panther touring lapak,Spare Part Mobil
jual remote remot receiver parabola transvision,Lainnya
jual support radiator bullhead palang radiator upper,Spare Part Mobil
jual tabung oli power steering bmw thn,Spare Part Mobil
jual produk sein bmw pre facelift termurah terlengkap,Spare Part Mobil
jual produk cat akrilik sepatu kanvas termurah terlengkap,Lainnya
jual produk ketapel ketapel termurah terlengkap mei,Lainnya
jual wiper isuzu panther touring lapak,Spare Part Mobil
jual produk full sticker termurah terlengkap mei,Aksesoris Eksterior
jual produk sensor map termurah terlengkap mei,Spare Part Mobil
jual support radiator bullhead palangan radiator,Spare Part Mobil
jual dinamo cas ampere charge alternator pajero sport,Spare Part Mobil
jual produk full sticker termurah terlengkap mei,Aksesoris Eksterior
jual plug tutup kin pen kingpin pin knuckle as balak balok roda,Spare Part Mobil
jual support radiator bullhead palangan radiator,Spare Part Mobil
jual produk lahar roda kepala kambing termurah,Spare Part Mobil
jual wiper isuzu panther touring lapak,Spare Part Mobil
jual flange pinyon pinion gardan toyota kijang,Spare Part Mobil
jual mika lampu spoiler toyota innova grand,Spare Part Mobil
jual produk sensor map termurah terlengkap mei,Spare Part Mobil
jual plug tutup kin pen kingpin pin knuckle as balak balok roda,Spare Part Mobil
jual filter udara toyota limo avanza veloz sakura,Spare Part Mobil
jual water outlet toyota kijang kapsul bensin,Spare Part Mobil
jual kabel transmisi perseneling matic toyota camry,Spare Part Mobil
jual keong toyota innova ori kota,Spare Part Mobil
jual cv joint as roda kiri toyota camry japan,Spare Part Mobil
jual toyota innova zenix dompet stnk gantungan kunci leather,Spare Part Mobil
jual headlamp lampu toyota kijang grand kijang jantan kiri,Spare Part Mobil
jual spakbor fender kanan kiri avanza xenia,Spare Part Mobil
jual karet roof hardtop kota bekasi samudra,Spare Part Mobil
jual karet roof hardtop kota bekasi,Spare Part Mobil
jual karet injakan pedal kopling rem gas kijang kapsul,Spare Part Mobil
jual headrest jok innova reborn samping kiri,Spare Part Mobil
jual karet seal gromet valve pcv tutup klep kijang super grand,Spare Part Mobil
jual tutup laci meja dashbord kiri innova reborn asli,Spare Part Mobil
jual ring set piston seher fortuner hilux diesel asli ori,Spare Part Mobil
jual air filter saringan udara hawa ac carry,Spare Part Mobil
jual emblem logo mobil tulisan kijang kepala chrome kijang,Aksesoris Eksterior
jual shock breaker jamex empuk kijang kapsul grand,Spare Part Mobil
jual filter oli saringan oli oil filter innova reborn fortuner vrz,Spare Part Mobil
jual pengirit bensin terlengkap harga murah mei cicil,Oli dan Penghemat BBM
jual emblem logo mobil tulisan veloz avanza velos,Aksesoris Eksterior
jual honda accord vti vti-l peredam panas,Spare Part Mobil
jual mika lampu sen sein fender spakbor samping mobil,Spare Part Mobil
jual oli mesin daihatsu api sn synthetic liter,Oli dan Penghemat BBM
jual keong toyota innova ori kota,Spare Part Mobil
jual spakbor fender kanan kiri avanza xenia,Spare Part Mobil
jual karet pelipit list lis kaca wheater strip mobil taruna set,Spare Part Mobil
jual filter udara toyota limo avanza veloz sakura,Spare Part Mobil
jual karet roof hardtop kota bekasi,Spare Part Mobil
jual karet roof hardtop kota bekasi samudra,Spare Part Mobil
jual busi champion asli original jakarta barat perdana,Spare Part Mobil
jual selang fleksibel rem mirage kiri jakarta pusat,Spare Part Mobil
jual foglamp fog lamp lampu kabut led ayla calya xenia sigra,Spare Part Mobil
jual honda accord vti vti-l peredam panas,Spare Part Mobil
jual shock breaker jamex empuk kijang kapsul grand,Spare Part Mobil
promo mainan mobil aki anak pmb honda crv cr-v,Lainnya
jual mika lampu sen sein fender spakbor samping mobil,Spare Part Mobil
jual front brakepad kampas rem dispad blade,Spare Part Mobil
jual plat kampas kopling set dekrup matahari bearing brio mobilio,Spare Part Mobil
jual mika kaca lampu headlamp mobil brio mobilio kota,Spare Part Mobil
jual honda accord vti vti-l peredam panas,Spare Part Mobil
jual keong hrv harga sepasang kanan,Spare Part Mobil
jual toyota innova zenix dompet stnk gantungan kunci leather,Lainnya
jual toyota innova zenix dompet stnk gantungan kunci leather,Lainnya
jual velg enkei es tarmac pcd velg mobil,Spare Part Mobil
jual pentil ban mobil triton pajero sport,Spare Part Mobil
jual pengirit bensin terlengkap harga murah mei cicil,Oli dan Penghemat BBM
jual hotpromo sarung jok mobil baris mbtech carrera,Aksesoris Interior
jual kaos polo chevrolet captiva nama dada hitam,Lainnya
jual original bmw ecu dme mesin engine,Spare Part Mobil
jual mainan mobil aki can-am maverick kota administrasi jakarta,Lainnya
jual baju koko pria lengan pendek murah kota surabaya,Lainnya
jual promo baut roda mobil variasi lugnut hsr merah hitam,Aksesoris Eksterior
jual gantungan kunci motor keren mobil premium ring honda,Lainnya
jual filter oli mercedes benz jakarta,Spare Part Mobil
jual ic regulator mercy,Spare Part Mobil
jual mainan mobil aki can-am maverick kota administrasi jakarta,Lainnya
griyaku kost pamulang pamulang kota tangerang selatan,Lainnya
jual topi boboiboy ice model desain terbaru harga mei,Lainnya
jual joie pact max stroller stroller bayi anak ember kota,Lainnya
jual mainan anak pedang minecraft led pedang biru jakarta,Lainnya
jual pin pssi logo jakarta pusat calvinda don tokopedia,Lainnya
jual roster beton pagar rumah putih kota bekasi,Lainnya
jual mainan pistol dompis ring-cap rhino jadul nostalgia,Lainnya
jual kertas ncr top mc putih kota surakarta bhineka,Lainnya
jual promo baut roda mobil variasi lugnut hsr merah hitam,Aksesoris Eksterior
jual pengirit bensin terlengkap harga murah mei cicil,Oli dan Penghemat BBM
jual natural batu akik gambar motif lafadz muhammad asli alam,Lainnya
jual kaos polo chevrolet captiva nama dada hitam,Lainnya
jual switch oli vw kodok kombi varian karman safari jakarta pusat,Spare Part Mobil
jual cod rokok dji sam soe slop packing aman,Lainnya
jual honda accord vti vti-l peredam panas,Spare Part Mobil
jual air filter saringan udara hawa ac carry,Spare Part Mobil
jual sunvisor suzuki grand vitara kiri jakarta pusat suzuki freak,Spare Part Mobil
jual filter udara toyota limo avanza veloz sakura,Spare Part Mobil
jual moft laptop stand murah harga terbaru tokopedia,Lainnya
jual kabel transmisi perseneling matic toyota camry,Spare Part Mobil
jual headlamp lampu toyota kijang grand kijang jantan kiri,Spare Part Mobil
jual keong hrv harga sepasang kanan,Spare Part Mobil
jual water outlet toyota kijang kapsul bensin,Spare Part Mobil
jual cover kunci remote hrv kondom sarung silikon,Lainnya
jual tas selempang wanita bordir kotak slot tas fossil,Lainnya
jual karet pelipit list lis kaca wheater strip mobil taruna set,Spare Part Mobil
jual emblem logo mobil tulisan veloz avanza velos,Aksesoris Eksterior
jual shock breaker jamex empuk kijang kapsul grand,Spare Part Mobil
jual selang fleksibel rem mirage kiri sunandar mitsubishi,Spare Part Mobil
jual karpet mobil mitsubishi pickup kota tangerang,Aksesoris Interior
jual kisi kisi ac double blower komplit asli mitsubishi xpander,Spare Part Mobil
jual modul control unit multi gateway xpander cross facelift,Spare Part Mobil
jual pentil ban mobil triton pajero sport,Spare Part Mobil
jual ring set piston seher fortuner hilux diesel asli ori,Spare Part Mobil
jual filter udara toyota limo avanza veloz sakura,Spare Part Mobil
jual filter oli saringan oli oil filter innova reborn fortuner vrz,Spare Part Mobil
jual pengirit bensin terlengkap harga murah mei cicil,Oli dan Penghemat BBM
jual pelipit kaca pintu mazda list,Spare Part Mobil
jual cv joint as roda kiri toyota camry japan,Spare Part Mobil
jual mika kaca lampu headlamp mobil brio mobilio kota,Spare Part Mobil
jual switch oli vw kodok kombi varian karman safari jakarta pusat,Spare Part Mobil
jual jok paten kulit mobil stargazer bahan napa prime kab,Aksesoris Interior
jual pengirit bensin terlengkap harga murah mei cicil,Oli dan Penghemat BBM
jual kaos kerah pria polo shirt ralph lauren putih,Lainnya
jual cover kunci remote hrv kondom sarung silikon,Lainnya
jual lampu plafon lampu kabin interior mobil universal model,Aksesoris Interior
jual hotpromo sarung jok mobil baris mbtech carrera,Aksesoris Interior
jual shock breaker jamex empuk kijang kapsul grand,Spare Part Mobil
jual kaos polo chevrolet captiva nama dada hitam,Lainnya
jual promo baut roda mobil variasi lugnut hsr merah hitam,Aksesoris Eksterior
jual foglamp fog lamp lampu kabut led ayla calya xenia sigra,Aksesoris Eksterior
jual switch oli vw kodok kombi varian karman safari jakarta pusat,Spare Part Mobil
jual pengirit bensin terlengkap harga murah mei cicil,Oli dan Penghemat BBM
jual toyota inova terbaru terbaru harga termurah,Kendaraan
jual kampas rem depanbrake pad toyota etios valco seller,Spare Part Mobil
jual karpet karet toyota fortuner vrz terbaru harga,Aksesoris Interior
toyota medan harga otr promo mei spesifikasi review,Kendaraan
jual lampu sein kiri kijang krista terbaru harga termurah,Spare Part Mobil
jual dompet stnk avanza original harga termurah april blibli,Lainnya
jual miniatur mesin mobil original harga termurah mei,Lainnya
jual mobil innova manual terbaru harga termurah,Kendaraan
jual sarung jok avanza terbaru harga termurah,Aksesoris Interior
jual rante keteng kijang terbaru harga termurah,Spare Part Mobil
jual jasa cat mobil sigra terbaru harga termurah,Lainnya
jual kampas rem depanbrake pad toyota etios valco seller,Spare Part Mobil
jual variasi mobil taft gt terbaru harga termurah,Aksesoris Eksterior
jual mobil super terbaru harga termurah,Oli dan Penghemat BBM
toyota medan harga otr promo mei spesifikasi review,Kendaraan
toyota medan harga otr promo mei spesifikasi review,Kendaraan
xiaomi medan harga spesifikasi terbaru mei blibli,Lainnya
jual frozen food medanharga april blibli,Lainnya
kawasaki medan harga otr promo mei spesifikasi review,Lainnya
asus medan harga spesifikasi terbaru mei blibli,Lainnya
jual bagasi honda city vtec terbaru harga termurah,Spare Part Mobil
jual kampas rem depanbrake pad toyota etios valco seller,Spare Part Mobil
jual tabung air wiper crv terbaru harga termurah,Spare Part Mobil
jual velg mobil pcd terbaru harga termurah,Spare Part Mobil
jual terbaru harga termurah blibli,Spare Part Mobil
jual shell advance terbaru harga termurah,Oli dan Penghemat BBM
jual knop laci scoopy terbaru harga termurah,Lainnya
jual sarung jok avanza terbaru harga termurah,Aksesoris Interior
jual pelek elf nkr terbaru harga termurah,Spare Part Mobil
jual sensor tps carry futura terbaru harga termurah,Spare Part Mobil
jual yamaha fizr biru terbaru harga termurah,Lainnya
jual head jupiter klep terbaru harga termurah,Lainnya
jual mobil mitsubishi bekas termurah harga grosir,Kendaraan
jual shell advance terbaru harga termurah,Oli dan Penghemat BBM
jual oli mesin genset caterpillar terbaru harga,Oli dan Penghemat BBM
jual kondensor expander terbaru harga termurah,Spare Part Mobil
jual dudukan kampas ganda supra terbaru harga,Lainnya
jual sayap fu cbu terbaru harga termurah blibli,Lainnya
jual terbaru harga termurah blibli,Spare Part Mobil
jual spidometer custom rx king terbaru harga termurah,Lainnya
jual velg honda brv terbaru harga termurah,Spare Part Mobil
jual pelek elf nkr terbaru harga termurah,Spare Part Mobil
jual liner hino hd terbaru harga termurah,Spare Part Mobil
jual knop laci scoopy terbaru harga termurah,Lainnya
jual sensor tps carry futura terbaru harga termurah,Spare Part Mobil
jual kredit motor pegadaian ninja terbaru harga,Lainnya
jual gigi gardan futura terbaru harga termurah,Spare Part Mobil
jual cover mesin crv terbaru harga termurah,Spare Part Mobil
jual mika stoplamp beat karbu terbaru harga termurah,Lainnya
jual sensor tps pcx cbu ori terbaru harga termurah,Lainnya
jual stang scarlet robot terbaru harga termurah,Lainnya
jual yamaha fizr biru terbaru harga termurah,Lainnya
jual body full set vario led ori terbaru harga,Lainnya
jual skok tirev ori terbaru harga termurah,Lainnya
jual tps karbu xeon terbaru harga termurah blibli,Lainnya
jual modul abs jazz ge terbaru harga termurah,Spare Part Mobil
jual ecu mobil picanto terbaru harga termurah,Spare Part Mobil
jual head jupiter klep terbaru harga termurah,Lainnya
jual knalpot motor bmw gs terbaru harga termurah,Lainnya
jual cover bmw terbaru harga termurah,Spare Part Mobil
jual mangkuk ayam jago plastik original murah harga diskon mei,Lainnya
jual kampas rem depanbrake pad toyota etios valco seller,Spare Part Mobil
jual mobil aki anak polisi original harga termurah mei blibli,Lainnya
jual sensor tps carry futura terbaru harga termurah,Spare Part Mobil
jual velg honda brv terbaru harga termurah,Spare Part Mobil
jual noken as mobil apv terbaru harga termurah,Spare Part Mobil
jual oli ecstar suzuki terbaru harga termurah,Oli dan Penghemat BBM
jual dji mini mavic original murah harga diskon mei blibli,Lainnya
jual velg mobil pcd terbaru harga termurah,Spare Part Mobil
jual kampas rem depanbrake pad toyota etios valco seller,Spare Part Mobil
jual mobil super terbaru harga termurah,Oli dan Penghemat BBM
jual mobil mitsubishi bekas termurah harga grosir,Kendaraan
jual kondensor expander terbaru harga termurah,Spare Part Mobil
jual kampas rem depanbrake pad toyota etios valco seller,Spare Part Mobil
jual oli total rubia terbaru harga murah blibli.com,Oli dan Penghemat BBM
toyota medan harga otr promo mei spesifikasi review,Kendaraan
jual oli mesin genset caterpillar terbaru harga,Oli dan Penghemat BBM
jual oli total rubia terbaru harga murah blibli.com,Oli dan Penghemat BBM
jual honda wrv terbaru harga termurah blibli,Kendaraan
jual shell advance terbaru harga termurah,Oli dan Penghemat BBM
xiaomi medan harga spesifikasi terbaru mei blibli,Lainnya
jual frozen food medanharga april blibli,Lainnya
jual terbaru harga termurah blibli,Spare Part Mobil
jual spidometer custom rx king terbaru harga termurah,Lainnya
jual dudukan kampas ganda supra terbaru harga,Lainnya
jual liner hino hd terbaru harga termurah,Spare Part Mobil
jual sensor tps carry futura terbaru harga termurah,Spare Part Mobil
jual pelek elf nkr terbaru harga termurah,Spare Part Mobil
jual knop laci scoopy terbaru harga termurah,Lainnya
jual kondensor expander terbaru harga termurah,Spare Part Mobil
jual oli mesin panther pickup terbaru harga termurah,Oli dan Penghemat BBM
jual beat street terbaru harga termurah,Lainnya
jual kredit motor pegadaian ninja terbaru harga,Lainnya
jual mika stoplamp beat karbu terbaru harga termurah,Lainnya
jual gigi gardan futura terbaru harga termurah,Spare Part Mobil
jual stang scarlet robot terbaru harga termurah,Lainnya
jual body full set vario led ori terbaru harga,Lainnya
jual yamaha fizr biru terbaru harga termurah,Lainnya
jual jasa cat mobil sigra terbaru harga termurah,Lainnya
jual skok tirev ori terbaru harga termurah,Lainnya
jual cover mesin crv terbaru harga termurah,Spare Part Mobil
jual sensor tps pcx cbu ori terbaru harga termurah,Lainnya
jual stiker decal terbaru harga termurah,Lainnya
kawasaki medan harga otr promo mei spesifikasi review,Lainnya
jual modul abs jazz ge terbaru harga termurah,Spare Part Mobil
jual tabung knalpot elf terbaru harga termurah,Spare Part Mobil
jual head jupiter klep terbaru harga termurah,Lainnya
jual tps karbu xeon terbaru harga termurah blibli,Lainnya
toyota medan harga otr promo mei spesifikasi review,Spare Part Mobil
jual aki abc lithium terbaru harga termurah blibli,Spare Part Mobil
jual ecu mobil picanto terbaru harga termurah,Spare Part Mobil
jual head jupiter klep terbaru harga termurah,Lainnya
jual bagasi honda city vtec terbaru harga termurah,Spare Part Mobil
jual mika lampu spoiler toyota innova grand,Spare Part Mobil
jual produk stir kijang kapsul termurah terlengkap april,Spare Part Mobil
jual sleeve transmisi hilux gigi original lapak grand,Spare Part Mobil
jual produk karet kaca kijang kapsul termurah terlengkap,Spare Part Mobil
jual casedift assy tengkorak gardan suzuki katana plus gigi bolu,Spare Part Mobil
jual produk kap mesin kap xenia termurah terlengkap,Spare Part Mobil
jual produk sejenis tutup kaca variasi lampu hijet lapak,Aksesoris Eksterior
jual produk kap mesin kap xenia termurah terlengkap,Spare Part Mobil
jual kuas pembersih espresso machine grinder coffee mesin kopi,Lainnya
jual casedift assy tengkorak gardan suzuki katana plus gigi bolu,Spare Part Mobil
jual mika lampu spoiler toyota innova grand,Spare Part Mobil
jual produk sejenis tutup kaca variasi lampu hijet lapak,Aksesoris Eksterior
jual dompet stnk mobil honda brio gantungan kunci model,Lainnya
jual beam comp palang besi tulang penahan dudukan bumper,Spare Part Mobil
jual mika lampu spoiler toyota innova grand,Spare Part Mobil
jual produk kap mesin kap xenia termurah terlengkap,Spare Part Mobil
jual casedift assy tengkorak gardan suzuki katana plus gigi bolu,Spare Part Mobil
jual separator assy saringan solar turbo,Spare Part Mobil
jual sleeve transmisi hilux gigi original lapak grand,Spare Part Mobil
jual remote remot receiver parabola transvision,Lainnya
jual produk lampu kanan bmw termurah terlengkap,Spare Part Mobil
jual produk lampu sein bmw kiri termurah terlengkap,Spare Part Mobil
jual selang radiator bmw lapak vinleymart,Spare Part Mobil
jual sticker stiker smoke lampu stop rem kaca,Aksesoris Eksterior
jual produk switch sensor pressure termurah terlengkap mei,Lainnya
jual casedift assy tengkorak gardan suzuki katana plus gigi bolu,Spare Part Mobil
jual produk sejenis tutup kaca variasi lampu hijet lapak,Aksesoris Eksterior
jual seal sil gasket paking perpak ring kaliper rem cakram suzuki,Lainnya
jual separator assy saringan solar turbo,Spare Part Mobil
jual sticker stiker smoke lampu stop rem kaca,Aksesoris Eksterior
jual kampas rem brake pad nissan xtrail,Spare Part Mobil
jual kaca accord maestro lapak alkhaluffy,Spare Part Mobil
jual sleeve transmisi hilux gigi original lapak grand,Spare Part Mobil
jual kabel gas klx open knz cabel cable seling,Lainnya
jual separator assy saringan solar turbo,Spare Part Mobil
jual produk kepala kambing termurah terlengkap,Spare Part Mobil
jual seal sil gasket paking perpak ring kaliper rem cakram suzuki,Lainnya
jual produk pelatuk klep sepatu klep termurah terlengkap,Lainnya
jual casedift assy tengkorak gardan suzuki katana plus gigi bolu,Spare Part Mobil
jual mika lampu spoiler toyota innova grand,Spare Part Mobil
jual produk stator gulungan dinamo termurah terlengkap mei,Lainnya
jual motor cantelan kaca spion mazda biante,Spare Part Mobil
jual kaca accord maestro lapak alkhaluffy,Spare Part Mobil
jual list pintu nissan livina gear lapak parman bukalapak,Aksesoris Eksterior
jual kabel gas klx open knz cabel cable seling,Lainnya
jual produk sejenis tutup kaca variasi lampu hijet lapak,Aksesoris Eksterior
jual karet tutup lobang lantai mobil universal toyota daihatsu,Aksesoris Interior
jual seragam sales toyota lengan kab bekasi,Lainnya
jual tutup tangki toyota hardtop kab tangerang,Spare Part Mobil
jual filter udara toyota corolla sakura kab,Spare Part Mobil
jual spakbor fender toyota kijang super kiri kanan,Spare Part Mobil
jual boot baut garpu kopling toyota innova diesel,Spare Part Mobil
jual velg mobil bekas toyota fortuner trd ring jakarta,Spare Part Mobil
jual shockbreaker mobil toyota previa jakarta,Spare Part Mobil
jual bebas ongkir kaca spion mobil rh toyota kijang krista,Spare Part Mobil
jual reflektor lampu mata kucing bumper toyota agya,Aksesoris Eksterior
jual wiper bladesapu kaca mobil toyota kijang super,Spare Part Mobil
jual karpet mie bihun mobil toyota rush terios,Aksesoris Interior
jual tutup tangki bensin toyota kijang kotak doyok,Spare Part Mobil
jual steering angel sensor toyota sienta,Spare Part Mobil
jual filter oli saringan oli oil filter toyota hilux revo hiace asli ori,Spare Part Mobil
jual cutting sticker poni mobil stiker kaca toyota retro,Aksesoris Eksterior
jual karet channel kaca pintu kijang kapsul,Spare Part Mobil
jual karet channel kaca pintu kijang kapsul,Spare Part Mobil
jual emblem grill terlengkap harga murah mei,Aksesoris Eksterior
jual tutup pembuangan radiator terbaik harga murah mei,Spare Part Mobil
jual timing chain rantai keteng kijang inova jakarta pusat,Spare Part Mobil
jual sticker custom nama mobil kaca kota bandung,Aksesoris Eksterior
jual sandaran gran max potongan kab,Spare Part Mobil
jual seiwa terlengkap harga murah cicil,Spare Part Mobil
jual sensor bemper parkir mundur wuling confero,Spare Part Mobil
jual gegeran kabin gran max ori potongan,Spare Part Mobil
jual karet tutup lobang lantai mobil universal toyota daihatsu,Aksesoris Interior
jual reflektor lampu mata kucing bumper toyota agya,Aksesoris Eksterior
jual dop roda dop velg tutup ban mobil daihatsu ayla sigra,Aksesoris Eksterior
jual sandaran gran max potongan kab,Spare Part Mobil
jual gegeran kabin gran max ori potongan,Spare Part Mobil
jual filter udara toyota corolla sakura kab,Spare Part Mobil
jual seiwa terlengkap harga murah cicil,Spare Part Mobil
jual spakbor fender toyota kijang super kiri kanan,Spare Part Mobil
jual bebas ongkir kaca spion mobil rh toyota kijang krista,Spare Part Mobil
jual bak kijang super rakitan kab tangerang,Spare Part Mobil
jual emblem grill terlengkap harga murah mei,Aksesoris Eksterior
jual grosir slang selang radiator samco meter variasi vespa,Lainnya
jual tutup pembuangan radiator terbaik harga murah mei,Spare Part Mobil
jual wiper bladesapu kaca mobil toyota kijang super,Spare Part Mobil
jual coil koil kuil ignition pengapian wuling almaz,Spare Part Mobil
jual karpet mie bihun mobil toyota rush terios,Aksesoris Interior
jual jual foglamp lampu kabut makassar avanza,Aksesoris Eksterior
jual pelipit kaca pintu mazda list,Spare Part Mobil
jual ban mobil murah zetex ban mobil berkualitas,Spare Part Mobil
jual knuckle as main honda brv br-v asli jakarta utara,Spare Part Mobil
jual venus brio set top box tv digital dvb,Lainnya
jual front brakepad kampas rem dispad blade,Spare Part Mobil
jual lampu seinriting spionsein spion kanan honda hrv,Spare Part Mobil
jual front brakepad kampas rem dispad jupiter,Lainnya
jual velg mobil work emotion velg ring brio yaris,Spare Part Mobil
jual soket fiting lampu sein snja honda jazz brio,Spare Part Mobil
jual karet gear penggerak kaca spion mobil honda,Spare Part Mobil
jual kap mesin carbon fortuner hilux vnt oem style kota,Spare Part Mobil
jual pelipit kaca pintu mazda list,Spare Part Mobil
jual velg mobil bekas toyota fortuner trd ring jakarta,Spare Part Mobil
jual bemper panther touring kab bekasi mw,Spare Part Mobil
jual sensor bemper parkir mundur wuling confero,Spare Part Mobil
jual talang air truk ragasa slim pintu kota balikpapan crown,Spare Part Mobil
jual tutup pembuangan radiator terbaik harga murah mei,Spare Part Mobil
jual dop roda dop velg tutup ban mobil daihatsu ayla sigra,Aksesoris Eksterior
jual emblem grill terlengkap harga murah mei,Aksesoris Eksterior
jual velg racing volkrays pcd sienta altis veloz,Spare Part Mobil
jual seiwa terlengkap harga murah cicil,Spare Part Mobil
jual jual foglamp lampu kabut makassar avanza,Spare Part Mobil
jual knalpot racing mobil hks original kab purbalingga exhaust,Spare Part Mobil
jual karpet mie bihun mobil toyota rush terios,Aksesoris Interior
jual sunvisor hyundai pelindung sinar matahari sun visor,Spare Part Mobil
jual lampu led hyundai stargazer plafon kabin sein rem,Spare Part Mobil
jual dudukan plat nomor mobil hyundai kab tangerang lucky,Aksesoris Eksterior
jual pengaman samping pangkon d.granmax kab,Aksesoris Eksterior
jual karpet mie bihun mobil toyota rush terios,Aksesoris Interior
jual emblem grill terlengkap harga murah mei,Aksesoris Eksterior
jual alternator terlengkap harga murah april cicil,Spare Part Mobil
jual sarung jok mobil wuling confero bahan,Aksesoris Interior
jual reflektor lampu mata kucing bumper toyota agya,Aksesoris Eksterior
jual bmw baut bleder bleeder bleeding katup radiator,Spare Part Mobil
jual mahle ox filter oli bmw diesel,Spare Part Mobil
jual bohlamp lampu mercy super vision,Aksesoris Eksterior
jual dudukan plat nomor mobil hyundai kab tangerang lucky,Aksesoris Eksterior
jual cover sarung sepeda motor listrik viar uno abu-abu kota,Lainnya
jual knalpot racing mobil hks original kab purbalingga exhaust,Spare Part Mobil
jual bohlamp lampu mercy super vision,Spare Part Mobil
jual avita.id kawat bulu mercy polos pipe cleaner kerajinan,Lainnya
jual alternator terlengkap harga murah april cicil,Spare Part Mobil
jual hiasan bintang hati mini bintang jakarta barat hans and,Lainnya
jual tote bag canvas tas premium kanvas tebal custom logo,Lainnya
jual rantai motor indopartindoparts,Lainnya
jual emblem grill terlengkap harga murah mei,Aksesoris Eksterior
jual lamp sein rh jakarta barat man teknik tokopedia,Spare Part Mobil
jual mainan kecoa kalajengking kelabang ulat bulu cicak kadal,Lainnya
jual mahle ox filter oli bmw diesel,Spare Part Mobil
jual stiker reflektor velg mobil motor reflector,Aksesoris Eksterior
jual mainan pistol dompis ring-cap rhino jadul nostalgia,Lainnya
jual promo rokok sampoerna kretek hijau,Lainnya
jual bunga meihua imlek bunga sakura cabang,Lainnya
promo best sofa kursi santai kursi malas kursi empuk kursi baca,Lainnya
jual hot wheels sharkruiser kota tangerang uda iqbal toys,Lainnya
jual frame kacamata police lewis original lewis,Lainnya
jual knalpot racing mobil hks original kab purbalingga exhaust,Spare Part Mobil
jual anak kunci pintu hino dutro merk sh japan kab,Lainnya
jual kursi lipat kursi kuliah kursi sekolah kursi belajar masterindo,Lainnya
jual tutup pembuangan radiator terbaik harga murah mei,Spare Part Mobil
jual oil filter filter oli mitsubishi triton pajero sport,Spare Part Mobil
baju imlek model fashionable berkualitas mei tokopedia,Lainnya
jual mika sen mika lampu sein spion ertiga kanan kota,Spare Part Mobil
jual dek lantai suzuki jimny katana original sgp kota,Spare Part Mobil
jual sensor bemper parkir mundur wuling confero,Spare Part Mobil
jual dop roda dop velg tutup ban mobil daihatsu ayla sigra,Aksesoris Eksterior
jual dinding sandaran panther pick up kab,Spare Part Mobil
jual bak kijang kotak kab tangerang aneka brownies,Spare Part Mobil
jual bak kargo triway kijang kapsul kab tangerang,Spare Part Mobil
jual knuckle as main honda brv br-v asli jakarta utara,Spare Part Mobil
jual bak kargo triway kijang super kab tangerang,Spare Part Mobil
jual sarung jok paten mobil baris kulit vision,Aksesoris Interior
jual saklar lampu otomatis switch pyramid pintu lemari geser,Lainnya
jual karpet mie bihun mobil toyota rush terios,Aksesoris Interior
jual filter udara toyota corolla sakura kab,Spare Part Mobil
jual bushing klep botol klep hino jakarta,Spare Part Mobil
jual pelipit kaca pintu mazda list,Spare Part Mobil
jual karet shock breaker innova bangkok kota bekasi,Spare Part Mobil
jual seiwa terlengkap harga murah cicil,Spare Part Mobil
jual anak kunci pintu hino dutro merk sh japan kab,Spare Part Mobil
jual bemper panther touring kab bekasi mw,Spare Part Mobil
jual bemper panther touring kab bekasi mw,Spare Part Mobil
jual bak mitsubishi hitam rakitan kab,Spare Part Mobil
jual dudukan plat nomor mobil hyundai kab tangerang lucky,Aksesoris Eksterior
jual tutup tangki bensin toyota kijang kotak doyok,Spare Part Mobil
jual jual foglamp lampu kabut makassar avanza,Aksesoris Eksterior
jual helm retro bogo wanita cewek perempuan hijab dewasa,Lainnya
jual tutup pembuangan radiator terbaik harga murah mei,Spare Part Mobil
promo mitsubishi xpander cross at juta cicil,Kendaraan
jual oil filter filter oli mitsubishi triton pajero sport,Spare Part Mobil
jual kampas kopling clutch disc mitsubishi jakarta,Spare Part Mobil
jual bushing metal noken as camshaft mitsubishi,Spare Part Mobil
jual bushing metal noken as camshaft mitsubishi,Spare Part Mobil
promo mitsubishi xpander cross at juta cicil,Kendaraan
jual dinamo starter mitsubishi fuso turbo,Spare Part Mobil
jual bak mitsubishi hitam rakitan kab,Spare Part Mobil
jual garnish spakbor over fender asli mitsubishi,Aksesoris Eksterior
jual sticker mitsubishi lancerkudaevokaca,Spare Part Mobil
jual alternator dinamo cas kuda diesel kota bandar,Spare Part Mobil
jual anak kunci pintu hino dutro merk sh japan kab,Spare Part Mobil
jual timing chain rantai keteng kijang inova jakarta pusat,Spare Part Mobil
jual alternator terlengkap harga murah april cicil,Spare Part Mobil
jual bebas ongkir kaca spion mobil rh toyota kijang krista,Spare Part Mobil
jual talang air truk ragasa slim pintu kota balikpapan crown,Spare Part Mobil
jual dinamo starter isuzu,Spare Part Mobil
jual boot baut garpu kopling toyota innova diesel,Spare Part Mobil
jual ic regulator dinamo ampere isuzu traga jakarta barat,Spare Part Mobil
jual reflektor lampu mata kucing bumper toyota agya,Aksesoris Eksterior
jual seiwa terlengkap harga murah cicil,Spare Part Mobil
jual sarung jok paten mobil baris kulit vision,Aksesoris Interior
jual sarung jok paten mobil baris kulit vision,Aksesoris Interior
jual velg mobil bekas toyota fortuner trd ring jakarta,Spare Part Mobil
jual filter oli saringan oli oil filter toyota hilux revo hiace asli ori,Spare Part Mobil
jual coil koil kuil ignition pengapian wuling almaz,Spare Part Mobil
jual bushing klep botol klep hino jakarta,Spare Part Mobil
jual dudukan plat nomor mobil hyundai kab tangerang lucky,Aksesoris Eksterior
jual karet tutup lobang lantai mobil universal toyota daihatsu,Aksesoris Interior
jual lamp sein rh jakarta barat man teknik tokopedia,Spare Part Mobil
jual emblem grill terlengkap harga murah mei,Aksesoris Eksterior
jual pelipit kaca pintu mazda list,Spare Part Mobil
jual sarung jok paten mobil baris kulit vision,Aksesoris Interior
jual grosir slang selang radiator samco meter variasi vespa,Lainnya
jual seiwa terlengkap harga murah cicil,Spare Part Mobil
jual kampas ganda honda beat fi terlengkap harga murah april,Lainnya
jual sarung jok mobil wuling confero bahan,Lainnya
jual coil koil kuil ignition pengapian wuling almaz,Spare Part Mobil
jual sensor bemper parkir mundur wuling confero,Spare Part Mobil
jual sarung jok mobil wuling confero bahan,Lainnya
jual wiper bladesapu kaca mobil toyota kijang super,Spare Part Mobil
promo mitsubishi xpander cross at juta cicil,Kendaraan
jual bak kijang super rakitan kab tangerang,Spare Part Mobil
jual sunvisor hyundai pelindung sinar matahari sun visor,Spare Part Mobil
jual velg mobil work emotion velg ring brio yaris,Spare Part Mobil
jual emblem grill terlengkap harga murah mei,Aksesoris Eksterior
jual jual foglamp lampu kabut makassar avanza,Aksesoris Eksterior
jual map sensor toyota great corolla terbaru harga,Spare Part Mobil
jual sensor speed abs kanan rh toyota fortuner vrz,Spare Part Mobil
jual lever kit setelan kampas rem triton kiri seller,Spare Part Mobil
promo filter fuel pump saringan pompa bensin innova diskon,Spare Part Mobil
jual master kopling dyna terbaru harga termurah,Spare Part Mobil
jual packing tutup klep granmax terbaru harga termurah,Spare Part Mobil
jual kabel gas kijang diesel terbaru harga termurah,Spare Part Mobil
promo aki mobil yuasa mazda astina,Spare Part Mobil
jual dinamo motor spion lipat retractdoor lock pintu seller,Spare Part Mobil
jual velg reacing model palang ring lebar pcd,Spare Part Mobil
jual alternator daihatsu taruna terbaru harga termurah,Spare Part Mobil
jual packing tutup klep granmax terbaru harga termurah,Spare Part Mobil
jual lever kit setelan kampas rem triton kiri seller,Spare Part Mobil
jual sensor speed abs kanan rh toyota fortuner vrz,Spare Part Mobil
jual selang accord terbaru harga termurah blibli,Spare Part Mobil
jual lever kit setelan kampas rem triton kiri seller,Spare Part Mobil
promo filter fuel pump saringan pompa bensin innova diskon,Spare Part Mobil
toko curve puma online original harga terbaik blibli,Lainnya
jual dinamo motor spion lipat retractdoor lock pintu seller,Spare Part Mobil
jual filter aspira grand livina terbaru harga termurah,Spare Part Mobil
jual velg reacing model palang ring lebar pcd,Spare Part Mobil
jual tie rod terbaru harga termurah,Spare Part Mobil
jual sensor speed abs kanan rh toyota fortuner vrz,Spare Part Mobil
promo filter fuel pump saringan pompa bensin innova diskon,Spare Part Mobil
jual hsr boon terbaru harga termurah blibli,Spare Part Mobil
jual tie rod terbaru harga termurah,Spare Part Mobil
jual tutup lampu cbr terbaru harga termurah,Lainnya
jual headlamp nissan juke terbaru harga termurah,Spare Part Mobil
jual alat berat excavator lonking terbaru harga termurah,Lainnya
jual blade tsp terbaru harga termurah blibli,Lainnya
jual rumah kopling terbaru harga,Lainnya
jual oli yamahalube matic nmax terbaru harga termurah,Lainnya
jual kabel gas kijang diesel terbaru harga termurah,Spare Part Mobil
jual sensor isc mio terbaru harga termurah,Lainnya
jual thermostat terbaru harga termurah,Lainnya
jual projie xmax terbaru harga termurah blibli,Lainnya
jual velg reacing model palang ring lebar pcd,Spare Part Mobil
jual bodykit bmw terbaru harga termurah,Aksesoris Eksterior
jual beras cianjur kg termurah harga grosir terupdate,Lainnya
jual paket beras minyak liter termurah harga grosir,Lainnya
jual obat mata burung lovebird original murah harga diskon mei,Lainnya
uwinfly harga otr promo mei spesifikasi review blibli,Lainnya
promo aki motor yamaha ttr motobatt aki gel-aki,Lainnya
promo aki motor vespa excell vespa px klassik,Lainnya
jual lever kit setelan kampas rem triton kiri seller,Spare Part Mobil
jual lampu stop carry terbaru harga termurah,Spare Part Mobil
jual dinamo motor spion lipat retractdoor lock pintu seller,Spare Part Mobil
jual sensor speed abs kanan rh toyota fortuner vrz,Spare Part Mobil
jual baut roda hub wheel bolt fuso jumbo mitsubishi,Spare Part Mobil
jual lever kit setelan kampas rem triton kiri seller,Spare Part Mobil
jual alternator daihatsu taruna terbaru harga termurah,Spare Part Mobil
jual velg reacing model palang ring lebar pcd,Spare Part Mobil
jual baut roda hub wheel bolt fuso jumbo mitsubishi,Spare Part Mobil
jual braket radiator mitsubishi terbaru harga,Spare Part Mobil
jual stopper diesel termurah harga grosir,Spare Part Mobil
jual lever kit setelan kampas rem triton kiri seller,Spare Part Mobil
jual kabel gas kijang diesel terbaru harga termurah,Spare Part Mobil
jual sensor speed abs kanan rh toyota fortuner vrz,Spare Part Mobil
jual velg reacing model palang ring lebar pcd,Spare Part Mobil
promo aki mobil yuasa mazda astina,Spare Part Mobil
jual filter aspira grand livina terbaru harga termurah,Spare Part Mobil
jual map sensor toyota great corolla terbaru harga,Spare Part Mobil
jual sensor speed abs kanan rh toyota fortuner vrz,Spare Part Mobil
jual velg reacing model palang ring lebar pcd,Spare Part Mobil
jual ban serep alphard terbaru harga termurah,Spare Part Mobil
jual hsr boon terbaru harga termurah blibli,Spare Part Mobil
jual tie rod terbaru harga termurah,Spare Part Mobil
jual tutup lampu cbr terbaru harga termurah,Lainnya
jual alat berat excavator lonking terbaru harga termurah,Lainnya
jual headlamp nissan juke terbaru harga termurah,Spare Part Mobil
jual blade tsp terbaru harga termurah blibli,Lainnya
jual rumah kopling terbaru harga,Lainnya
jual oli yamahalube matic nmax terbaru harga termurah,Lainnya
jual kabel gas kijang diesel terbaru harga termurah,Spare Part Mobil
jual sensor isc mio terbaru harga termurah,Lainnya
jual thermostat terbaru harga termurah,Lainnya
jual projie xmax terbaru harga termurah blibli,Lainnya
jual soket lampu toyota avanza xenia old,Spare Part Mobil
jual soket dinamo motor washer wiper pin toyota daihatsu,Spare Part Mobil
jual outer rear brake drum tromol rem,Spare Part Mobil
jual produk filter oli toyota hilux termurah terlengkap april,Spare Part Mobil
jual packing tutup klep asli pcs toyota avanza,Spare Part Mobil
jual kabel busi set seiwa jpn toyota starlet kotak,Spare Part Mobil
jual dinamo motor extra ekstra fan extrafan kondensor radiator,Spare Part Mobil
jual kondensor condensor ac mobil toyota camry cc,Spare Part Mobil
jual cv joint as roda as kopel honda,Spare Part Mobil
jual pully kruk as pulli ker as pulley crankshaft soluna lapak,Spare Part Mobil
jual produk stabilizer xenia termurah terlengkap mei,Spare Part Mobil
jual casedift assy tengkorak gardan suzuki katana plus gigi bolu,Spare Part Mobil
jual engine mounting set dudukan mesin kanan kiri,Spare Part Mobil
jual produk stabil avanza termurah terlengkap mei,Spare Part Mobil
jual relay biru pin kaki universal denso relay lampu,Aksesoris Eksterior
jual sling kabel handrem accord cielo bekas lapak bobs market,Spare Part Mobil
jual oil seal sil transmisi persneling persneleng innova,Spare Part Mobil
jual produk steering lock kunci kontak termurah terlengkap,Spare Part Mobil
jual produk sticker windshield kaca termurah,Aksesoris Eksterior
jual soket dinamo motor washer wiper pin toyota daihatsu,Spare Part Mobil
jual emblem ayla astra daihatsu lapak salsa auto bukalapak,Spare Part Mobil
jual pully kruk as pulli ker as pulley crankshaft soluna lapak,Spare Part Mobil
jual produk stabilizer xenia termurah terlengkap mei,Spare Part Mobil
jual relay biru pin kaki universal denso relay lampu,Aksesoris Eksterior
jual produk set fuel pump pompa bensin termurah,Spare Part Mobil
jual engine mounting set dudukan mesin kanan kiri,Spare Part Mobil
jual casedift assy tengkorak gardan suzuki katana plus gigi bolu,Spare Part Mobil
jual reflektor mata kucing bumper bemper,Aksesoris Eksterior
jual cv joint as roda as kopel honda,Spare Part Mobil
jual outer rear brake drum tromol rem,Spare Part Mobil
jual produk stabil avanza termurah terlengkap mei,Spare Part Mobil
jual engine mounting taft lapak aneka motor bukalapak,Spare Part Mobil
jual engine mounting set dudukan mesin kanan kiri,Spare Part Mobil
jual spoiler brio old model spoon lapak ajf fiberglass,Aksesoris Eksterior
jual beam comp palang besi tulang penahan dudukan bumper,Spare Part Mobil
jual reflektor mata kucing bumper bemper,Aksesoris Eksterior
jual produk steering lock kunci kontak termurah terlengkap,Spare Part Mobil
jual emblem ayla astra daihatsu lapak salsa auto bukalapak,Aksesoris Eksterior
jual lampu projie byson reflektor projie,Lainnya
jual cv joint as roda as kopel honda,Spare Part Mobil
jual bungkus header anti panas exhaust wrap lapak oishop,Spare Part Mobil
jual selang udara mesin hose air flow cleaner tube,Lainnya
jual karet stabil roti belah bush besi stabilizer,Lainnya
jual aksesoris variasi honda wrv bantal mobil sandaran kepala,Aksesoris Interior
jual beli jam tangan wanita model terbaru halaman,Lainnya
jual karet stabil hyundai accent verna avega lapak,Spare Part Mobil
jual tanduk stargazer model cobra besi sevencode,Aksesoris Eksterior
jual dinamo motor extra ekstra fan extrafan kondensor radiator,Spare Part Mobil
jual tabung radiator reservoir tank bmw merk,Spare Part Mobil
jual produk bmw termurah terlengkap mei,Spare Part Mobil
jual produk ic regulator alternator mercedes termurah,Spare Part Mobil
jual sticker stiker smoke lampu stop rem kaca,Aksesoris Eksterior
jual produk sticker windshield kaca termurah,Aksesoris Eksterior
jual produk set fuel pump pompa bensin termurah,Spare Part Mobil
jual produk ic regulator alternator mercedes termurah,Spare Part Mobil
jual spiral mercy original lapak aris,Spare Part Mobil
jual tabung radiator reservoir tank bmw merk,Spare Part Mobil
jual karet bos bosh bush bushing mur ring engsel jok honda supra,Lainnya
jual soket lampu suzuki katana carry futura,Spare Part Mobil
jual reflektor led lampu bumper mobil,Aksesoris Eksterior
jual door lock pintu suzuki jimny sierracaribean lapak,Spare Part Mobil
jual cylinder silinder head mesin suzuki baleno old lapak,Spare Part Mobil
jual paking gasket full set suzuki jimny katana lapak sparepart,Spare Part Mobil
jual as roda cv joint kiri suzuki aeriobaleno next-g lapak,Spare Part Mobil
jual tromol rem drum brake suzuki jimny katana lapak,Spare Part Mobil
jual noken as camshaft suzuki jimny katana lapak sparepart,Spare Part Mobil
jual engine mounting set dudukan mesin kanan kiri,Spare Part Mobil
jual soket dinamo motor washer wiper pin toyota daihatsu,Spare Part Mobil
jual pully kruk as pulli ker as pulley crankshaft soluna lapak,Spare Part Mobil
jual produk steering lock kunci kontak termurah terlengkap,Spare Part Mobil
jual casedift assy tengkorak gardan suzuki katana plus gigi bolu,Spare Part Mobil
jual seal sil gasket paking perpak ring kaliper rem cakram suzuki,Lainnya
jual relay biru pin kaki universal denso relay lampu,Spare Part Mobil
jual cv joint as roda as kopel honda,Spare Part Mobil
jual emblem ayla astra daihatsu lapak salsa auto bukalapak,Aksesoris Eksterior
jual kampas rem brake pad nissan xtrail,Spare Part Mobil
jual kabel gas klx open knz cabel cable seling,Lainnya
jual karet lidah tensioner motor kawasaki ninja rr mono,Lainnya
jual beli jam tangan wanita model terbaru halaman,Lainnya
jual evaporator cooling ac mobil mitsubishi pajero,Spare Part Mobil
jual bushing shock breaker xpander original,Spare Part Mobil
jual cv joint as roda as kopel honda,Spare Part Mobil
jual engine mounting set dudukan mesin kanan kiri,Spare Part Mobil
jual soket dinamo motor washer wiper pin toyota daihatsu,Spare Part Mobil
jual pully kruk as pulli ker as pulley crankshaft soluna lapak,Spare Part Mobil
jual dinamo motor extra ekstra fan extrafan kondensor radiator,Spare Part Mobil
jual list pintu nissan livina gear lapak parman bukalapak,Aksesoris Eksterior
jual door lock pintu suzuki jimny sierracaribean lapak,Spare Part Mobil
jual relay biru pin kaki universal denso relay lampu,Aksesoris Eksterior
jual noken as camshaft suzuki jimny katana lapak sparepart,Spare Part Mobil
jual relay biru pin kaki universal denso relay lampu,Aksesoris Eksterior
jual karet stabil hyundai accent verna avega lapak,Spare Part Mobil
jual seal sil gasket paking perpak ring kaliper rem cakram suzuki,Lainnya
jual casedift assy tengkorak gardan suzuki katana plus gigi bolu,Spare Part Mobil
jual reflektor mata kucing bumper bemper,Aksesoris Eksterior
jual produk set fuel pump pompa bensin termurah,Spare Part Mobil
jual produk mesin penggerak yanmar tf termurah,Lainnya
jual motor cantelan kaca spion mazda biante,Spare Part Mobil
jual produk set fuel pump pompa bensin termurah,Spare Part Mobil
jual list pintu nissan livina gear lapak parman bukalapak,Aksesoris Eksterior
jual kabel gas klx open knz cabel cable seling,Lainnya
jual karet lidah tensioner motor kawasaki ninja rr mono,Lainnya
jual dinamo motor extra ekstra fan extrafan kondensor radiator,Spare Part Mobil
jual baut rivet mobil toyota universal kancing klip bumper,Spare Part Mobil
jual mainan mobil aki anak toyota fortuner legender pmb,Lainnya
jual kabel engine mesin toyota yaris,Spare Part Mobil
jual kisi ac toyota wish kota tangerang selatan,Spare Part Mobil
jual karet pelipit kaca water strip kaca datsun go original kota,Spare Part Mobil
jual sedimeter sendimeter pompa solar assy dyna rino,Spare Part Mobil
jual kaca spion orisinil yaris haykey merek delloyd kota,Spare Part Mobil
jual karet pelipit list kaca wheater strip espass minibus station,Spare Part Mobil
jual tabung air wiper universal set komplit motor tandon,Spare Part Mobil
jual karet pelipit kaca water strip kaca datsun go original kota,Spare Part Mobil
jual velg besi ring pcd kaleng oem avanza xenia,Spare Part Mobil
jual seal klep kijang super grand kapsule asli,Spare Part Mobil
jual set soket head unit panasonic,Aksesoris Interior
jual tutup baut spoiler mobil sigra ukuran jakarta utara raff,Aksesoris Eksterior
jual baut rivet mobil toyota universal kancing klip bumper,Aksesoris Eksterior
jual kepala pompa assy model remes kota surabaya,Spare Part Mobil
jual karpet dasar lantai mobil suzuki escudo vitara cream,Spare Part Mobil
jual tutup baut spoiler for mobil ayla ukuran jakarta pusat,Aksesoris Eksterior
jual front brakepad kampas rem dispad jupiter,Lainnya
jual tabung air wiper universal set komplit motor tandon,Spare Part Mobil
jual set soket head unit panasonic,Aksesoris Interior
jual cover tiang pilar samping kaca crv rw,Spare Part Mobil
jual velg bbs lm ring lebar et mobil innova ertiga terios hrv,Spare Part Mobil
jual velg besi ring pcd kaleng oem avanza xenia,Spare Part Mobil
jual tutup baut spoiler for mobil ayla ukuran jakarta pusat,Aksesoris Eksterior
jual sarung jok mobil baris bahan mbtech stargazer,Spare Part Mobil
jual tutup radiator hyundai grand avega jakarta pusat karya,Spare Part Mobil
jual kaliper rem kiri hyundai grand avega kota bekasi,Spare Part Mobil
jual velg besi ring pcd kaleng oem avanza xenia,Spare Part Mobil
jual botol tabung wadah reservoir tampungan air,Lainnya
jual mesin rumput terbaik harga murah mei cicil,Spare Part Mobil
jual pisau serut peeler buah sayuran kupas kulit wortel kentang,Lainnya
jual jok bmw seri original copotan warna brown kab bogor,Spare Part Mobil
jual headlamp lampu bmw sport adaptive,Spare Part Mobil
jual karpet dasar mobil motif corak kasar kab bandung kain,Aksesoris Interior
jual oil seal askrok mesin tempel tohatsu asli kota,Spare Part Mobil
jual sealer reinzosil lem gasket reinzosil lem,Spare Part Mobil
jual karpet dasar mobil motif corak kasar kab bandung kain,Aksesoris Interior
jual karpet dasar mobil motif corak kasar kab bandung kain,Aksesoris Interior
jual headlamp lampu bmw sport adaptive,Spare Part Mobil
promo lego minecraft the panda haven building toy,Lainnya
promo baju anjing doggy model sweater bahan premium merah,Lainnya
jual nota tailor penjahit ready stok fitting baju ply kab,Lainnya
jual sepatu vans oldskool premium grade original hitam,Lainnya
jual tikar kain piknik camping motif kotak-kotak kain foto,Lainnya
jual thermostat heater terbaik harga murah mei cicil,Lainnya
jual ikan oscar anakan tiger albino kab bogor,Lainnya
jual ikan oscar anakan tiger albino kab bogor,Lainnya
jual reflektor depa lampu yamaha mx king narita,Lainnya
jual cap tutup tangki tabung reservoir air radiator aerio baleno,Spare Part Mobil
jual karpet dasar lantai mobil suzuki escudo vitara cream,Lainnya
jual paket hot wheels khusus kota semarang tamiya grade ori,Lainnya
jual sarung jok mobil baris bahan mbtech stargazer,Aksesoris Interior
jual velg bbs lm ring lebar et mobil innova ertiga terios hrv,Spare Part Mobil
jual tutup baut spoiler for mobil ayla ukuran jakarta pusat,Aksesoris Eksterior
jual keong futura kab bogor reivaz_per mobil,Spare Part Mobil
jual cover kunci hrv murah harga terbaru tokopedia,Aksesoris Eksterior
jual tutup baut spoiler mobil sigra ukuran jakarta utara raff,Aksesoris Eksterior
jual disc brake piringan kampas rem ford fiesta mazda,Spare Part Mobil
jual gear knob mobil karimun wagon manual shift knob motif,Aksesoris Interior
jual karet sayap bushing arm innova,Spare Part Mobil
jual mur roda nissan terbaik harga murah mei cicil,Spare Part Mobil
jual travel bag tas koper lipat selimut luggage organizer,Lainnya
jual paket oli mesin agip eni zebra espass,Oli dan Penghemat BBM
jual karet pelipit kaca water strip kaca datsun go original kota,Spare Part Mobil
jual uniqlo tas nilon toteransel hitam jakarta selatan,Lainnya
jual oli seal sil kruk as crankshaft,Spare Part Mobil
jual plat tutup tangki plat bensin mitsubishi xpander original asli,Spare Part Mobil
jual cover handle pintu lubang kunci original asli pajero,Aksesoris Eksterior
jual lever kit setelan kampas rem triton kanan,Spare Part Mobil
jual lahar roda bearing roda triton pajero,Spare Part Mobil
jual gantungan ban serep fuso jakarta pusat syk,Aksesoris Eksterior
jual ic pin original kota bandung,Lainnya
jual karet sayap bushing arm innova,Spare Part Mobil
jual disc brake piringan kampas rem ford fiesta mazda,Spare Part Mobil
jual tanduk bemper vw jakarta pusat vw,Aksesoris Eksterior
jual karpet dasar lantai mobil suzuki escudo vitara cream,Aksesoris Interior
jual kaca spion mazda harga satuan kaca kiri,Spare Part Mobil
jual seal klep kijang super grand kapsule asli,Spare Part Mobil
jual kepala pompa assy model remes kota surabaya,Spare Part Mobil
jual mur roda nissan terbaik harga murah mei cicil,Spare Part Mobil
jual disc brake piringan kampas rem ford fiesta mazda,Spare Part Mobil
jual kaca spion mazda harga satuan kaca kiri,Spare Part Mobil
jual velg besi ring pcd kaleng oem avanza xenia,Spare Part Mobil
jual paket oli mesin agip eni zebra espass,Oli dan Penghemat BBM
jual pelipit kaca kanan everestranger,Spare Part Mobil
jual velg besi ring pcd kaleng oem avanza xenia,Spare Part Mobil
jual sarung jok mobil baris bahan mbtech stargazer,Aksesoris Interior
jual baut rivet mobil toyota universal kancing klip bumper,Spare Part Mobil
jual aksesoris variasi selang bensin warna warni modifikasi motor,Lainnya
jual headlamp lampu bmw sport adaptive,Spare Part Mobil
jual toyota fortuner terbaru harga termurah,Kendaraan
jual spidometer toyota kijang terbaru harga termurah,Spare Part Mobil
jual innova zenix mat terbaru harga termurah,Aksesoris Interior
jual aksesoris bagasi mobil agya terbaru harga termurah,Aksesoris Interior
jual lampu veloz terbaru harga termurah,Spare Part Mobil
jual aksesoris bagasi mobil agya terbaru harga termurah,Aksesoris Interior
samsung medan harga terbaru mei blibli,Lainnya
jual ban mobil kota jambi terbaru harga,Spare Part Mobil
jual speaker twiter original murah harga diskon mei blibli,Lainnya
jual aksesoris bagasi mobil agya terbaru harga termurah,Aksesoris Interior
jual goodyear assurance duraplus ban mobil,Spare Part Mobil
jual velg adv abs terbaru harga termurah,Spare Part Mobil
jual gear motor benelli terbaru harga termurah,Lainnya
jual stang jrp terbaru harga termurah blibli,Lainnya
jual aki mf fb terbaru harga termurah,Spare Part Mobil
jual metal duduk nisan terbaru harga termurah,Spare Part Mobil
jual sensor hyundai matrix terbaru harga termurah,Spare Part Mobil
jual kompresor ac mobil hyundai avega terbaru harga,Spare Part Mobil
jual kabel rem kia terbaru harga termurah,Spare Part Mobil
jual alat mesin cukur jenggot kumis elektrik mini portable pisau,Lainnya
jual gear motor benelli terbaru harga termurah,Lainnya
jual stang jrp terbaru harga termurah blibli,Lainnya
jual koyo bearing terbaru harga termurah,Spare Part Mobil
jual ban mobil kota jambi terbaru harga,Spare Part Mobil
jual ban gt hd terbaru harga termurah blibli,Spare Part Mobil
jual terbaru harga termurah blibli,Aksesoris Eksterior
jual qll terbaru harga termurah blibli,Spare Part Mobil
jual metal duduk nisan terbaru harga termurah,Spare Part Mobil
jual velg adv abs terbaru harga termurah,Spare Part Mobil
jual obat poles mobil silicon terbaru harga termurah,Aksesoris Eksterior
jual modul abs pcx terbaru harga termurah blibli,Lainnya
jual legacy terbaru harga termurah blibli,Kendaraan
jual goodyear assurance duraplus ban mobil,Spare Part Mobil
jual speaker twiter original murah harga diskon mei blibli,Lainnya
jual aki gs astra mf motor honda vario honda,Lainnya
jual master rem carry terbaru harga termurah,Spare Part Mobil
jual aki mf fb terbaru harga termurah,Spare Part Mobil
jual ban mobil kota jambi terbaru harga,Spare Part Mobil
jual kampas kopling fuso terbaru harga termurah,Spare Part Mobil
jual aki kering mazda terbaru harga termurah,Spare Part Mobil
jual stoper colt diesel terbaru harga termurah,Spare Part Mobil
jual goodyear assurance duraplus ban mobil,Spare Part Mobil
jual master kopling mazda bt terbaru harga termurah,Spare Part Mobil
jual aki kering mazda terbaru harga termurah,Spare Part Mobil
jual sensor hyundai matrix terbaru harga termurah,Spare Part Mobil
jual saklar dim kwb terbaru harga termurah blibli,Lainnya
jual gear motor benelli terbaru harga termurah,Lainnya
jual stang jrp terbaru harga termurah blibli,Lainnya
jual koyo bearing terbaru harga termurah,Spare Part Mobil
jual karet tensioner revo terbaru harga termurah,Lainnya
jual terbaru harga termurah blibli,Aksesoris Eksterior
jual bore up beat terbaru harga termurah,Lainnya
jual ban mobil kota jambi terbaru harga,Spare Part Mobil
jual qll terbaru harga termurah blibli,Spare Part Mobil
jual ban gt hd terbaru harga termurah blibli,Spare Part Mobil
jual kompresor ac mobil hyundai avega terbaru harga,Spare Part Mobil
jual metal duduk nisan terbaru harga termurah,Spare Part Mobil
jual kabel rem kia terbaru harga termurah,Spare Part Mobil
jual sticker cuting vario terbaru harga termurah,Lainnya
jual velg adv abs terbaru harga termurah,Spare Part Mobil
jual legacy terbaru harga termurah blibli,Kendaraan
jual modul abs pcx terbaru harga termurah blibli,Lainnya
jual packing tutup klep asli pcs toyota avanza,Spare Part Mobil
jual engine mounting kanan karet dudukan mesin kanan toyota,Spare Part Mobil
jual cv joint as roda as kopel honda,Spare Part Mobil
jual produk upper tank plastik radiator termurah terlengkap,Spare Part Mobil
jual engine mounting dudukan mesin corolla twincam,Spare Part Mobil
jual emblem ayla astra daihatsu lapak salsa auto bukalapak,Aksesoris Eksterior
jual fork garpu sendok pemindah penghubung gear gigi,Spare Part Mobil
jual produk upper tank plastik radiator termurah terlengkap,Spare Part Mobil
jual spring brake shoe kampas gran max,Spare Part Mobil
jual cv joint as roda as kopel honda,Spare Part Mobil
jual engine mounting taft lapak aneka motor bukalapak,Lainnya
jual emblem ayla astra daihatsu lapak salsa auto bukalapak,Aksesoris Eksterior
jual produk upper tank plastik radiator termurah terlengkap,Spare Part Mobil
jual kit clutch master repair kit sil isi master,Spare Part Mobil
jual cv joint as roda as kopel honda,Spare Part Mobil
jual spring brake shoe kampas gran max,Spare Part Mobil
jual produk tanduk arb mobil termurah terlengkap,Aksesoris Eksterior
jual selang udara mesin hose air flow cleaner tube,Spare Part Mobil
jual karet stabil roti belah bush besi stabilizer,Spare Part Mobil
jual kampas rem hyundai matrix set brake pad,Spare Part Mobil
jual tabung radiator reservoir tank bmw merk,Spare Part Mobil
jual beras kepala slyp cap bmw cianjur lapak,Lainnya
jual sepatu kickers safety boot kulit suede mercy,Lainnya
jual gir gear ger set kawasaki ninja rr standar fukukawa,Lainnya
jual tabung radiator reservoir tank bmw merk,Spare Part Mobil
jual karet bos bosh bush bushing mur ring engsel jok honda supra,Spare Part Mobil
jual paking packing deksel kop cylinder head,Spare Part Mobil
jual kit clutch master repair kit sil isi master,Spare Part Mobil
jual cv joint as roda as kopel honda,Spare Part Mobil
jual produk tanduk arb mobil termurah terlengkap,Aksesoris Eksterior
jual produk tanduk arb mobil termurah terlengkap,Aksesoris Eksterior
jual paket murah behel begel pegangan jok,Lainnya
jual emblem ayla astra daihatsu lapak salsa auto bukalapak,Aksesoris Eksterior
jual produk unik regulator kaca termurah terlengkap,Spare Part Mobil
jual spring brake shoe kampas gran max,Spare Part Mobil
jual produk upper tank plastik radiator termurah terlengkap,Spare Part Mobil
jual produk unik regulator kaca termurah terlengkap,Spare Part Mobil
jual cv joint as roda as kopel honda,Spare Part Mobil
jual bearing roda xpander x-pander ntn,Spare Part Mobil
jual motor washer air wiper mazda lapak perdana jaya motor,Spare Part Mobil
jual kit clutch master repair kit sil isi master,Spare Part Mobil
jual paket murah behel begel pegangan jok,Lainnya
jual kampas rem hyundai matrix set brake pad,Spare Part Mobil
jual kampas rem hyundai matrix set brake pad,Spare Part Mobil
jual produk upper tank plastik radiator termurah terlengkap,Spare Part Mobil
jual kabel busi spark plug racing toyota starlet kapsul,Spare Part Mobil
jual laci asbak toyota kijang kapsul hino,Spare Part Mobil
jual filter udara racing toyota innova sakura original,Spare Part Mobil
jual toyota ch-r rc miniatur mobil sport premium hitam kota,Lainnya
jual ring seher ring piston standar std toyota dyna dina rino,Spare Part Mobil
jual dinamo starter assy toyota innova fortuner bensin,Spare Part Mobil
jual karet cover tutup roof fortuner kiri original jakarta,Spare Part Mobil
jual pelipit kaca-pelipit pintu land cruiser turbo,Spare Part Mobil
jual kabel speedometer corolla twincam pendek tsk japan,Spare Part Mobil
jual plat tangga isuzu panther kota bekasi samudra,Aksesoris Eksterior
delkor harga terbaru spesifikasi terlengkap,Spare Part Mobil
jual plat setelan rem innova bensin diesel kanan kiri,Spare Part Mobil
jual filter oli innova fortuner hilux diesel original,Spare Part Mobil
jual daihatsu ori selang ventilation hawa xenia,Spare Part Mobil
jual karpet kepet lumpur roda mudguard mitsubishi kuda set,Aksesoris Eksterior
jual seal roda delta jakarta utara,Spare Part Mobil
jual jok sigra original kota depok aditya otomotif,Spare Part Mobil
jual spion sigra manual terlengkap harga murah mei,Spare Part Mobil
jual pangkon mesin manual morris mini cooper klasik engine,Spare Part Mobil
jual kabel speedometer corolla twincam pendek tsk japan,Spare Part Mobil
jual bahan terpal bak mobil pick up terpal truk ukuran,Aksesoris Eksterior
jual antena mobil kijang katana futura colt zebra,Spare Part Mobil
jual kabel busi spark plug racing toyota starlet kapsul,Spare Part Mobil
jual stoplamp granmax custom model jet bus sepasng jakarta,Spare Part Mobil
jual stiker glossy mengkilat hitam dop jakarta,Aksesoris Eksterior
delkor harga terbaru spesifikasi terlengkap,Spare Part Mobil
jual brio go potato biskuit kentang potato biscuit variant kota,Lainnya
jual velg mobil velg ring brio jazz yaris vios agya,Spare Part Mobil
jual inboard cv joint as roda karet boot kopel at matic,Spare Part Mobil
jual velg mobil rays lebar et blue avanza xenia brio,Spare Part Mobil
jual velg racing rays ring lebar mobil hrv ertiga,Spare Part Mobil
jual jasa pasang head unit mobil jakarta utara ginanfashop,Aksesoris Interior
jual velg mobil bekas racing gp ring pcd cocok apv luxio,Spare Part Mobil
jual slacke adjuster paha ayam hino jakarta barat,Spare Part Mobil
promo hyundai creta style dp ii red pearl cicil,Kendaraan
jual tali kipas fan belt jakarta pusat jayachampion,Lainnya
delkor harga terbaru spesifikasi terlengkap,Spare Part Mobil
jual handel kunci laci suzuki escudo imitasi jakarta pusat,Spare Part Mobil
jual velg mobil bekas racing gp ring pcd cocok apv luxio,Spare Part Mobil
jual genset silent terbaik harga murah april cicil,Spare Part Mobil
jual handel kunci laci suzuki escudo imitasi jakarta pusat,Spare Part Mobil
jual kaos kerah pria polo shirt otomotif ducati corse putih,Lainnya
jual kaos kerah pria polo shirt otomotif ducati corse navy,Lainnya
jual kaos kerah pria polo shirt otomotif ducati corse biru,Lainnya
jual kaos kerah pria polo shirt otomotif ducati corse biru,Lainnya
jual stoplamp granmax custom model jet bus sepasng jakarta,Spare Part Mobil
jual velg mobil bekas racing gp ring pcd cocok apv luxio,Spare Part Mobil
jual bohlam lampu speedometer volt biji termurah,Spare Part Mobil
jual pangkon mesin manual morris mini cooper klasik engine,Spare Part Mobil
jual kisi kisi ac mercy jakarta timur tokopedia,Spare Part Mobil
jual arm ball joint mercedes,Spare Part Mobil
jual therapeutic play mainan terapi wicara sedotan ulir peluit,Lainnya
jual handel kunci laci suzuki escudo imitasi jakarta pusat,Spare Part Mobil
jual sarung tangan motor wanita musim panas berkendara katun,Lainnya
jual velg mobil bekas racing gp ring pcd cocok apv luxio,Spare Part Mobil
jual karpet mobil universal jadul antik nos kota bandung,Aksesoris Interior
jual cat minyak platone ukuran liter np kota,Lainnya
jual ic kota,Lainnya
jual velg racing rays ring lebar mobil hrv ertiga,Spare Part Mobil
jual tali kipas fan belt jakarta pusat jayachampion,Lainnya
jual mainan kucing ikan bergerak fish dancing toys mas kuning,Lainnya
jual pangkon mesin manual morris mini cooper klasik engine,Spare Part Mobil
jual cat minyak platone ukuran liter np kota,Lainnya
jual cat minyak platone ukuran liter np kota,Lainnya
jual cat minyak platone ukuran liter np kota,Lainnya
jual cat minyak platone ukuran liter np kota,Lainnya
promo handle tarikan gold laci pintu lemari minimalis,Lainnya
jual tromol brake drum carry kab kediri,Lainnya
jual sarung jok mobil carry futura jakarta utara,Aksesoris Interior
jual handel kunci laci suzuki escudo imitasi jakarta pusat,Spare Part Mobil
jual baut mur knop kunci kaca jendela kijang kapsul,Spare Part Mobil
jual velg racing rays ring lebar mobil hrv ertiga,Spare Part Mobil
jual antena mobil kijang katana futura colt zebra,Spare Part Mobil
jual rantang susun tupperware small click to go ungu kuning,Lainnya
jual karpet kepet lumpur roda mudguard mitsubishi kuda set,Aksesoris Eksterior
jual klem kancing pengait tutup filter saringan udara,Spare Part Mobil
jual slacke adjuster paha ayam hino jakarta barat,Spare Part Mobil
jual kabel busi spark plug racing toyota starlet kapsul,Spare Part Mobil
jual mika lampu sen sein jeep warna putih biru kuning,Spare Part Mobil
jual knalpot rx king knalpot kolong plat karat racing,Lainnya
jual filter oli innova fortuner hilux diesel original,Spare Part Mobil
jual kunci remote serena hws model flip key after market,Spare Part Mobil
jual karet wiper refill blade rangka besi kaca mobil kota,Spare Part Mobil
jual velg mobil rays lebar et blue avanza xenia brio,Spare Part Mobil
jual penjepit karpet lantai set kijang,Spare Part Mobil
jual gigi gardan isuzu traga kab pesawaran fendiautopart,Spare Part Mobil
jual velg mobil bekas racing gp ring pcd cocok apv luxio,Spare Part Mobil
jual spion sigra manual terlengkap harga murah mei,Spare Part Mobil
jual velg mobil velg ring brio jazz yaris vios agya,Spare Part Mobil
jual karpet kepet lumpur roda mudguard mitsubishi kuda set,Aksesoris Eksterior
jual kabel data plc mitsubishi meter kota surabaya,Lainnya
jual second ac mitsubishi freon jakarta selatan setia,Lainnya
jual pcs spuyer bensin spuyer jet karburator main jet pilot,Spare Part Mobil
jual baut mur knop kunci kaca jendela kijang kapsul,Spare Part Mobil
jual daihatsu ori selang ventilation hawa xenia,Spare Part Mobil
jual filter udara racing toyota innova sakura original,Spare Part Mobil
delkor harga terbaru spesifikasi terlengkap,Spare Part Mobil
jual klem kancing pengait tutup filter saringan udara,Spare Part Mobil
jual pangkon mesin manual morris mini cooper klasik engine,Spare Part Mobil
jual plat tangga isuzu panther kota bekasi samudra,Aksesoris Eksterior
jual antena mobil kijang katana futura colt zebra,Spare Part Mobil
jual tali kipas fan belt jakarta pusat jayachampion,Lainnya
jual bolam led mobil terlengkap harga murah april cicil,Spare Part Mobil
jual switch solenoid dinamo starter mazda jakarta timur,Spare Part Mobil
jual kaca mazda sensor kota tangerang kacamobil,Spare Part Mobil
jual kunci remote serena hws model flip key after market,Spare Part Mobil
jual kaos kerah pria polo shirt otomotif ducati corse putih,Lainnya
jual kaos kerah pria polo shirt otomotif ducati corse navy,Lainnya
jual kaos kerah pria polo shirt otomotif ducati corse biru,Lainnya
jual kaos kerah pria polo shirt otomotif ducati corse biru,Lainnya
jual johnny lightning shelby kab bekasi,Lainnya
jual jasa pasang head unit mobil jakarta utara ginanfashop,Aksesoris Interior
jual velg racing rays ring lebar mobil hrv ertiga,Spare Part Mobil
delkor harga terbaru spesifikasi terlengkap,Spare Part Mobil
jual rumah filter udara xenia non vvti ori jakarta utara,Spare Part Mobil
jual velg mobil bekas racing gp ring pcd cocok apv luxio,Spare Part Mobil
jual siku box speaker plastik bulat siku speaker audio siku,Lainnya
jual bahan terpal bak mobil pick up terpal truk ukuran,Aksesoris Eksterior
jual velg racing rays ring lebar mobil hrv ertiga,Spare Part Mobil
jual shockbreaker toyota corolla terbaru harga,Spare Part Mobil
jual engsel spion fortuner innova hilux bracket original,Spare Part Mobil
jual toyota kijang zenix hybrid terbaru harga termurah,Kendaraan
jual grill gril ram bumper kijang kapsul original toyota,Spare Part Mobil
jual toyota alphard edisi hibrida mobilan diecast seller,Lainnya
jual busi iridium calya original terbaru harga termurah,Spare Part Mobil
jual kampas kopling kijang terbaru harga termurah,Spare Part Mobil
jual wiper hilux single cabin terbaru harga termurah,Spare Part Mobil
jual sayap mobil terbaru harga termurah,Aksesoris Eksterior
jual karet bemper veloz terbaru harga termurah,Spare Part Mobil
jual sling sliding door alphard kanan terbaru harga,Spare Part Mobil
jual busi iridium calya original terbaru harga termurah,Spare Part Mobil
jual headlamp mika lampu jazz terbaru harga termurah,Spare Part Mobil
jual sayap mobil terbaru harga termurah,Aksesoris Eksterior
jual laptop medan gratis ongkir harga murah blibli,Lainnya
jual body kit brio terbaru harga termurah blibli,Spare Part Mobil
jual tomica honda civic type original harga termurah mei,Lainnya
jual grill gril ram bumper kijang kapsul original toyota,Spare Part Mobil
jual engsel spion fortuner innova hilux bracket original,Spare Part Mobil
jual baut roda mobil terbaru harga termurah,Spare Part Mobil
jual headlamp mika lampu jazz terbaru harga termurah,Spare Part Mobil
jual lubang terbaru harga termurah,Spare Part Mobil
jual goodyear assurance duraplus ban mobil,Spare Part Mobil
jual sayap mobil terbaru harga termurah,Aksesoris Eksterior
jual towing arb rush gr terbaru harga termurah,Aksesoris Eksterior
jual wiper hilux single cabin terbaru harga termurah,Spare Part Mobil
jual glow plug panther cc terbaru harga termurah,Spare Part Mobil
jual tangki yz fx terbaru harga termurah,Lainnya
jual rumah filter udara dutro terbaru harga termurah,Spare Part Mobil
jual saringan knalpot yamaha terbaru harga,Spare Part Mobil
jual roda gila carry terbaru harga termurah,Spare Part Mobil
jual jet oil nissan terbaru harga termurah blibli,Spare Part Mobil
jual lampu sein binter merzy terbaru harga termurah,Spare Part Mobil
jual kaca hyundai stargazer terbaru harga,Spare Part Mobil
jual peredam mobil stargazer terbaru harga termurah,Aksesoris Interior
jual grill gril ram bumper kijang kapsul original toyota,Spare Part Mobil
jual engsel spion fortuner innova hilux bracket original,Spare Part Mobil
jual towing arb rush gr terbaru harga termurah,Aksesoris Eksterior
jual towing arb rush gr terbaru harga termurah,Aksesoris Eksterior
jual wiper hilux single cabin terbaru harga termurah,Spare Part Mobil
jual cover shock mx king terbaru harga termurah,Lainnya
jual paket whelen harley terbaru harga termurah,Lainnya
jual meyle wiper terbaru harga termurah blibli,Spare Part Mobil
jual pipa ac ertiga terbaru harga termurah blibli,Spare Part Mobil
jual kunci pembuka baut ganti oli motor terbaru,Spare Part Mobil
jual tangki yz fx terbaru harga termurah,Lainnya
jual roda gila carry terbaru harga termurah,Spare Part Mobil
jual saringan knalpot yamaha terbaru harga,Spare Part Mobil
jual stiker dilarang merokok mobil terbaru harga,Aksesoris Eksterior
jual jet oil nissan terbaru harga termurah blibli,Spare Part Mobil
jual speaker sts slim terbaru harga termurah,Spare Part Mobil
jual glow plug panther cc terbaru harga termurah,Spare Part Mobil
jual lampu sein binter merzy terbaru harga termurah,Spare Part Mobil
jual karet bemper veloz terbaru harga termurah,Spare Part Mobil
jual velg vrossi sanca jupiter terbaru harga termurah,Lainnya
jual kampas kopling fuso terbaru harga termurah,Spare Part Mobil
jual trail mini terbaru harga termurah blibli,Lainnya
jual switch power window wuling terbaru harga,Spare Part Mobil
jual sling sliding door alphard kanan terbaru harga,Spare Part Mobil
jual kampas kopling kijang terbaru harga termurah,Spare Part Mobil
jual kopling isuzu elf nkr terbaru harga termurah,Spare Part Mobil
jual seal kruk as satria terbaru harga termurah,Spare Part Mobil
jual velg astrea prima terbaru harga termurah,Lainnya
jual visor honda coba terbaru harga termurah blibli,Lainnya
jual karung beras kg termurah harga grosir terupdate,Lainnya
jual paket whelen harley terbaru harga termurah,Lainnya
jual baut roda mobil terbaru harga termurah,Spare Part Mobil
jual sayap mobil terbaru harga termurah,Aksesoris Eksterior
jual goodyear assurance duraplus ban mobil,Spare Part Mobil
jual cetakan bolu bentuk love original murah harga diskon mei,Lainnya
jual mercedes benz sun visor terbaru harga termurah,Spare Part Mobil
jual baut roda mobil terbaru harga termurah,Spare Part Mobil
jual toyota alphard edisi hibrida mobilan diecast seller,Lainnya
jual aki gs astra mf motor honda vario honda,Lainnya
jual pandawa bus original harga termurah april blibli,Lainnya
jual pipa ac ertiga terbaru harga termurah blibli,Spare Part Mobil
jual roda gila carry terbaru harga termurah,Spare Part Mobil
jual kaca spion cermin spion kaca spion strada modif harga,Spare Part Mobil
jual lampu stop ss terbaru harga,Spare Part Mobil
jual oli sgp terbaru harga termurah blibli,Oli dan Penghemat BBM
jual grill gril ram bumper kijang kapsul original toyota,Spare Part Mobil
jual sayap mobil terbaru harga termurah,Aksesoris Eksterior
jual kampas kopling kijang terbaru harga termurah,Spare Part Mobil
jual lampu stop ss terbaru harga,Spare Part Mobil
jual kaca spion cermin spion kaca spion strada modif harga,Spare Part Mobil
jual grill gril ram bumper kijang kapsul original toyota,Spare Part Mobil
jual engsel spion fortuner innova hilux bracket original,Spare Part Mobil
jual goodyear assurance duraplus ban mobil,Spare Part Mobil
jual master kopling terbaru harga,Spare Part Mobil
jual headlamp mika lampu jazz terbaru harga termurah,Spare Part Mobil
jual sayap mobil terbaru harga termurah,Aksesoris Eksterior
jual karpet mobil mazda cx terbaru harga termurah,Aksesoris Interior
jual headlamp mika lampu jazz terbaru harga termurah,Spare Part Mobil
jual switch power window wuling terbaru harga,Spare Part Mobil
jual ampuh obat cairan pembersih jamur kaca mobil,Lainnya
jual kaca spion cermin spion kaca spion strada modif harga,Spare Part Mobil
jual grill gril ram bumper kijang kapsul original toyota,Spare Part Mobil
jual engsel spion fortuner innova hilux bracket original,Spare Part Mobil
jual headlamp mika lampu jazz terbaru harga termurah,Spare Part Mobil
jual towing arb rush gr terbaru harga termurah,Aksesoris Eksterior
jual wiper hilux single cabin terbaru harga termurah,Spare Part Mobil
jual pully mio ktc terbaru harga termurah blibli,Lainnya
jual paket whelen harley terbaru harga termurah,Lainnya
jual arm kaze pnp terbaru harga termurah,Lainnya
jual stang stir revo absolute terbaru harga termurah,Lainnya
jual tangki yz fx terbaru harga termurah,Lainnya
jual kunci pembuka baut ganti oli motor terbaru,Spare Part Mobil
jual pipa ac ertiga terbaru harga termurah blibli,Spare Part Mobil
jual switch rem mio terbaru harga,Lainnya
jual pelek rcb palang scoopy terbaru harga termurah,Lainnya
jual speaker sts slim terbaru harga termurah,Spare Part Mobil
jual jet oil nissan terbaru harga termurah blibli,Spare Part Mobil
jual saringan knalpot yamaha terbaru harga,Spare Part Mobil
jual stiker dilarang merokok mobil terbaru harga,Aksesoris Interior
jual roda gila carry terbaru harga termurah,Spare Part Mobil
jual cetak plat nomor mobil hitam terbaru harga,Spare Part Mobil
jual kompressor mollar black terbaru harga termurah,Spare Part Mobil
jual velg vrossi sanca jupiter terbaru harga termurah,Lainnya
jual glow plug panther cc terbaru harga termurah,Spare Part Mobil
jual karet bemper veloz terbaru harga termurah,Spare Part Mobil
jual lampu sein binter merzy terbaru harga termurah,Spare Part Mobil
jual trail mini terbaru harga termurah blibli,Lainnya
jual kampas kopling fuso terbaru harga termurah,Spare Part Mobil
jual pipa stang vespa px terbaru harga termurah,Lainnya
jual arm qtt jupiter terbaru harga termurah blibli,Lainnya
jual side skirt grand livina terbaru harga termurah,Spare Part Mobil
jual gear rumah kopling vega zr terbaru harga,Lainnya
jual rack steer evalia heiker terbaru harga termurah,Spare Part Mobil
jual sling sliding door alphard kanan terbaru harga,Spare Part Mobil
jual setelan angin karburator mio terbaru harga,Lainnya
jual ban bf goodrich terbaru harga termurah,Spare Part Mobil
jual velg astrea prima terbaru harga termurah,Lainnya
jual quick kronos terbaru harga termurah blibli,Lainnya
jual cover ban mobil sarung ban serep mobil toyota hilux suv,Aksesoris Eksterior
jual cover ban mobil sarung ban serep mobil toyota camry mpv,Aksesoris Eksterior
jual engine mounting kanan karet dudukan mesin kanan toyota,Spare Part Mobil
jual produk stiker mobil stiker mobil universal termurah,Aksesoris Eksterior
jual tas buku manual buku service mobil lapak arsya shop,Lainnya
jual bodykit vios gen model tomz lapak faizall fadillah,Spare Part Mobil
jual engine mounting dudukan mesin corolla twincam,Spare Part Mobil
jual fork garpu sendok pemindah penghubung gear gigi,Spare Part Mobil
jual produk stiker mobil stiker mobil universal termurah,Aksesoris Eksterior
jual tas buku manual buku service mobil lapak arsya shop,Lainnya
jual beli aksesoris eksterior mitsubishi bogor bukalapak,Aksesoris Eksterior
jual door sub seal karet tiang pintu honda civic estilo,Spare Part Mobil
jual cover ban mobil sarung ban serep mobil honda mobilio mpv,Aksesoris Eksterior
jual keong honda civic ferio lapak nrs motor,Spare Part Mobil
jual produk stiker mobil stiker mobil universal termurah,Aksesoris Eksterior
jual kit clutch master repair kit sil isi master,Spare Part Mobil
jual mur baut as roda vw safari kodok lapak,Spare Part Mobil
jual cover ban mobil sarung ban serep mobil toyota hilux suv,Aksesoris Eksterior
jual cover ban mobil sarung ban serep mobil toyota camry mpv,Aksesoris Eksterior
jual tas buku manual buku service mobil lapak arsya shop,Lainnya
jual beli aksesoris eksterior mitsubishi bogor bukalapak,Aksesoris Eksterior
jual produk kunci momen kunci termurah terlengkap mei,Lainnya
jual tas buku manual buku service mobil lapak arsya shop,Lainnya
jual kaos gunung merbabu bikin rindu shirt outoor kualitas,Lainnya
daftar pemenang serbu seru bukalapak blog,Lainnya
jual beli aksesoris eksterior mitsubishi bogor bukalapak,Aksesoris Eksterior
jual sepatu kickers safety boot kulit suede mercy,Lainnya
jual gir gear ger set kawasaki ninja rr standar fukukawa,Lainnya
jual beli aksesoris eksterior mitsubishi bogor bukalapak,Aksesoris Eksterior
jual brake shoe kampas rem ignis,Spare Part Mobil
jual produk stiker mobil stiker mobil universal termurah,Aksesoris Eksterior
jual kit clutch master repair kit sil isi master,Spare Part Mobil
jual paket murah behel begel pegangan jok,Lainnya
jual cover ban mobil sarung ban serep mobil toyota camry mpv,Aksesoris Eksterior
jual cover ban mobil sarung ban serep mobil toyota hilux suv,Aksesoris Eksterior
jual cover ban mobil sarung ban serep mobil toyota hilux suv,Aksesoris Eksterior
jual kondensor condensor ac mobil mitsubishi grandis,Spare Part Mobil
jual beli aksesoris eksterior mitsubishi bogor bukalapak,Aksesoris Eksterior
jual produk triton baut roda triton termurah terlengkap mei,Spare Part Mobil
jual tas buku manual buku service mobil lapak arsya shop,Lainnya
jual kit clutch master repair kit sil isi master,Spare Part Mobil
jual tas buku manual buku service mobil lapak arsya shop,Lainnya
jual paket murah behel begel pegangan jok,Lainnya
jual beli aksesoris eksterior mitsubishi bogor bukalapak,Aksesoris Eksterior
jual tas buku manual buku service mobil lapak arsya shop,Lainnya
daftar pemenang serbu seru bukalapak blog,Lainnya
jual klip dudukan baut liner spakbor toyota kijang,Spare Part Mobil
jual filter udara racing toyota innova sakura original,Spare Part Mobil
jual grill kijang super terlengkap harga murah maret,Spare Part Mobil
jual blower ac terbaik harga murah april cicil,Spare Part Mobil
jual bukaan pintu bagasi handle pintu bagasi,Spare Part Mobil
jual amsoil terlengkap harga murah mei cicil,Spare Part Mobil
jual stoplamp lampu mazda cx jakarta utara,Spare Part Mobil
jual klip kancing liner inner fender innova fortuner hilux jakarta,Spare Part Mobil
jual dinamo starter crv terbaik harga murah mei cicil,Spare Part Mobil
delkor harga terbaru spesifikasi terlengkap,Spare Part Mobil
jual panel speedometer kijang super custom odometer,Spare Part Mobil
jual daihatsu stiker zebra valve hitam kota surabaya,Aksesoris Eksterior
jual bearing kopling master kopling,Spare Part Mobil
jual pipi corner panel hino lh kiri putih jakarta barat,Spare Part Mobil
toko karpet mobil force online produk lengkap harga terbaik,Lainnya
jual gasket oli transmisi avanza agya calya rush,Spare Part Mobil
jual gril grill samping ring lampu utama headlamp rim,Spare Part Mobil
jual daihatsu stiker zebra valve hitam kota surabaya,Aksesoris Eksterior
zirang daihatsu official store produk resmi terlengkap,Lainnya
jual klip dudukan baut liner spakbor toyota kijang,Spare Part Mobil
jual stoplamp lampu mazda cx jakarta utara,Spare Part Mobil
jual gril grill samping ring lampu utama headlamp rim,Spare Part Mobil
jual gantungan kunci keychain baju taruna kab magelang,Lainnya
jual kaca spion honda hrv kanan jakarta,Spare Part Mobil
jual dompet kunci mobil remote keyless stnk honda kulit asli,Lainnya
jual kaki spion avanza vvt-i dudukan spion xenia vvt-i kanan,Spare Part Mobil
jual bearing roda grand livina nis jakarta utara,Spare Part Mobil
jual paket velg bekas mobil chevrolet captiva ring baut ban,Spare Part Mobil
jual panel speedometer kijang super custom odometer,Spare Part Mobil
jual saung terbaik harga murah mei cicil tokopedia,Lainnya
toko bjm motor crg online produk lengkap harga terbaik,Lainnya
delkor harga terbaru spesifikasi terlengkap,Spare Part Mobil
jual karpet dasar lantai mobil honda mobilio jakarta utara,Aksesoris Interior
jual dinamo starter crv terbaik harga murah mei cicil,Spare Part Mobil
promo honda wr-v tipe rs with honda sensing cicil,Kendaraan
jual velg mobil enkei tulang warna putih hsr,Spare Part Mobil
honda jaya makmur part cengkareng jakarta barat tokopedia,Lainnya
jual kaca spion honda hrv kanan jakarta,Spare Part Mobil
jual dompet kunci mobil remote keyless stnk honda kulit asli,Lainnya
jual velg enkei ring terlengkap harga murah mei cicil,Spare Part Mobil
jual luminos led sein sen kuning mobil set titik,Spare Part Mobil
jual stabil stabil assy accent verna kiri kanan,Spare Part Mobil
jual headlamp lampu mazda kanan jakarta utara,Spare Part Mobil
jual mirror assy kanan xpander mitsubishi original,Spare Part Mobil
promo sarung cover jok mobil bahan ferari tipe,Aksesoris Interior
jual blower ac terbaik harga murah april cicil,Spare Part Mobil
jual ban mobil velg celong ring type accelera phi-r,Spare Part Mobil
jual diffuser bemper universal kab bogor,Aksesoris Eksterior
toko bjm motor crg online produk lengkap harga terbaik,Lainnya
jual panel speedometer kijang super custom odometer,Spare Part Mobil
jual stabil stabil assy accent verna kiri kanan,Spare Part Mobil
delkor harga terbaru spesifikasi terlengkap,Spare Part Mobil
jual stoplamp lampu mazda cx jakarta utara,Spare Part Mobil
toko karpet mobil force online produk lengkap harga terbaik,Lainnya
jual mirror assy kanan xpander mitsubishi original,Spare Part Mobil
jual karpet dasar lantai mobil honda mobilio jakarta utara,Aksesoris Interior
jual bearing kopling master kopling,Spare Part Mobil
jual kaca spion land cruiser vx cygnus harga satuan,Spare Part Mobil
jual karet kaca pintu kanan mitsubishi kuda,Spare Part Mobil
jual paket velg bekas mobil chevrolet captiva ring baut ban,Spare Part Mobil
promo sarung cover jok mobil bahan ferari tipe,Aksesoris Interior
jual polo shirt bumn pt adhi karya,Lainnya
jual actuator motor central lock pintu bmw kota depok,Spare Part Mobil
jual velg mobil original copottan mobil bmw,Spare Part Mobil
jual headlamp lampu mazda kanan jakarta utara,Spare Part Mobil
jual beras kepala rojolele kota bekasi juragan,Lainnya
jual stoplamp lampu mazda cx jakarta utara,Spare Part Mobil
jual amsoil terlengkap harga murah mei cicil,Spare Part Mobil
jual remote alarm mobil kab bekasi duta usaha,Spare Part Mobil
jual kain jok mobil bahan fabric motif sarang lebah recaro kab,Aksesoris Interior
jual yakult kota administrasi jakarta selatan buih kopi,Lainnya
jual bearing roda grand livina nis jakarta utara,Spare Part Mobil
jual mainan dinosaurus bersuara jalan lampu mainan,Lainnya
jual best seller beras setra ramos premium kg,Lainnya
jual kaos logo adidas batik cotton 's premium bayi anak,Lainnya
jual blower ac terbaik harga murah april cicil,Spare Part Mobil
jual raja platinum beras slyp super kota palembang meri,Lainnya
jual kaos sonic the hedgehog cotton 's bayi anak remaja,Lainnya
promo sarung cover jok mobil bahan ferari tipe,Aksesoris Interior
jual celengan tanah liat ayam premium celengan target unik,Lainnya
promo mercy sofa kursi santai kursi malas kursi empuk kursi baca,Lainnya
toko pt hartono raya motor surabaya online produk lengkap,Lainnya
jual amsoil terlengkap harga murah mei cicil,Spare Part Mobil
toko panca tunggal online produk lengkap harga terbaik,Lainnya
jual brake lining kampas rem wb hino lohan,Spare Part Mobil
jual dijual rak tv minimalis diskon jakarta barat,Lainnya
jual velg mobil original copottan mobil bmw,Spare Part Mobil
promo lego avatar skimwing adventure building toy set,Lainnya
jual blower ac terbaik harga murah april cicil,Spare Part Mobil
jual natalia big hugs dress batik natal terbaru unttuk acara,Lainnya
jual sepatu sandal gunung pria jack wolfskin sepatu sepeda mtb,Lainnya
jual velg mobil bekas seken racing ring pcd lebar et,Spare Part Mobil
jual tile trim kuku macan corner trim aluminium square type,Lainnya
promo yokohama advan sport ban,Spare Part Mobil
jual kaos jersey sepak bola timnas indonesia kustom,Lainnya
jual kampas ganda aerox original yamaha kab,Lainnya
jual ikan cupang plakat kombinasi besgel bester line fancy koi,Lainnya
jual bukaan pintu bagasi handle pintu bagasi,Spare Part Mobil
jual velg mobil ertiga enkei pcd lebar velg,Spare Part Mobil
jual lampu sein bumper suzuki jimny katana caribian,Spare Part Mobil
jual klip kancing suzuki asli sgp jakarta pusat sentosa motor,Spare Part Mobil
jual stabil stabil assy accent verna kiri kanan,Spare Part Mobil
jual velg enkei ring terlengkap harga murah mei cicil,Spare Part Mobil
jual daihatsu stiker zebra valve hitam kota surabaya,Aksesoris Eksterior
jual karpet dasar lantai mobil honda mobilio jakarta utara,Aksesoris Interior
jual tas mobil balap rc tas rc model mobil remote control,Lainnya
toko karpet mobil force online produk lengkap harga terbaik,Lainnya
jual paket velg bekas mobil chevrolet captiva ring baut ban,Spare Part Mobil
promo yokohama advan sport ban,Spare Part Mobil
jual dompet kunci mobil remote keyless stnk honda kulit asli,Lainnya
jual karet kaca pintu kanan mitsubishi kuda,Spare Part Mobil
toko bjm motor crg online produk lengkap harga terbaik,Lainnya
jual sensor ckd best kota bandung,Spare Part Mobil
jual velg mobil enkei tulang warna putih hsr,Spare Part Mobil
jual karet kaca pintu kanan mitsubishi kuda,Spare Part Mobil
jual ring gear gigi flywheel roda gila canter,Spare Part Mobil
jual mirror assy kanan xpander mitsubishi original,Spare Part Mobil
jual bukaan pintu bagasi handle pintu bagasi,Spare Part Mobil
jual filter udara racing toyota innova sakura original,Spare Part Mobil
delkor harga terbaru spesifikasi terlengkap,Spare Part Mobil
jual lampu rem stop lamp fuso fighter,Spare Part Mobil
jual daihatsu stiker zebra valve hitam kota surabaya,Aksesoris Eksterior
toko karpet mobil force online produk lengkap harga terbaik,Lainnya
jual blower ac terbaik harga murah april cicil,Spare Part Mobil
jual headlamp lampu mazda kanan jakarta utara,Spare Part Mobil
jual stoplamp lampu mazda cx jakarta utara,Spare Part Mobil
jual batik couple kebaya modern baju wisuda tunangan lamaran,Lainnya
jual bearing kopling master kopling,Spare Part Mobil
jual kaca spion land cruiser vx cygnus harga satuan,Spare Part Mobil
jual dinamo starter crv terbaik harga murah mei cicil,Spare Part Mobil
toko bjm motor crg online produk lengkap harga terbaik,Lainnya
jual gorden tirai innova reborn kaca abu tua,Aksesoris Interior
jual daihatsu stiker zebra valve hitam kota surabaya,Aksesoris Eksterior
promo sarung cover jok mobil bahan ferari tipe,Aksesoris Interior
promo yokohama advan sport ban,Spare Part Mobil
jual velg enkei ring terlengkap harga murah mei cicil,Spare Part Mobil
delkor harga terbaru spesifikasi terlengkap,Spare Part Mobil
jual velg mobil bekas seken racing ring pcd lebar et,Spare Part Mobil
jual murah paket terlengkap seragam bridesmaid kebaya,Lainnya
jual karpet dasar lantai mobil honda mobilio jakarta utara,Aksesoris Interior
jual bukaan pintu bagasi handle pintu bagasi,Spare Part Mobil
jual dunlop sp sport ukuran ban mobil kota,Spare Part Mobil
jual panel speedometer kijang super custom odometer,Spare Part Mobil
jual dinamo starter crv terbaik harga murah mei cicil,Spare Part Mobil
jual dompet kunci mobil remote keyless stnk honda kulit asli,Lainnya
jual kaca spion honda hrv kanan jakarta,Spare Part Mobil
jual stoplamp lampu mazda cx jakarta utara,Spare Part Mobil
jual dunlop sp sport ukuran ban mobil kota,Spare Part Mobil
jual puley dynamo alternator toyota terbaru harga,Spare Part Mobil
jual sarung jok inova bungkus jok mobil toyota kijang,Aksesoris Interior
promo toyota alphard edisi hibrida mobilan diecast,Lainnya
jual sarung kunci innova zenix termurah harga grosir terupdate,Lainnya
jual seal kruk as innova terbaru harga,Spare Part Mobil
jual lampu mobil terios terbaru harga,Spare Part Mobil
jual cv joint inner as roda timor mazda familia seller,Spare Part Mobil
jual timing belt kijang kapsul terbaru harga termurah,Spare Part Mobil
jual gratis ongkir mio sepeda motor stiker emblem,Lainnya
jual grease gunpompa gemuk psi,Spare Part Mobil
jual bridgestone dueler at owt ukuran ban mobil,Spare Part Mobil
jual lampu mobil terios terbaru harga,Spare Part Mobil
jual cv joint inner as roda timor mazda familia seller,Spare Part Mobil
jual busi pemanas taft terbaru harga termurah,Spare Part Mobil
stator alternator lengkap harga terbaru mei blibli,Spare Part Mobil
jual gratis ongkir mio sepeda motor stiker emblem,Lainnya
jual komik solo gratis ongkir harga terbaru mei blibli,Lainnya
alasan kamera buram mengatasinya,Lainnya
jual koil coil honda crv terbaru harga termurah,Spare Part Mobil
jual bohlam led honda city terbaru harga,Spare Part Mobil
jual stiker kap mobil brio terbaru harga termurah,Aksesoris Eksterior
jual sarung jok inova bungkus jok mobil toyota kijang,Aksesoris Interior
jual bagus kanebo jumbo terbaru harga termurah,Lainnya
jual ban mobil bridgestone dueler at,Spare Part Mobil
jual bridgestone dueler at at ban mobil,Spare Part Mobil
jual ban bridgestone dueler,Spare Part Mobil
jual ban bridgestone dueler at,Spare Part Mobil
jual ban mobil bridgestone dueler at,Spare Part Mobil
jual bridgestone dueler at ukuran ban mobil,Spare Part Mobil
jual arm enkei mx king terbaru harga termurah,Lainnya
stator alternator lengkap harga terbaru mei blibli,Spare Part Mobil
jual selang waterpump vario terbaru harga,Lainnya
jual helm motor mini trail terbaru harga termurah,Lainnya
jual ban mobil ukuran ring terbaru harga,Spare Part Mobil
jual cv joint inner as roda timor mazda familia seller,Spare Part Mobil
jual gratis ongkir mio sepeda motor stiker emblem,Lainnya
jual gratis ongkir mio sepeda motor stiker emblem,Lainnya
jual stiker velg verza terbaru harga termurah,Lainnya
jual selang waterpump vario terbaru harga,Lainnya
jual arm enkei mx king terbaru harga termurah,Lainnya
jual helm motor mini trail terbaru harga termurah,Lainnya
jual ban mobil ukuran ring terbaru harga,Spare Part Mobil
jual vacum mega pro original terbaru harga,Lainnya
jual helm custom valentino rossi terbaru harga,Lainnya
jual usd pnp wr terbaru harga termurah blibli,Lainnya
jual spion cermin ertiga gx terbaru harga termurah,Spare Part Mobil
jual bohlam led honda city terbaru harga,Spare Part Mobil
jual karet tutup radiator motor terbaru harga,Lainnya
jual spakbor rgr terbaru harga termurah blibli,Lainnya
jual knocker comp vario terbaru harga termurah,Lainnya
jual thermoswitch digital terbaru harga termurah,Spare Part Mobil
jual valeo kopling proton terbaru harga termurah,Spare Part Mobil
jual swing arm capit urang terbaru harga termurah,Spare Part Mobil
jual seal kruk as innova terbaru harga,Spare Part Mobil
jual spion kiri suzuki over terbaru harga termurah,Spare Part Mobil
jual ban mobil bridgestone dueler at,Spare Part Mobil
jual bridgestone dueler at at ban mobil,Spare Part Mobil
jual ban bridgestone dueler,Spare Part Mobil
jual ban bridgestone dueler at,Lainnya
jual ban mobil bridgestone dueler at,Spare Part Mobil
jual bridgestone dueler at ukuran ban mobil,Spare Part Mobil
jual hoodie brtwl mercy terbaik mei harga murah gratis,Lainnya
jual mercedes ml terbaru harga termurah,Kendaraan
jual selang hawa ertiga terbaru harga termurah,Spare Part Mobil
jual seal sil gardan kardan carry kruk as,Spare Part Mobil
jual spion cermin ertiga gx terbaru harga termurah,Spare Part Mobil
jual engine mounting karet dudukan mesin grand vitara escudo,Spare Part Mobil
jual suzuki oli mesin terbaru harga termurah,Oli dan Penghemat BBM
jual spion kiri suzuki over terbaru harga termurah,Spare Part Mobil
jual cv joint inner as roda timor mazda familia seller,Spare Part Mobil
jual gratis ongkir mio sepeda motor stiker emblem,Lainnya
jual handle pintu suzuki apv terbaru harga,Spare Part Mobil
jual sarung jok inova bungkus jok mobil toyota kijang,Aksesoris Interior
jual thermostat bensin asli original,Spare Part Mobil
jual paking knalpot gasket kenalpot mitsubishi ps,Spare Part Mobil
jual lampu headlamp mitsubishi ss original stanley,Spare Part Mobil
jual bridgestone dueler at ukuran ban mobil,Spare Part Mobil
stator alternator lengkap harga terbaru mei blibli,Spare Part Mobil
jual lampu galant lele terbaru harga termurah,Spare Part Mobil
jual handel pintu terbaru harga termurah,Spare Part Mobil
jual ban mobil bridgestone dueler at,Spare Part Mobil
jual bridgestone dueler at at ban mobil,Spare Part Mobil
jual cv joint inner as roda timor mazda familia seller,Spare Part Mobil
jual ban bridgestone dueler,Spare Part Mobil
jual ban bridgestone dueler at,Spare Part Mobil
jual sarung jok inova bungkus jok mobil toyota kijang,Aksesoris Interior
jual bridgestone dueler at ukuran ban mobil,Spare Part Mobil
jual ban mobil bridgestone dueler at,Spare Part Mobil
jual gratis ongkir mio sepeda motor stiker emblem,Lainnya
jual cv joint inner as roda timor mazda familia seller,Spare Part Mobil
jual cv joint inner as roda timor mazda familia seller,Spare Part Mobil
jual gratis ongkir mio sepeda motor stiker emblem,Lainnya
jual sarung jok inova bungkus jok mobil toyota kijang,Aksesoris Interior
jual stiker velg verza terbaru harga termurah,Lainnya
jual striping supra merah putih terbaru harga,Lainnya
jual selang waterpump vario terbaru harga,Lainnya
jual arm enkei mx king terbaru harga termurah,Lainnya
jual ban mobil ukuran ring terbaru harga,Spare Part Mobil
jual vacum mega pro original terbaru harga,Spare Part Mobil
jual usd pnp wr terbaru harga termurah blibli,Lainnya
jual spion cermin ertiga gx terbaru harga termurah,Spare Part Mobil
jual helm motor mini trail terbaru harga termurah,Lainnya
jual bohlam led honda city terbaru harga,Spare Part Mobil
jual karet tutup radiator motor terbaru harga,Lainnya
jual lampu galant lele terbaru harga termurah,Spare Part Mobil
jual spakbor rgr terbaru harga termurah blibli,Lainnya
jual knocker comp vario terbaru harga termurah,Lainnya
jual thermoswitch digital terbaru harga termurah,Spare Part Mobil
jual valeo kopling proton terbaru harga termurah,Spare Part Mobil
jual swing arm capit urang terbaru harga termurah,Spare Part Mobil
jual baut mesin revo absolute terbaru harga termurah,Lainnya
jual kabel bodi motor yamaha xeon terbaru harga,Lainnya
jual trim tab terbaru harga termurah blibli,Spare Part Mobil
jual seal kruk as innova terbaru harga,Spare Part Mobil
jual dinamo motor blower fan angin ac mobil toyota,Spare Part Mobil
jual produk shock absorber toyota termurah,Spare Part Mobil
jual produk sambungan selang air wiper termurah,Spare Part Mobil
jual bodykit vios gen model tomz lapak faizall fadillah,Spare Part Mobil
jual grill daihatsu taruna short tipe long tipe lapak qodar,Spare Part Mobil
jual bahan kunci honda crv gen lapak herna bukalapak,Spare Part Mobil
jual dinamo motor blower fan angin ac mobil toyota,Spare Part Mobil
jual ban mobil grand max pick up carry forceum digon lt,Spare Part Mobil
jual produk stiker mobil pick termurah terlengkap mei,Aksesoris Eksterior
jual bahan kunci honda crv gen lapak herna bukalapak,Spare Part Mobil
jual door sub seal karet tiang pintu honda civic estilo,Spare Part Mobil
jual brake shoe kampas rem mobilio,Spare Part Mobil
jual produk sambungan selang air wiper termurah,Spare Part Mobil
jual pelipit list kaca jendela mobil mitsubishi kuda,Spare Part Mobil
jual switch magnetic bendik stater original kawasaki,Lainnya
jual karet kap mesin xtrail serena ori nissan lapak ersya,Spare Part Mobil
jual dinamo motor blower fan angin ac mobil toyota,Spare Part Mobil
jual kaos gunung merbabu bikin rindu shirt outoor kualitas,Lainnya
daftar pemenang serbu seru bukalapak blog,Lainnya
jual produk tutup rantai ketengkas kawasaki termurah,Lainnya
jual ban mobil grand max pick up carry forceum digon lt,Spare Part Mobil
jual produk stiker mobil pick termurah terlengkap mei,Aksesoris Eksterior
jual brake shoe kampas rem mobilio,Spare Part Mobil
jual pelipit list kaca jendela mobil mitsubishi kuda,Spare Part Mobil
jual eiger camp cot lapak anes shopp bukalapak,Lainnya
jual kondensor condensor ac mobil mitsubishi grandis,Spare Part Mobil
jual ball joint mitsubishi triton thailand meda,Spare Part Mobil
jual pelipit list kaca jendela mobil mitsubishi kuda,Spare Part Mobil
jual dinamo motor blower fan angin ac mobil toyota,Spare Part Mobil
jual produk stiker mobil pick termurah terlengkap mei,Aksesoris Eksterior
jual produk sambungan selang air wiper termurah,Spare Part Mobil
jual grill daihatsu taruna short tipe long tipe lapak qodar,Spare Part Mobil
jual dinamo motor blower fan angin ac mobil toyota,Spare Part Mobil
daftar pemenang serbu seru bukalapak blog,Lainnya
jual cap noken as toyota innova diesel hilux diesel,Spare Part Mobil
jual oli gardan transmisi manual toyota tmo mtf,Oli dan Penghemat BBM
jual bemper toyota inova zenix kota bekasi,Spare Part Mobil
jual paket set ring dudukan soket speaker mobil toyota innova,Spare Part Mobil
jual karpet mobil toyota innova zenix hybrid hitam,Aksesoris Interior
jual tmo toyota gear oil sae oli gardan transmisi,Spare Part Mobil
jual shockbreaker toyota original kab bekasi jaya,Spare Part Mobil
jual ducktail spoiler mobil toyota corona carbon hitam polos,Aksesoris Eksterior
jual karpet mobil comfort premium toyota crown,Aksesoris Interior
promo kaca film vkool wuling air ev cicil,Aksesoris Eksterior
jual stoplamp lampu mazda cx jakarta utara,Spare Part Mobil
jual daihatsu ori tutup oli mesin xenia kota,Spare Part Mobil
jual bumper bemper daihatsu granmax gran,Spare Part Mobil
toko karpet mobil force online produk lengkap harga terbaik,Lainnya
jual gasket oli transmisi avanza agya calya rush,Spare Part Mobil
jual mata sipit mata cipit eyelid alis lampu fiber luxury,Spare Part Mobil
jual bumper bemper daihatsu granmax gran,Spare Part Mobil
jual daihatsu ori tutup oli mesin xenia kota,Spare Part Mobil
zirang daihatsu official store produk resmi terlengkap,Lainnya
jual stoplamp lampu mazda cx jakarta utara,Spare Part Mobil
jual shockbreaker toyota original kab bekasi jaya,Spare Part Mobil
jual arsyled lampu sein led mobil,Spare Part Mobil
jual peredam kedap suara pintu mobil sigracalya karet,Aksesoris Interior
jual mata sipit mata cipit eyelid alis lampu fiber luxury,Spare Part Mobil
jual velg mobil second standar terios ring paket,Spare Part Mobil
jual cargo net jaring bagasi mobil avanza xenia ertiga,Aksesoris Interior
toko bjm motor crg online produk lengkap harga terbaik,Lainnya
jual lampu utama headlamp honda civic genio estilo model oem,Spare Part Mobil
honda jaya makmur part cengkareng jakarta barat tokopedia,Lainnya
jual as roda jazz terlengkap harga murah mei cicil,Spare Part Mobil
jual iklan mobil honda life langka pajangan wall decor,Lainnya
jual arsyled lampu sein led mobil,Spare Part Mobil
jual paket set ring dudukan soket speaker mobil toyota innova,Spare Part Mobil
toko starting grid hsr online produk lengkap harga terbaik,Lainnya
jual luminos led sein sen kuning mobil set titik,Spare Part Mobil
jual sarung jok mobil kijang terlengkap harga murah mei,Aksesoris Interior
jual stabil stabil assy accent verna kiri kanan,Spare Part Mobil
promo kaca film vkool wuling air ev cicil,Aksesoris Eksterior
jual lampu sen spion mazda riting lamp sign sein,Spare Part Mobil
jual mika lampu sein spion isuzu panther touring,Spare Part Mobil
jual stoplamp kiri suzuki aerio kota bekasi filatamajaya motor,Spare Part Mobil
toko bjm motor crg online produk lengkap harga terbaik,Lainnya
jual karpet mobil comfort premium toyota crown,Aksesoris Interior
jual velg mobil raysclub lebar et flow,Spare Part Mobil
jual filter oli oil filter hyundai,Spare Part Mobil
jual stabil stabil assy accent verna kiri kanan,Spare Part Mobil
promo kaca film vkool wuling air ev cicil,Aksesoris Eksterior
jual wheel dop velg kaleng mobil ujuran ring tutup velg standar,Spare Part Mobil
toko starting grid hsr online produk lengkap harga terbaik,Lainnya
jual stoplamp lampu mazda cx jakarta utara,Spare Part Mobil
toko karpet mobil force online produk lengkap harga terbaik,Lainnya
jual stoplamp kiri suzuki aerio kota bekasi filatamajaya motor,Spare Part Mobil
jual karpet mobil toyota innova zenix hybrid hitam,Aksesoris Interior
jual velg mobil bekas oem std apv et polis kota,Spare Part Mobil
jual kunci busi mercedes benz bmw jakarta timur,Spare Part Mobil
jual suggo cetakan kue loyang kue cake pan serbaguna,Lainnya
jual stoplamp lampu mazda cx jakarta utara,Spare Part Mobil
jual iklan mobil honda life langka pajangan wall decor,Lainnya
jual ducktail spoiler mobil toyota corona carbon hitam polos,Aksesoris Eksterior
jual kamper kapur barus gantung pengharum lemari bagus,Lainnya
jual kunci busi mercedes benz bmw jakarta timur,Spare Part Mobil
toko pt hartono raya motor surabaya online produk lengkap,Lainnya
toko panca tunggal online produk lengkap harga terbaik,Lainnya
jual stoplamp kiri suzuki aerio kota bekasi filatamajaya motor,Spare Part Mobil
jual karet elastis kolor seagull papan karet celana seagull,Lainnya
jual yernea peluru ketapel as sepeda steel balls,Lainnya
jual karpet karakter tikar matras plastik,Lainnya
jual sale terbaru dji sam soe magnum bintang,Lainnya
jual mata sipit mata cipit eyelid alis lampu fiber luxury,Spare Part Mobil
jual sale terbaru slop rokok marlboro,Lainnya
jual velg mobil bekas oem std apv et polis kota,Spare Part Mobil
jual sale termurah rokok sampoerna kretek limited,Lainnya
jual velg mobil second standar terios ring paket,Spare Part Mobil
promo yokohama advan sport ban,Spare Part Mobil
jual grill ram rambang hino lohan psti,Spare Part Mobil
jual sale terlaris dji sam soe isi btg slop,Lainnya
jual udang mati jakarta timur toko idelekdesain,Lainnya
jual laptop second hp murah terbaik harga terbaru mei,Lainnya
jual cargo net jaring bagasi mobil avanza xenia ertiga,Aksesoris Interior
jual fitting lampu bohlam sein fr suzuki karimun wagon,Spare Part Mobil
jual list spoiler bumper suzuki ignis original jakarta utara,Aksesoris Eksterior
jual klip kancing suzuki asli sgp jakarta pusat sentosa motor,Spare Part Mobil
jual stabil stabil assy accent verna kiri kanan,Spare Part Mobil
jual caliper kit karet seal rem cakram jimny katana,Lainnya
jual paket set ring dudukan soket speaker mobil toyota innova,Spare Part Mobil
jual reservoir o-ring ps jakarta pusat alv,Spare Part Mobil
jual ring seher futura carbu std tp jepang asli kota depok,Spare Part Mobil
jual velg mobil bekas oem std apv et polis kota,Spare Part Mobil
jual velg mobil bekas oem std apv et polis kota,Spare Part Mobil
toko karpet mobil force online produk lengkap harga terbaik,Lainnya
jual sarung jok mobil kijang terlengkap harga murah mei,Aksesoris Interior
promo yokohama advan sport ban,Spare Part Mobil
jual handle pintu mitsubishi eterna jakarta pusat,Spare Part Mobil
jual arsyled lampu sein led mobil,Spare Part Mobil
toko starting grid hsr online produk lengkap harga terbaik,Lainnya
promo sarung remote wuling air ev gantungan kunci cover,Lainnya
toko bjm motor crg online produk lengkap harga terbaik,Lainnya
jual sensor ckd best kota bandung,Spare Part Mobil
jual kompresor siam compressor ac,Lainnya
jual scuff plate asli mitsubishi lancer evo kiri jakarta,Aksesoris Eksterior
jual handle pintu mitsubishi eterna jakarta pusat,Spare Part Mobil
jual tutup velg dop roda mitsubishi outlander sport pajero,Spare Part Mobil
jual reservoir o-ring ps jakarta pusat alv,Spare Part Mobil
jual cap noken as toyota innova diesel hilux diesel,Spare Part Mobil
jual karpet mobil toyota innova zenix hybrid hitam,Aksesoris Interior
jual cover tutup aki hino lohan jakarta barat fajarjaya diesel,Spare Part Mobil
toko karpet mobil force online produk lengkap harga terbaik,Lainnya
jual bemper toyota inova zenix kota bekasi,Spare Part Mobil
jual ducktail spoiler mobil toyota corona carbon hitam polos,Aksesoris Eksterior
promo kaca film vkool wuling air ev cicil,Aksesoris Eksterior
jual sarung jok mobil kijang terlengkap harga murah mei,Aksesoris Interior
jual lampu sen spion mazda riting lamp sign sein,Spare Part Mobil
jual stoplamp lampu mazda cx jakarta utara,Spare Part Mobil
jual batik couple kebaya modern baju wisuda tunangan lamaran,Lainnya
jual ring seher futura carbu std tp jepang asli kota depok,Spare Part Mobil
jual karpet mobil comfort premium toyota crown,Aksesoris Interior
jual reservoir o-ring ps jakarta pusat alv,Spare Part Mobil
jual karet rem jakarta pusat zhu jaya motor tokopedia,Spare Part Mobil
toko bjm motor crg online produk lengkap harga terbaik,Lainnya
jual ducktail spoiler mobil toyota corona carbon hitam polos,Aksesoris Eksterior
jual shockbreaker toyota original kab bekasi jaya,Spare Part Mobil
jual velg mobil second standar terios ring paket,Spare Part Mobil
promo yokohama advan sport ban,Spare Part Mobil
jual grill ram rambang hino lohan psti,Spare Part Mobil
jual karpet mobil comfort premium toyota crown,Aksesoris Interior
jual stoplamp kiri suzuki aerio kota bekasi filatamajaya motor,Spare Part Mobil
promo kaca film vkool wuling air ev cicil,Aksesoris Eksterior
promo sarung remote wuling air ev gantungan kunci cover,Lainnya
jual peredam kedap suara pintu mobil sigracalya karet,Aksesoris Interior
toko starting grid hsr online produk lengkap harga terbaik,Lainnya
jual ducktail spoiler mobil toyota corona carbon hitam polos,Aksesoris Eksterior
jual ring seher futura carbu std tp jepang asli kota depok,Spare Part Mobil
jual velg mobil second standar terios ring paket,Spare Part Mobil
jual stoplamp lampu mazda cx jakarta utara,Spare Part Mobil
promo karpet mobil toyota kijang innova zenix hybrid tipe,Aksesoris Interior
jual stiker strip samping mobil terbaru harga termurah,Aksesoris Eksterior
jual soket head unit jvc terbaru harga termurah,Aksesoris Interior
jual logo daihatsu terbaru harga termurah blibli,Spare Part Mobil
jual stiker strip samping mobil terbaru harga termurah,Aksesoris Eksterior
jual soket head unit jvc terbaru harga termurah,Aksesoris Interior
jual stiker pintu original murah harga diskon april blibli.com,Aksesoris Eksterior
alasan kamera buram mengatasinya,Lainnya
jual lampu bemper honda brio terbaru harga termurah,Spare Part Mobil
jual selang radiator honda civic genio seller,Spare Part Mobil
jual lampu honda accord prestige terbaru harga,Spare Part Mobil
jual pipa selang rem mobil terbaru harga termurah,Spare Part Mobil
promo meja komputer besi meja laptop meja sekolah meja belajar,Lainnya
jual stiker strip samping mobil terbaru harga termurah,Aksesoris Eksterior
jual plafon serat putih original murah harga diskon april,Lainnya
aman sandi set top box,Lainnya
promo karpet mobil toyota kijang innova zenix hybrid tipe,Aksesoris Interior
jual soket head unit jvc terbaru harga termurah,Aksesoris Interior
jual totok lampu jupiter terbaru harga,Lainnya
jual equp terbaru harga termurah blibli,Spare Part Mobil
jual rantai roda kcp terbaru harga termurah,Spare Part Mobil
jual peninggi shock thunder terbaru harga,Lainnya
jual equp terbaru harga termurah blibli,Spare Part Mobil
promo karpet mobil toyota kijang innova zenix hybrid tipe,Aksesoris Interior
jual plastik kemasan beras kg termurah harga grosir,Lainnya
jual beras jaya termurah harga grosir terupdate blibli,Lainnya
jual ring velg canter terbaru harga termurah,Spare Part Mobil
promo karpet mobil toyota kijang innova zenix hybrid tipe,Aksesoris Interior
jual handle pintu mobil suzuki apv terbaru harga,Spare Part Mobil
promo karpet mobil toyota kijang innova zenix hybrid tipe,Aksesoris Interior
jual kipas radiator lancer terbaru harga termurah,Spare Part Mobil
jual filter solar colt diesel terbaru harga termurah,Spare Part Mobil
promo baut kampas cakram honda bebek+sport kode,Spare Part Mobil
jual stiker strip samping mobil terbaru harga termurah,Aksesoris Eksterior
jual plafon serat putih original murah harga diskon april,Lainnya
jual stiker strip samping mobil terbaru harga termurah,Aksesoris Eksterior
jual totok lampu jupiter terbaru harga,Lainnya
jual kyt tt course black glossy terbaru harga termurah,Lainnya
jual proliner silincer terbaru harga termurah,Lainnya
jual peninggi shock thunder terbaru harga,Lainnya
jual equp terbaru harga termurah blibli,Spare Part Mobil
jual tensioner keteng supra fi terbaru harga,Lainnya
jual oli top one gl terbaru harga termurah,Oli dan Penghemat BBM
jual lampu honda accord prestige terbaru harga,Spare Part Mobil
jual lampu led lazer terbaru harga termurah,Spare Part Mobil
jual pompa oli toyota kijang lapak part mobil tng,Spare Part Mobil
jual dinamo motor blower fan angin ac mobil toyota,Spare Part Mobil
jual conrod stang setang piston stang setang seher isuzu elf,Spare Part Mobil
jual produk pilar original termurah terlengkap mei,Spare Part Mobil
jual produk emblem termurah terlengkap mei,Aksesoris Eksterior
jual produk tanduk bemper front bumper termurah,Aksesoris Eksterior
jual grill daihatsu taruna short tipe long tipe lapak qodar,Spare Part Mobil
jual produk pilar original termurah terlengkap mei,Spare Part Mobil
jual dinamo motor blower fan angin ac mobil toyota,Spare Part Mobil
jual brake shoe kampas rem mobilio,Spare Part Mobil
jual produk kopling set civic wonder termurah terlengkap,Spare Part Mobil
jual beli webcam webcam logitech hd pro produk bukalapak,Lainnya
jual produk pilar original termurah terlengkap mei,Spare Part Mobil
jual pelipit list kaca jendela mobil mitsubishi kuda,Spare Part Mobil
jual produk universal air intake termurah terlengkap mei,Spare Part Mobil
jual switch magnetic bendik stater original kawasaki,Spare Part Mobil
jual conrod stang setang piston stang setang seher isuzu elf,Spare Part Mobil
jual conrod stang setang piston stang setang seher isuzu elf,Spare Part Mobil
jual dinamo motor blower fan angin ac mobil toyota,Spare Part Mobil
jual produk kia carens lh termurah terlengkap april,Spare Part Mobil
jual conrod stang setang piston stang setang seher isuzu elf,Spare Part Mobil
jual produk pilar original termurah terlengkap mei,Spare Part Mobil
jual produk klep mercy termurah terlengkap mei,Spare Part Mobil
jual produk sepatu kuda poni sepatu termurah terlengkap,Lainnya
jual produk pilar original termurah terlengkap mei,Spare Part Mobil
jual brake shoe kampas rem mobilio,Spare Part Mobil
jual conrod stang setang piston stang setang seher isuzu elf,Spare Part Mobil
jual discpad kampas rem cakram tvs dazz,Spare Part Mobil
jual pelipit list kaca jendela mobil mitsubishi kuda,Spare Part Mobil
jual produk tanduk bemper front bumper termurah,Aksesoris Eksterior
jual pelipit list kaca jendela mobil mitsubishi kuda,Spare Part Mobil
jual produk emblem termurah terlengkap mei,Aksesoris Eksterior
jual dinamo motor blower fan angin ac mobil toyota,Spare Part Mobil
jual produk tanduk bemper front bumper termurah,Aksesoris Eksterior
jual produk air intake pipa udara termurah terlengkap mei,Spare Part Mobil
jual produk pilar original termurah terlengkap mei,Aksesoris Eksterior
jual clutch cable kabel tali kopling mazda lapak,Spare Part Mobil
jual conrod stang setang piston stang setang seher isuzu elf,Spare Part Mobil
jual discpad kampas rem cakram tvs dazz,Spare Part Mobil
jual grill daihatsu taruna short tipe long tipe lapak qodar,Spare Part Mobil
jual produk kia carens lh termurah terlengkap april,Spare Part Mobil
jual produk pilar original termurah terlengkap mei,Aksesoris Eksterior
jual dinamo motor blower fan angin ac mobil toyota,Spare Part Mobil
jual conrod stang setang piston stang setang seher isuzu elf,Spare Part Mobil
jual produk tanduk bemper front bumper termurah,Aksesoris Eksterior
jual head lamp lampu toyota kijang kapsul kristal,Spare Part Mobil
jual karpet dasar mobil toyota agya hitam kota makassar,Aksesoris Interior
jual mobil aki toyota innova venturer pmb gosend merah,Lainnya
jual selang radiator toyota corona absolute,Spare Part Mobil
jual tabung oli power steering toyota hilux revo diesel asli,Spare Part Mobil
jual karet pelipit kaca water strip kaca datsun go original,Spare Part Mobil
jual filter udara land cruiser bundera air cleaner ori,Spare Part Mobil
jual piston seher daihatsu zebra,Spare Part Mobil
jual piston seher daihatsu delta old pin,Spare Part Mobil
jual karet pelipit kaca water strip kaca datsun go original,Spare Part Mobil
jual lower arm sayap ball joint kiri,Spare Part Mobil
jual tutup velg dop roda jazz mobilio brio model plat diamter,Spare Part Mobil
jual head lamp lampu toyota kijang kapsul kristal,Spare Part Mobil
jual baut pembuangan oli gardan avanza xenia gran,Spare Part Mobil
jual pen shaft pinion gardan suzuki jimny katana fuji,Spare Part Mobil
jual bohlam lampu kabut osram brv mobilio,Aksesoris Eksterior
jual tutup velg dop roda jazz mobilio brio model plat diamter,Spare Part Mobil
jual velg mobil ring bbs rsgt velg racing calya.brio.agya,Spare Part Mobil
jual peredam kap mesin crv model original honda access,Spare Part Mobil
toko starting grid hsr online produk lengkap harga terbaik,Lainnya
jual bohlam rem lampu sen sein lampu koito,Spare Part Mobil
jual promo sarung jok mobil avanza xenia calya,Aksesoris Interior
jual velg mobil racing hsr eito ring avanza xenia,Spare Part Mobil
jual lemari plastik diva mini susun kaca kota surabaya star,Lainnya
jual dinamo kia rio carens jakarta,Spare Part Mobil
jual velg mobil bekas racing oz baut ofset lebar,Spare Part Mobil
jual lower arm sayap ball joint kiri,Spare Part Mobil
jual aki bekas bagus mobil inverter,Spare Part Mobil
jual velg mobil bekas volk rays ring ban vios,Spare Part Mobil
jual baut pembuangan oli gardan avanza xenia gran,Spare Part Mobil
jual karpet dasar mobil toyota agya hitam kota makassar,Aksesoris Interior
jual velg enkei pcd lebar velg mobil ring,Spare Part Mobil
jual saringan filter oli hyundai accen elantra trajet santafe,Spare Part Mobil
toko starting grid hsr online produk lengkap harga terbaik,Lainnya
jual dinamo kia rio carens jakarta,Spare Part Mobil
jual karpet dasar mobil toyota agya hitam kota makassar,Aksesoris Interior
jual lower arm sayap ball joint kiri,Spare Part Mobil
jual kompresor bmw terbaik harga murah cicil,Spare Part Mobil
jual peredam kap mesin crv model original honda access,Spare Part Mobil
jual velg mobil bekas racing oz baut ofset lebar,Spare Part Mobil
jual relay set relai kabel rellay lampu led relai lampu,Spare Part Mobil
promo panci kukus susun stainless panci dandang,Lainnya
jual motor aki anak pmb sepeda scoopy listrik cas,Lainnya
jual ban roda mobil mainan aki full karet ukuran,Lainnya
jual tutup body motor scoopy abu-abu kota bandung arena,Lainnya
jual mobil aki toyota innova venturer pmb gosend merah,Lainnya
jual pisau dapur terlengkap harga terbaru mei cicilan,Lainnya
jual velg mobil bekas volk rays ring ban vios,Spare Part Mobil
jual panci supra soup pot in stainless steel panci set induksi,Lainnya
jual polo shirt wonderfull indonesia baju kaos polo gtask,Lainnya
jual pelindung body motor scoopy sarung motor abu-abu kota,Lainnya
jual velg mobil bekas baut enkei rpf lubang,Spare Part Mobil
jual sarung tangan wanita musim dingin winter motor,Lainnya
jual sticker stiker mobil nissan terrano kaca gold kab,Aksesoris Eksterior
jual mobil aki toyota innova venturer pmb gosend merah,Lainnya
jual peredam kap mesin crv model original honda access,Spare Part Mobil
jual kursi makan murah jakarta timur furniture,Lainnya
jual roda pagar sliding besi super kota tangerang selatan,Lainnya
jual jarum mesin jahit merk singer original kota surabaya,Lainnya
jual authentic hannya airtok pod kit kota administrasi,Lainnya
jual baut pembuangan oli gardan avanza xenia gran,Spare Part Mobil
jual rak tv gantung minimalis modern laci kab,Lainnya
jual kemeja putih asn pria seragam putih pns pria semi wol,Lainnya
jual lemari tv dinding wall unit phantom kota,Lainnya
jual mainan lato lato ori glowing hijau kota surabaya,Lainnya
jual bohlam lampu kabut osram brv mobilio,Aksesoris Eksterior
jual pen shaft pinion gardan suzuki jimny katana fuji,Spare Part Mobil
jual velg enkei pcd lebar velg mobil ring,Spare Part Mobil
jual sarung jok mobil baris bahan mbtech original interior,Aksesoris Interior
jual sarung jok mobil baris motif bahan mbtech ori kota,Aksesoris Interior
jual sarung jok mobil baris motif bahan mbtech ori kota,Aksesoris Interior
jual holder dudukan kaca pintu futura,Spare Part Mobil
jual oil seal as roda pinion diff gardan agya,Spare Part Mobil
jual pirodo kampas rem diesel kuda kiri,Spare Part Mobil
jual kotak box simpan rokok slim besi metal polos cigarette,Lainnya
jual selang oli alternator hose alternator kijang kapsul kab,Spare Part Mobil
jual velg mobil bekas racing oz baut ofset lebar,Spare Part Mobil
jual lower arm sayap ball joint kiri,Spare Part Mobil
jual lampu hino terlengkap harga murah mei cicil,Spare Part Mobil
jual handle pintu kijang kapsul abu-abu kanan kota,Spare Part Mobil
jual tabung filter udara calya sigra jakarta utara ody,Spare Part Mobil
jual velg mobil racing hsr eito ring avanza xenia,Spare Part Mobil
jual cover spion tanduk kap mesin mobil rush terios chrome,Spare Part Mobil
jual kalung kecapi ori israel jakarta timur elinashustore,Lainnya
jual kondensor fiat kota surabaya biffi tokopedia,Spare Part Mobil
jual tabung oli power steering toyota hilux revo diesel asli,Spare Part Mobil
jual radiator mitsubishi fuso super great,Spare Part Mobil
jual cover jok samping kanan asli mitsubishi pajero sport,Aksesoris Interior
jual noken ascamshaft isuzu jakarta pusat sumber,Spare Part Mobil
jual piston seher daihatsu delta old pin,Spare Part Mobil
jual head lamp lampu toyota kijang kapsul kristal,Spare Part Mobil
jual kompresor copeland,Spare Part Mobil
jual pirodo kampas rem diesel kuda kiri,Spare Part Mobil
jual mainan mobil anak dorong duduk tolocar,Lainnya
jual holder dudukan kaca pintu futura,Spare Part Mobil
jual peredam kap mesin crv model original honda access,Spare Part Mobil
jual piston seher daihatsu delta old pin,Spare Part Mobil
jual kaos kerah pria polo shirt otomotif ducati corse biru,Lainnya
jual lower arm sayap ball joint kiri,Spare Part Mobil
jual jet ranger kijang kijang super dkk irit enteng,Spare Part Mobil
jual tutup filter udara modif velocity beat fi esp vario led esp,Lainnya
jual velg mobil racing hsr eito ring avanza xenia,Spare Part Mobil
jual saringan filter oli hyundai accen elantra trajet santafe,Spare Part Mobil
jual dinamo kia rio carens jakarta,Spare Part Mobil
jual kaca spion camera dvr wuling air ev oem,Spare Part Mobil
toko starting grid hsr online produk lengkap harga terbaik,Lainnya
jual velg mobil bekas baut enkei rpf lubang,Spare Part Mobil
jual mobil aki toyota innova venturer pmb gosend merah,Lainnya
jual tabung filter udara calya sigra jakarta utara ody,Spare Part Mobil
jual velg mobil bekas volk rays ring ban vios,Spare Part Mobil
jual tutup radiator mobil cap radiator toyota daihatsu,Spare Part Mobil
promo aki mobil toyota corona incoe gold astra aki,Spare Part Mobil
promo ban bridgestone duravis toyota,Spare Part Mobil
jual accu toyota corolla cross terbaru harga termurah,Spare Part Mobil
promo shockbreaker jamex mobil toyota avanza,Spare Part Mobil
jual cover tutup batok spion toyota vios limo gen polos non,Spare Part Mobil
jual cover spion toyota mark kanan kiri satuan kiri seller,Spare Part Mobil
jual cover dashboard altis terbaru harga termurah,Aksesoris Interior
jual busi ngk rush terbaru harga termurah blibli,Spare Part Mobil
jual ring piston tr terbaru harga termurah blibli,Spare Part Mobil
jual mesin mobil copotan vios terbaru harga termurah,Spare Part Mobil
jual antena sirip hiu hybrid carbon mobil grand livina seller,Aksesoris Eksterior
jual cover spion yaris vios gen polos original kiri seller paris,Spare Part Mobil
jual batok sarang rumah spion innova kanan seller,Spare Part Mobil
jual breaket spion sigra dudukan spion calya lipat manual kiri,Spare Part Mobil
jual over fender fortuner vrz model monster seller samudra,Aksesoris Eksterior
jual kaca spion suzuki baleno perbuah kanan,Spare Part Mobil
jual cover batok tutup spion luxio type original buah kiri,Spare Part Mobil
jual kepala aki klem accu mobil terminal set kuningan,Spare Part Mobil
jual kabel kopling xenia terbaru harga termurah,Spare Part Mobil
jual tutup radiator mobil cap radiator toyota daihatsu,Spare Part Mobil
jual mobil pick up wuling pilihan harga termurah blibli,Kendaraan
jual busi ngk rush terbaru harga termurah blibli,Spare Part Mobil
promo shockbreaker jamex mobil toyota avanza,Spare Part Mobil
jual accu toyota corolla cross terbaru harga termurah,Spare Part Mobil
jual kabel kopling xenia terbaru harga termurah,Spare Part Mobil
promo aki mobil toyota corona incoe gold astra aki,Spare Part Mobil
jual siantar top ketagi ayam panggang gr pcs seller,Lainnya
jual antena sirip hiu hybrid carbon mobil grand livina seller,Aksesoris Eksterior
jual antena sirip hiu hybrid carbon mobil grand livina seller,Aksesoris Eksterior
jual cover spion yaris vios gen polos original kiri seller paris,Spare Part Mobil
jual batok sarang rumah spion innova kanan seller,Spare Part Mobil
jual kaca spion suzuki baleno perbuah kanan,Spare Part Mobil
jual cover spion toyota mark kanan kiri satuan kiri seller,Spare Part Mobil
jual over fender fortuner vrz model monster seller samudra,Aksesoris Eksterior
jual cover batok tutup spion luxio type original buah kiri,Spare Part Mobil
jual accu toyota corolla cross terbaru harga termurah,Spare Part Mobil
jual stand monitor meja alas monitor adjustable highdesk metal,Lainnya
jual mika bening lampu honda terbaru harga,Spare Part Mobil
jual ban mobil bridgestone duravis,Spare Part Mobil
jual ban mobil bridgestone duravis,Spare Part Mobil
jual bridgestone duravis ban mobil seller inti,Spare Part Mobil
promo bridgestone duravis ban mobil diskon,Spare Part Mobil
jual headlamp lampu datsun go terbaru harga,Spare Part Mobil
jual kick kymco terbaru harga termurah blibli,Lainnya
jual filter oli truck isuzu nkr terbaru harga termurah,Spare Part Mobil
jual kvl terbaru harga termurah blibli,Spare Part Mobil
jual speedometer digital vega terbaru harga,Lainnya
jual cover dashboard altis terbaru harga termurah,Aksesoris Interior
aman sandi set top box,Lainnya
jual tutup radiator mobil cap radiator toyota daihatsu,Spare Part Mobil
promo shockbreaker jamex mobil toyota avanza,Spare Part Mobil
jual antena sirip hiu hybrid carbon mobil grand livina seller,Aksesoris Eksterior
jual over fender fortuner vrz model monster seller samudra,Aksesoris Eksterior
jual batok sarang rumah spion innova kanan seller,Spare Part Mobil
jual cover spion toyota mark kanan kiri satuan kiri seller,Spare Part Mobil
jual cover spion yaris vios gen polos original kiri seller paris,Spare Part Mobil
jual kaca spion suzuki baleno perbuah kanan,Spare Part Mobil
jual cover batok tutup spion luxio type original buah kiri,Spare Part Mobil
jual filter udara truck fuso terbaru harga termurah,Spare Part Mobil
jual kick kymco terbaru harga termurah blibli,Lainnya
jual ban ring terbaru harga termurah,Lainnya
jual kvl terbaru harga termurah blibli,Spare Part Mobil
jual speedometer digital vega terbaru harga,Lainnya
jual gasket kopling kanan terbaru harga,Spare Part Mobil
jual lampu alis running vario old terbaru harga,Lainnya
jual lampu rem fiz terbaru harga termurah,Lainnya
jual bracket bemper honda odyssey terbaru,Spare Part Mobil
jual kabel lampu beat street terbaru harga,Lainnya
jual cover dashboard altis terbaru harga termurah,Aksesoris Interior
jual wuling almaz foot step terbaru harga termurah,Aksesoris Eksterior
jual velg amg ring terbaru harga termurah,Spare Part Mobil
jual blok rx king terbaru harga termurah blibli,Lainnya
jual mesin alat cetak hanger terbaru harga termurah,Lainnya
jual lampu demon eye innova reborn terbaru harga,Spare Part Mobil
jual ring piston tr terbaru harga termurah blibli,Spare Part Mobil
jual mesin mobil copotan vios terbaru harga termurah,Spare Part Mobil
jual lampu alis running vario old terbaru harga,Lainnya
jual ban mobil bridgestone duravis,Spare Part Mobil
jual jet gilingan daging kacang ikan manual meat mincer no,Lainnya
jual ban mobil bridgestone duravis,Spare Part Mobil
promo bridgestone duravis ban mobil diskon,Spare Part Mobil
jual bridgestone duravis ban mobil seller inti,Spare Part Mobil
promo ban bridgestone duravis toyota,Spare Part Mobil
jual shockbreaker mercy terbaru harga termurah,Spare Part Mobil
jual velg amg ring terbaru harga termurah,Spare Part Mobil
jual baju kertas orang meninggal sembahyang leluhur,Lainnya
jual air filterfilter hawa sakura,Spare Part Mobil
jual kampas rem mobil ignis terbaru harga termurah,Spare Part Mobil
jual kaca spion suzuki baleno perbuah kanan,Spare Part Mobil
jual tutup radiator mobil cap radiator toyota daihatsu,Spare Part Mobil
promo shockbreaker jamex mobil toyota avanza,Spare Part Mobil
jual antena sirip hiu hybrid carbon mobil grand livina seller,Aksesoris Eksterior
jual cover spion yaris vios gen polos original kiri seller paris,Spare Part Mobil
jual batok sarang rumah spion innova kanan seller,Spare Part Mobil
jual breaket spion sigra dudukan spion calya lipat manual kiri,Spare Part Mobil
jual cover spion toyota mark kanan kiri satuan kiri seller,Spare Part Mobil
jual over fender fortuner vrz model monster seller samudra,Aksesoris Eksterior
jual cover batok tutup spion luxio type original buah kiri,Spare Part Mobil
jual accu toyota corolla cross terbaru harga termurah,Spare Part Mobil
jual kepala aki klem accu mobil terminal set kuningan,Spare Part Mobil
jual braket bumper xpander terbaru harga,Spare Part Mobil
jual baterai infinix hot nfc spesifikasi original murah,Lainnya
jual braket bumper xpander terbaru harga,Spare Part Mobil
jual filter udara truck fuso terbaru harga termurah,Spare Part Mobil
jual antena sirip hiu hybrid carbon mobil grand livina seller,Aksesoris Eksterior
jual accu toyota corolla cross terbaru harga termurah,Spare Part Mobil
jual cover spion yaris vios gen polos original kiri seller paris,Spare Part Mobil
jual batok sarang rumah spion innova kanan seller,Spare Part Mobil
jual breaket spion sigra dudukan spion calya lipat manual kiri,Spare Part Mobil
jual over fender fortuner vrz model monster seller samudra,Aksesoris Eksterior
jual mini forklift terbaru harga termurah blibli,Lainnya
jual cover spion toyota mark kanan kiri satuan kiri seller,Spare Part Mobil
jual tutup radiator mobil cap radiator toyota daihatsu,Spare Part Mobil
jual kaca spion suzuki baleno perbuah kanan,Spare Part Mobil
jual ban mobil bridgestone duravis,Spare Part Mobil
jual cover batok tutup spion luxio type original buah kiri,Spare Part Mobil
jual ban mobil bridgestone duravis,Spare Part Mobil
promo bridgestone duravis ban mobil diskon,Spare Part Mobil
jual bridgestone duravis ban mobil seller inti,Spare Part Mobil
promo ban bridgestone duravis toyota,Spare Part Mobil
promo shockbreaker jamex mobil toyota avanza,Spare Part Mobil
jual tutup radiator mobil cap radiator toyota daihatsu,Spare Part Mobil
promo aki mobil toyota corona incoe gold astra aki,Spare Part Mobil
jual tutup radiator mobil cap radiator toyota daihatsu,Spare Part Mobil
promo shockbreaker jamex mobil toyota avanza,Spare Part Mobil
jual wuling almaz foot step terbaru harga termurah,Aksesoris Eksterior
jual mobil pick up wuling pilihan harga termurah blibli,Kendaraan
jual kepala aki klem accu mobil terminal set kuningan,Spare Part Mobil
jual batok sarang rumah spion innova kanan seller,Spare Part Mobil
jual over fender fortuner vrz model monster seller samudra,Aksesoris Eksterior
jual antena sirip hiu hybrid carbon mobil grand livina seller,Aksesoris Eksterior
jual cover spion yaris vios gen polos original kiri seller paris,Spare Part Mobil
jual breaket spion sigra dudukan spion calya lipat manual kiri,Spare Part Mobil
jual cover spion toyota mark kanan kiri satuan kiri seller,Spare Part Mobil
jual kaca spion suzuki baleno perbuah kanan,Spare Part Mobil
jual cover batok tutup spion luxio type original buah kiri,Spare Part Mobil
jual kick kymco terbaru harga termurah blibli,Lainnya
jual ban ring terbaru harga termurah,Lainnya
jual kvl terbaru harga termurah blibli,Spare Part Mobil
jual gasket kopling kanan terbaru harga,Lainnya
jual speedometer digital vega terbaru harga,Lainnya
jual lampu alis running vario old terbaru harga,Lainnya
jual lampu rem fiz terbaru harga termurah,Lainnya
jual kabel lampu beat street terbaru harga,Lainnya
jual bracket bemper honda odyssey terbaru,Spare Part Mobil
jual kabel choke tiger terbaru harga termurah,Lainnya
jual hertz speaker inch terbaru harga termurah,Spare Part Mobil
jual cover dashboard altis terbaru harga termurah,Aksesoris Interior
jual baut tahanan cakram terbaru harga termurah,Spare Part Mobil
jual adv cbs terbaru harga termurah blibli,Lainnya
jual blok rx king terbaru harga termurah blibli,Lainnya
jual velg amg ring terbaru harga termurah,Spare Part Mobil
jual mesin alat cetak hanger terbaru harga termurah,Lainnya
jual dinamo starter mobil picanto terbaru harga termurah,Spare Part Mobil
jual ring piston tr terbaru harga termurah blibli,Spare Part Mobil
jual lampu demon eye innova reborn terbaru harga,Spare Part Mobil
jual pompa oli toyota kijang lapak part mobil tng,Spare Part Mobil
jual water outlet toyota kijang unser bensin,Spare Part Mobil
jual produk toyota termurah terlengkap mei,Spare Part Mobil
jual idler gear toyota hardtop lapak,Spare Part Mobil
jual produk toyota termurah terlengkap mei,Spare Part Mobil
jual motor fan radiator ac mobil toyota raize daihatsu rocky,Spare Part Mobil
jual produk kaos fortuner termurah terlengkap mei,Lainnya
jual handle bagasi handel gagang pintu apv,Spare Part Mobil
jual sensor oksigen oxygen sensor knalpot,Spare Part Mobil
jual karet tatakan keong up avanza xenia,Spare Part Mobil
jual motor fan radiator ac mobil toyota raize daihatsu rocky,Spare Part Mobil
jual clutch cable kabel tali kopling mazda lapak,Spare Part Mobil
jual karet kap mesin taft gt feroza hiline set isi pcs lapak,Spare Part Mobil
jual ripair kit parkit karburator sumur honda nos,Lainnya
jual engine mounting bangku mesin mt at kiri,Spare Part Mobil
jual karpet dasar merah honda civic type pnp genio,Aksesoris Interior
jual motor fan radiator ac mobil toyota raize daihatsu rocky,Spare Part Mobil
jual idler gear toyota hardtop lapak,Spare Part Mobil
jual sensor oksigen oxygen sensor knalpot,Spare Part Mobil
jual produk aksesoris rose termurah terlengkap mei,Lainnya
jual motor fan radiator ac mobil toyota raize daihatsu rocky,Spare Part Mobil
jual beras rojolele delanggu solo murah lapak,Lainnya
jual karet kap mesin taft gt feroza hiline set isi pcs lapak,Spare Part Mobil
jual tutup klep kawasaki binter mercy platina cdi original,Spare Part Mobil
jual karet kap mesin taft gt feroza hiline set isi pcs lapak,Spare Part Mobil
jual beras rojolele delanggu solo murah lapak,Lainnya
jual motor fan radiator ac mobil toyota raize daihatsu rocky,Spare Part Mobil
jual cdi only platina kijang carry,Spare Part Mobil
jual seal delco soluna corolla great lapak leon,Spare Part Mobil
jual sensor oksigen oxygen sensor knalpot,Spare Part Mobil
jual bearing lahar laher roda kiri kanan vespa,Lainnya
jual motor fan radiator ac mobil toyota raize daihatsu rocky,Spare Part Mobil
jual idler gear toyota hardtop lapak,Spare Part Mobil
jual brake master assy master rem kia travello travelo,Spare Part Mobil
jual speedometer suzuki esteem copotan lapak onderdil,Spare Part Mobil
jual clutch cable kabel tali kopling mazda lapak,Spare Part Mobil
jual discpad kampas rem cakram tvs dazz,Spare Part Mobil
jual seal lahar roda mitsubishi lancer dangan lapak,Spare Part Mobil
jual sensor oksigen oxygen sensor knalpot,Spare Part Mobil
jual speedometer suzuki esteem copotan lapak onderdil,Spare Part Mobil
jual karet stabil kuda bensin diesel buah asli lapak,Spare Part Mobil
jual motor fan radiator ac mobil toyota raize daihatsu rocky,Spare Part Mobil
jual handle bagasi handel gagang pintu apv,Spare Part Mobil
jual cdi only platina kijang carry,Spare Part Mobil
jual paking tutup klep gasket cover head mazda cx,Spare Part Mobil
jual clutch cable kabel tali kopling mazda lapak,Spare Part Mobil
jual bearing lahar laher roda kiri kanan vespa,Lainnya
jual seal delco soluna corolla great lapak leon,Spare Part Mobil
jual speedometer suzuki esteem copotan lapak onderdil,Spare Part Mobil
jual discpad kampas rem cakram tvs dazz,Spare Part Mobil
jual emblem logo tulisan toyota original jakarta utara mr,Aksesoris Eksterior
jual konci roda+sambungan gagang dongkrak toyota avanza,Spare Part Mobil
jual diecast mobil toyota hardtop kuning kota,Lainnya
jual sepasang bohlam hid toyota vios altis gen kab,Spare Part Mobil
toyota avanza cvt harga terbaru spesifikasi terlengkap,Kendaraan
jual emblem logo daihatsu chrome kota,Aksesoris Eksterior
jual kopling set kampas kopling matahari set xenia,Spare Part Mobil
jual lower tank radiator honda brio pendek ukuran,Spare Part Mobil
jual stiker strip pelindung pintu mobil honda brio bahan serat,Aksesoris Eksterior
jual seragam kemeja hyundai standard navy lengan pendek,Lainnya
jual kabel busi hyundai atoz kia visto picanto jakarta pusat,Spare Part Mobil
hyundai creta prime ivt harga terbaru spesifikasi terlengkap,Kendaraan
jual kamera mundur hyundai kota bekasi,Aksesoris Interior
jual moulding pintu mitsubishi canter kiri,Aksesoris Eksterior
jual handle pintu kanan kia rio sf jakarta utara maju,Spare Part Mobil
toyota avanza cvt harga terbaru spesifikasi terlengkap,Kendaraan
toko hartono raya motor online produk lengkap harga,Lainnya
jual ban mati kursi roda uk mercy merk avico kaiyang,Lainnya
toko hartono raya motor online produk lengkap harga,Lainnya
jual stiker engine bay mercedes hitam kota depok little,Aksesoris Eksterior
jual beras terdekat harga murah grosir april,Lainnya
jual sepatu puma ferrari original black red jakarta pusat,Lainnya
jual fuel filter solar powerpump,Spare Part Mobil
jual oli filter saringan oli suzuki apv carry,Spare Part Mobil
jual shockbreaker supoort suzuki ertiga asli set kanan,Spare Part Mobil
jual specia baut gantungan ban serep,Aksesoris Eksterior
jual tutup tabung cadangan air radiator grand escudo,Spare Part Mobil
jual cap tutup tabung cadangan air radiator suzuki,Spare Part Mobil
jual kaca spion suzuki ertiga kiri jakarta selatan sally,Spare Part Mobil
jual tutup oli mesin mitsubishi ragasa kota,Spare Part Mobil
jual moulding pintu mitsubishi canter kiri,Aksesoris Eksterior
jual cover baut tutup wiper mazda biante,Spare Part Mobil
jual hot wheels mazda miata kota bekasi toko laguna,Lainnya
jual handle pintu kanan kia rio sf jakarta utara maju,Spare Part Mobil
jual kabel busi hyundai atoz kia visto picanto jakarta pusat,Spare Part Mobil
jual emblem logo daihatsu chrome kota,Aksesoris Eksterior
hyundai creta prime ivt harga terbaru spesifikasi terlengkap,Spare Part Mobil
jual tutup derek cover towing bumper,Aksesoris Eksterior
jual seragam kemeja hyundai standard navy lengan pendek,Lainnya
jual kamera mundur hyundai kota bekasi,Aksesoris Interior
jual ujung knalpot lubang mobil ayla agya muffler stenlise,Spare Part Mobil
jual oli filter saringan oli suzuki apv carry,Spare Part Mobil
jual aki mobil toyota corona incoe gold astra aki,Spare Part Mobil
jual headlamp kijang grand original toyota kanan seller paris,Spare Part Mobil
promo selongsong gardan pucuk rebung rh kanan toyota,Spare Part Mobil
jual cover spion toyota vios gen kiri seller paris auto,Spare Part Mobil
jual matahari kampas kopling innova reborn original terbaru,Spare Part Mobil
jual stiker avanza old terbaru harga termurah,Aksesoris Eksterior
promo antena mobil jazzyarisdatsun motif bendera inggris jerman,Spare Part Mobil
promo cover plat nomor carbon plat bingkai karbon motor,Lainnya
promo soket cmp champshaf position kia picanto diskon,Spare Part Mobil
jual headlamp kijang grand original toyota kanan seller paris,Spare Part Mobil
jual miniatur original harga termurah mei blibli,Lainnya
jual balljoint taft terbaru harga termurah blibli,Spare Part Mobil
promo selongsong gardan pucuk rebung rh kanan toyota,Spare Part Mobil
promo antena mobil jazzyarisdatsun motif bendera inggris jerman,Spare Part Mobil
jual aki mobil suzuki ertiga terbaru harga,Spare Part Mobil
jual laher ayla original terbaru harga,Spare Part Mobil
jual aki mobil suzuki ertiga terbaru harga,Spare Part Mobil
jual headlamp kijang grand original toyota kanan seller paris,Spare Part Mobil
promo selongsong gardan pucuk rebung rh kanan toyota,Spare Part Mobil
promo soket cmp champshaf position kia picanto diskon,Spare Part Mobil
jual dudukan lengan engsel spion ertiga original suzuki kiri kiri,Spare Part Mobil
jual cover spion toyota vios gen kiri seller paris auto,Spare Part Mobil
jual velk offroad terbaru harga termurah,Spare Part Mobil
jual mounting mio terbaru harga termurah blibli,Lainnya
jual kampas kopling hyundai terbaru harga termurah,Spare Part Mobil
jual genset generator hyundai genset hyundai hdg,Lainnya
jual ball joint hyundai accent terbaru harga termurah,Spare Part Mobil
jual spoiler hyundai terbaru harga termurah blibli,Aksesoris Eksterior
promo spion hyundai ory kiri diskon seller karbura,Spare Part Mobil
promo dijual kkv chengzhen diecast mobil mainan anak koleksi,Lainnya
promo paku plat kampas rem brake shoe diskon,Spare Part Mobil
promo karet tatakan dudukan keong merah silikon,Spare Part Mobil
promo sisir klip kabel busi suzuki diskon seller adelio,Spare Part Mobil
promo soket cmp champshaf position kia picanto diskon,Spare Part Mobil
jual tali kap mesin terbaru harga termurah blibli,Spare Part Mobil
jual lampu bmw terbaru harga termurah,Spare Part Mobil
jual paking kenalpot mobil terbaru harga termurah,Spare Part Mobil
jual headlamp kijang grand original toyota kanan seller paris,Spare Part Mobil
jual mangkok plastik jago original murah harga diskon mei,Lainnya
jual tali kap mesin terbaru harga termurah blibli,Spare Part Mobil
jual karet seal pompa bensin terbaru harga termurah,Spare Part Mobil
perbedaan sd card memory card blibli friends,Lainnya
jual kampas kopling suzuki carry terbaru harga,Spare Part Mobil
jual aki mobil suzuki ertiga terbaru harga,Spare Part Mobil
jual lampu plafon carry terbaru harga termurah,Spare Part Mobil
jual dudukan lengan engsel spion ertiga original suzuki kiri kiri,Spare Part Mobil
promo paku plat kampas rem brake shoe diskon,Spare Part Mobil
promo karet tatakan dudukan keong merah silikon,Spare Part Mobil
jual karet mitsubishi eterna terbaru harga termurah,Spare Part Mobil
jual bumper mitsubishi terbaru harga termurah,Spare Part Mobil
promo selongsong gardan pucuk rebung rh kanan toyota,Spare Part Mobil
jual emblem logo berdiri toyota terbaru harga termurah,Aksesoris Eksterior
jual karet boot steer futura terbaru harga termurah,Spare Part Mobil
promo antena mobil jazzyarisdatsun motif bendera inggris jerman,Spare Part Mobil
jual aki mobil suzuki ertiga terbaru harga,Spare Part Mobil
amper kompresor lengkap harga terbaru mei blibli,Spare Part Mobil
jual mika headlamp mazda terbaru harga termurah,Spare Part Mobil
jual karet seal pompa bensin terbaru harga termurah,Spare Part Mobil
jual paking kenalpot mobil terbaru harga termurah,Spare Part Mobil
jual aki mobil toyota corona incoe gold astra aki,Spare Part Mobil
promo paku plat kampas rem brake shoe diskon,Spare Part Mobil
promo sisir klip kabel busi suzuki diskon seller adelio,Spare Part Mobil
promo karet tatakan dudukan keong merah silikon,Spare Part Mobil
jual ball joint hyundai accent terbaru harga termurah,Spare Part Mobil
jual paking kenalpot mobil terbaru harga termurah,Spare Part Mobil
jual lem pvc jepang original murah harga diskon mei,Lainnya
jual busi wuling cortez turbo terbaru harga termurah,Spare Part Mobil
jual cover spion toyota vios gen kiri seller paris auto,Spare Part Mobil
jual dudukan lengan engsel spion ertiga original suzuki kiri kiri,Spare Part Mobil
jual karet lampu sen xride terbaru harga termurah,Spare Part Mobil
jual modifikasibeat terbaru harga termurah blibli,Lainnya
jual body smash terbaru harga termurah,Spare Part Mobil
jual ban irc ring terbaru harga termurah,Spare Part Mobil
jual ban tubeless ahm terbaru harga termurah,Spare Part Mobil
jual rantai motor jupiter tdr terbaru harga termurah,Lainnya
jual pelampung bensin sigra terbaru harga termurah,Spare Part Mobil
jual karet dudukan viar terbaru harga termurah,Spare Part Mobil
jual rotak motor vixion old original terbaru harga,Lainnya
jual transfer gear box transmisi terbaru harga termurah,Spare Part Mobil
jual belt terbaru harga termurah blibli,Spare Part Mobil
jual water outlet toyota kijang unser bensin,Spare Part Mobil
jual throttle body toyota camry lapak jaya motor,Spare Part Mobil
jual velg pelek variasi mobil second oem toyota fortuner srz,Spare Part Mobil
jual produk lampu stop yaris termurah terlengkap mei,Spare Part Mobil
jual produk kampas kopling set etios valco termurah,Spare Part Mobil
jual gear set gigi gardan grandmax gigi rasio,Spare Part Mobil
jual produk mika lampu termurah terlengkap,Spare Part Mobil
jual gear set gigi gardan grandmax gigi rasio,Spare Part Mobil
jual produk pintu honda ferio termurah terlengkap mei,Spare Part Mobil
jual produk karet kaca termurah terlengkap mei,Spare Part Mobil
jual gear set gigi gardan mitsubishi triton hdx,Spare Part Mobil
jual bmw peredam ekslusive kap mesin mobil,Aksesoris Eksterior
jual velg pelek variasi mobil second oem toyota fortuner srz,Spare Part Mobil
jual beli hid bohlam led produk bukalapak,Spare Part Mobil
jual beli header produk banten halaman bukalapak,Spare Part Mobil
jual brake pad kampas rem hi-q korea mitsubishi,Spare Part Mobil
jual bmw peredam ekslusive kap mesin mobil,Aksesoris Eksterior
jual velg pelek variasi mobil second oem toyota fortuner srz,Spare Part Mobil
jual produk karet kaca termurah terlengkap mei,Spare Part Mobil
jual as gear gir gigi rasio house rumah kopling original yamaha alfa,Spare Part Mobil
jual produk stelan ac apv termurah terlengkap april,Spare Part Mobil
jual baut ring baut original,Spare Part Mobil
jual velg pelek variasi mobil second oem toyota fortuner srz,Spare Part Mobil
jual gear set gigi gardan mitsubishi triton hdx,Spare Part Mobil
jual modul sensor parkir mundur nissan march livina datsun go,Spare Part Mobil
jual engine mounting dudukan mesin march datsun go kiri,Spare Part Mobil
jual brake pad kampas rem hi-q korea mitsubishi,Spare Part Mobil
jual produk lampu stop yaris termurah terlengkap mei,Spare Part Mobil
jual brake pad kampas rem hi-q korea mitsubishi,Spare Part Mobil
jual gear set gigi gardan mitsubishi triton hdx,Spare Part Mobil
jual beli header produk banten halaman bukalapak,Spare Part Mobil
jual seal sil sok shock tutup abu debu,Lainnya
jual produk karet kaca termurah terlengkap mei,Spare Part Mobil
jual throttle body toyota camry lapak jaya motor,Spare Part Mobil
jual brake pad kampas rem hi-q korea mitsubishi,Spare Part Mobil
jual throttle body toyota camry lapak jaya motor,Spare Part Mobil
jual produk karet kaca termurah terlengkap mei,Spare Part Mobil
jual modul sensor parkir mundur nissan march livina datsun go,Spare Part Mobil
jual beli header produk banten halaman bukalapak,Spare Part Mobil
jual velg pelek variasi mobil second oem toyota fortuner srz,Spare Part Mobil
jual busi mobil asli toyota innova reborn bensin,Spare Part Mobil
jual sarung jok toyota fortuner hitam kota makassar adivisi,Aksesoris Interior
jual radiator toyota kijang kapsul diesel jakarta barat atp,Spare Part Mobil
jual map maf sensor sensor maf toyota kijang efi original garansi,Spare Part Mobil
jual velg copotan mobil toyota sienta ring pcd plus geratis,Spare Part Mobil
jual baut pengisian oli transmisi oli gardan ori toyota,Spare Part Mobil
toyota avanza cvt harga terbaru spesifikasi terlengkap,Kendaraan
jual karet zebra karpet daihatsu lantai mobil espass kota,Aksesoris Interior
jual iklan mobil daihatsu gtl kota malang kertas abc tokopedia,Lainnya
jual ducktail mobil honda brio aksesoris spoiler kaca,Aksesoris Eksterior
jual karpet mobil honda city karpet mie bihun karet honda city,Aksesoris Interior
jual cat oles t-up khusus honda brio ori warna pabrikan,Aksesoris Eksterior
jual karpet mobil honda city hatcback bihun warna hitam non,Aksesoris Interior
jual soket fitting bohlam lampu atret mundur honda city,Spare Part Mobil
jual karet tatakan keong shock breaker,Spare Part Mobil
jual obd speed lock honda jazz mobilio brio modul kunci pintu,Spare Part Mobil
jual auz honda brv br-v crossbar cross bar hitam black roof rack,Aksesoris Eksterior
jual tutup noken terlengkap harga murah mei cicil,Spare Part Mobil
hyundai creta prime ivt harga terbaru spesifikasi terlengkap,Kendaraan
jual resistor motor blower panas udara ac hvac hyundai santa,Spare Part Mobil
jual mobil bemper bibir hyundai so santafe,Spare Part Mobil
jual baju kemeja seragam otomotif hyundai racing bordir,Lainnya
jual karpet dasar mobil innova reborn free bagasi,Aksesoris Interior
jual karpet mobil premium wuling air ev mie bihun warna,Aksesoris Interior
toyota avanza cvt harga terbaru spesifikasi terlengkap,Kendaraan
jual cat oles t-up khusus honda brio ori warna pabrikan,Aksesoris Eksterior
jual box filter bmw jakarta selatan kampakan awi,Spare Part Mobil
jual tabung standar knalpot grand livina bmw kab,Spare Part Mobil
jual kisi bumper mobil bmw seri,Spare Part Mobil
toko hartono raya motor online produk lengkap harga,Lainnya
jual motormax bmw seri series diecast,Lainnya
jual iklan jadul mobil bmw kota malang kertas abc,Lainnya
jual beras bunga kembang setra ramos medium,Lainnya
jual arm ball joint mercedes,Spare Part Mobil
jual kisi kisi sunroof,Spare Part Mobil
toko hartono raya motor online produk lengkap harga,Lainnya
jual sil klep mercedes seal valve,Spare Part Mobil
jual produk mercy fowl mercyfowl obat ayam,Lainnya
jual motormax bmw seri series diecast,Lainnya
jual iklan jadul mobil bmw kota malang kertas abc,Lainnya
jual motor aki mainan anak pmb nmax raid,Lainnya
jual pelipit kaca pintu mobil vitara escudo sidekick,Spare Part Mobil
jual sekring fuse colok standard kijang super carry futura,Spare Part Mobil
jual lampu sein sen riting samping fender amenity,Spare Part Mobil
jual tutup rantang tupperware carry ukuran putih,Lainnya
jual sarung jok mobil ertiga livina baris bahan mbtech,Aksesoris Interior
jual breket bracket bumper bemper suzuki ertiga,Spare Part Mobil
jual tiang penyangga kap mesin karimun wagon,Spare Part Mobil
jual pipa selang solar mitsubishi canter original,Spare Part Mobil
jual filter oli mitsubishi fuso,Spare Part Mobil
jual silicone kunci mobil mitsubishi xpander keyless gantungan,Spare Part Mobil
jual kompresor ac mitsubishi siam,Spare Part Mobil
jual ubolt behel ibk mobil truk mitsubishi,Spare Part Mobil
jual deflektor rok spoiler bibir bumper mobil mitsubishi,Aksesoris Eksterior
jual motor blower ac mazda asli valeo,Spare Part Mobil
jual velg mobil bekas only ori mazda baut,Spare Part Mobil
jual spion calyasigra lipat otomatis pcs original jakarta pusat,Spare Part Mobil
jual karpet mobil honda city karpet mie bihun karet honda city,Aksesoris Interior
jual cat oles t-up khusus honda brio ori warna pabrikan,Aksesoris Eksterior
hyundai creta prime ivt harga terbaru spesifikasi terlengkap,Kendaraan
jual kunci filter oli wuling cortez jakarta barat baby first,Spare Part Mobil
jual seragam kemeja wuling motors standard lengan pendek,Lainnya
jual karpet mobil premium wuling air ev mie bihun warna,Aksesoris Interior
jual kampas rem kashiyama brake,Spare Part Mobil
jual cat oles t-up khusus honda brio ori warna pabrikan,Aksesoris Eksterior
jual karpet mobil honda city hatcback bihun warna hitam non,Aksesoris Interior
jual silicone kunci mobil mitsubishi xpander keyless gantungan,Spare Part Mobil
jual auz honda brv br-v crossbar cross bar hitam black roof rack,Spare Part Mobil
jual ducktail mobil honda brio aksesoris spoiler kaca,Aksesoris Eksterior
jual aksesoris lampu toyota raize terbaru harga,Aksesoris Eksterior
jual mika headlamp original toyota,Spare Part Mobil
jual master kopling kijang disel terbaru harga,Spare Part Mobil
jual relay set foglamp terbaru harga termurah,Aksesoris Eksterior
jual kabel set fog lamp avanza terbaru harga termurah,Aksesoris Eksterior
jual bemper mobil xenia terbaru harga,Spare Part Mobil
jual relay set foglamp terbaru harga termurah,Aksesoris Eksterior
jual bemper mobil xenia terbaru harga,Spare Part Mobil
jual kabel set fog lamp avanza terbaru harga termurah,Aksesoris Eksterior
jual gigi grandmax terbaru harga termurah,Spare Part Mobil
jual ganti kaca mobil avanza terbaru harga,Spare Part Mobil
jual kaca lampu mt terbaik mei harga murah,Spare Part Mobil
jual tutup bak isuzu terbaru harga termurah blibli,Spare Part Mobil
jual hotwheels civic si original harga termurah april blibli,Lainnya
jual pelampung bensin civic terbaru harga termurah,Spare Part Mobil
jual extra fan yaris terbaru harga termurah blibli,Aksesoris Eksterior
jual amarasi hsr terbaru harga termurah blibli,Lainnya
jual lampu osram mobil watt terbaru harga termurah,Spare Part Mobil
jual relay set foglamp terbaru harga termurah,Aksesoris Eksterior
jual mika headlamp mazda biante terbaru harga,Spare Part Mobil
jual suling klep terbaru harga termurah blibli,Spare Part Mobil
jual mika headlamp mazda biante terbaru harga,Spare Part Mobil
jual bearing roda wuling confero terbaru,Spare Part Mobil
jual rem cakram terbaru harga termurah,Spare Part Mobil
promo plat knob transmisi katana petunjuk perseneling gigi,Spare Part Mobil
jual almost real mercedes benz amg original harga,Lainnya
jual mur roda anti maling terbaru harga termurah,Spare Part Mobil
promo plat knob transmisi katana petunjuk perseneling gigi,Spare Part Mobil
jual suling klep terbaru harga termurah blibli,Spare Part Mobil
jual ban terbaru harga termurah blibli,Spare Part Mobil
perbedaan sd card memory card blibli friends,Lainnya
jual klem turbo terbaru harga termurah blibli,Spare Part Mobil
jual bengkel bos paket servis mobil berkala rush terios sirion,Lainnya
promo plat knob transmisi katana petunjuk perseneling gigi,Spare Part Mobil
jual pariasi wipper kaca mobil terbaru harga termurah,Spare Part Mobil
jual lampu mobil led watt terbaru harga termurah,Spare Part Mobil
jual handel pintu strada terbaru harga termurah,Spare Part Mobil
jual lampu osram mobil watt terbaru harga termurah,Spare Part Mobil
jual klem turbo terbaru harga termurah blibli,Spare Part Mobil
jual mika headlamp mazda biante terbaru harga,Spare Part Mobil
jual amarasi hsr terbaru harga termurah blibli,Lainnya
jual promo gasket packing set kopling matic captiva bensin,Spare Part Mobil
jual bearing roda wuling confero terbaru,Spare Part Mobil
promo jual selang gas alfagomma italy ukuran,Lainnya
jual mika headlamp mazda biante terbaru harga,Spare Part Mobil
jual kaca speedometer yamaha soul gt terbaru harga,Spare Part Mobil
jual bearing seher supra terbaru harga termurah,Lainnya
jual retract spion honda jazz terbaru harga,Spare Part Mobil
jual motor beat bekasi terbaru harga murah blibli.com,Lainnya
jual pelek mobil hre ring terbaru harga termurah,Spare Part Mobil
jual motor honda beat cicilan terbaru harga termurah,Lainnya
jual kredit motor honda beat tangerang terbaru harga,Lainnya
jual motor giorno terbaru harga termurah blibli,Kendaraan
jual relay kaki vario led terbaru harga termurah,Lainnya
jual rem cakram terbaru harga termurah,Spare Part Mobil
jual ban rft terbaru harga termurah,Spare Part Mobil
jual velg monster ring terbaru harga termurah,Spare Part Mobil
jual body yamaha mio kuning original ygp terbaru,Lainnya
jual bosh arm kawasaki ninja karbu terbaru harga,Lainnya
jual amarasi hsr terbaru harga termurah blibli,Lainnya
jual pen stroke beat karbu mm terbaru harga termurah,Lainnya
jual stiker forged carbon terbaru harga termurah,Aksesoris Eksterior
jual packing tutup klep packing klep klep toyota camry,Spare Part Mobil
jual produk air flow sensor toyota hilux termurah terlengkap,Spare Part Mobil
jual dinamo motor fan kipas ac mobil double blower,Spare Part Mobil
jual throttle body toyota camry lapak jaya motor,Spare Part Mobil
jual produk mass air flow sensor toyota termurah terlengkap,Spare Part Mobil
jual produk sensor air flow toyota fortuner termurah,Spare Part Mobil
jual produk meter fortuner termurah terlengkap mei,Aksesoris Interior
jual kampas kopling matahari deklaher deklahar set,Spare Part Mobil
jual gear set gigi gardan mitsubishi triton hdx,Spare Part Mobil
jual gear set gigi gardan mitsubishi triton hdx,Spare Part Mobil
jual produk meter fortuner termurah terlengkap mei,Aksesoris Interior
jual dinamo motor fan kipas ac mobil double blower,Spare Part Mobil
jual packing tutup klep packing klep klep toyota camry,Spare Part Mobil
jual throttle body toyota camry lapak jaya motor,Spare Part Mobil
jual kampas kopling matahari deklaher deklahar set,Spare Part Mobil
jual produk vietnam sepatu pria sport murah termurah,Lainnya
jual kampas kopling matahari deklaher deklahar set,Spare Part Mobil
jual produk osram led termurah terlengkap mei,Spare Part Mobil
jual gear set gigi gardan mitsubishi triton hdx,Spare Part Mobil
jual throttle body toyota camry lapak jaya motor,Spare Part Mobil
jual packing tutup klep packing klep klep toyota camry,Spare Part Mobil
jual produk lampu mobil led termurah terlengkap mei,Spare Part Mobil
jual produk meter fortuner termurah terlengkap mei,Aksesoris Interior
jual obeng arah mines plus obeng ketok kuat,Lainnya
jual packing tutup klep packing klep klep toyota camry,Spare Part Mobil
jual brake pad kampas rem hi-q korea mitsubishi,Spare Part Mobil
jual produk lampu termurah terlengkap mei,Spare Part Mobil
jual produk osram termurah terlengkap mei,Spare Part Mobil
jual produk lampu termurah terlengkap mei,Spare Part Mobil
jual produk meter fortuner termurah terlengkap mei,Aksesoris Interior
jual produk sepatu canvas sepatu keren termurah,Lainnya
jual produk baju gamis syari remaja termurah terlengkap,Lainnya
jual produk sepatu pria nike sneakers termurah terlengkap,Lainnya
jual as gear gir gigi rasio house rumah kopling original yamaha alfa,Spare Part Mobil
jual bearing lahar roda suzuki apv mega carry brinton,Spare Part Mobil
jual baut ring baut original,Spare Part Mobil
jual gear set gigi gardan mitsubishi triton hdx,Spare Part Mobil
jual produk lampu mobil led termurah terlengkap mei,Spare Part Mobil
jual brake pad kampas rem hi-q korea mitsubishi,Spare Part Mobil
jual packing tutup klep packing klep klep toyota camry,Spare Part Mobil
jual throttle body toyota camry lapak jaya motor,Spare Part Mobil
jual dinamo motor fan kipas ac mobil double blower,Spare Part Mobil
jual brake pad kampas rem hi-q korea mitsubishi,Spare Part Mobil
jual gear set gigi gardan mitsubishi triton hdx,Spare Part Mobil
jual throttle body toyota camry lapak jaya motor,Spare Part Mobil
jual dinamo motor fan kipas ac mobil double blower,Spare Part Mobil
jual brake pad kampas rem hi-q korea mitsubishi,Spare Part Mobil
jual throttle body toyota camry lapak jaya motor,Spare Part Mobil
jual produk osram termurah terlengkap mei,Spare Part Mobil
jual produk lampu termurah terlengkap mei,Spare Part Mobil
jual packing tutup klep packing klep klep toyota camry,Spare Part Mobil
jual produk lampu termurah terlengkap mei,Spare Part Mobil
jual produk osram termurah terlengkap mei,Spare Part Mobil
jual produk lampu termurah terlengkap mei,Spare Part Mobil
jual produk lampu termurah terlengkap mei,Spare Part Mobil
jual busi iridium toyota genuine,Spare Part Mobil
jual filter oli oil filter toyota dyna rino kijang diesel,Spare Part Mobil
jual emblem logo black chrome toyota raize,Aksesoris Eksterior
jual seal booster rem toyota kijang kota surabaya,Spare Part Mobil
jual selang buntu toyota kijang innova fortuner,Spare Part Mobil
jual emblem logo black chrome toyota calya,Aksesoris Eksterior
jual reflector toyota raize sebelah kanan mata kucing rear,Spare Part Mobil
jual coil kuil koil ignition toyota avanza xenia old non,Spare Part Mobil
jual motor wiper toyota kijang super,Spare Part Mobil
jual mainan anak mobil aki yukita lisensi toyota resmi abu,Lainnya
jual door lock mekanis kunci pintu kanan kiri toyota starlet,Spare Part Mobil
jual cutting sticker mobil innova komunitas toyota,Aksesoris Eksterior
jual emblem speed mobil daihatsu taft feroza jakarta,Aksesoris Eksterior
jual head unit double din mobil espass daihatsu kamera,Aksesoris Interior
jual kabel gas daihatsu taruna jakarta pusat jaya motor id,Spare Part Mobil
jual oli mesin daihatsu genuine oil kota bekasi nuriyah,Oli dan Penghemat BBM
jual selang buntu toyota kijang innova fortuner,Spare Part Mobil
jual selang radiator mitsubishi kuda bensin,Spare Part Mobil
jual grosir oli mesin mobil daihatsu dgo api sn cool,Oli dan Penghemat BBM
jual selang ventilator oli lurus isuzu panther,Spare Part Mobil
jual katrol tensioner vbelt idler pulley cocok,Spare Part Mobil
jual fan belt granmax non ps,Spare Part Mobil
jual karpet mobil taruna fgx karpet adventure bahan lapis,Aksesoris Interior
jual lis bemper civic ferio non facelift kiri kab,Spare Part Mobil
jual ban mobil brio ring gt radial champiro,Spare Part Mobil
jual karpet karet bagasi luxury trunk tray luggage tray mobil,Aksesoris Interior
jual velg mobil weds sport ring yaris brio jazz avanza,Spare Part Mobil
jual garnish bemper bumper mobil honda brv tipe,Aksesoris Eksterior
jual dop roda crv hrv brv accord tutup dop center roda velg honda,Spare Part Mobil
jual accu aki mobil honda hrv original honda bawaan,Spare Part Mobil
jual velg racing brio lebar inci lubang,Spare Part Mobil
jual door lock pintu sliding geser hyundai asli,Spare Part Mobil
jual mesin vibratorr hdi by hyundai pengecoran beton,Spare Part Mobil
jual ball joint nissan grand livina bal join joint nissan kota,Spare Part Mobil
jual karpet mobil premium wuling air ev mie bihun warna,Aksesoris Interior
jual karpet mie baris mobil yaris bakpao tebal hitam,Aksesoris Interior
jual cover jok sarung jok mobil sandaran duduk suzuki karimun,Aksesoris Interior
jual karpet dasar mobil kijang grand extra jakarta utara kartika,Aksesoris Interior
jual cat oles t-up khusus wuling air ev ori warna pabrikan,Aksesoris Eksterior
jual kaos polo bumn bri bordir kera kombinasi marun,Lainnya
jual filter oli mesin bmw jakarta timur bmw auto parts,Spare Part Mobil
promo tas ransel backpack inch bmw carbon nylon black,Lainnya
jual lcm modul switch lampu foglamp bmw jakarta,Aksesoris Eksterior
jual original bmw spion kota depok,Spare Part Mobil
jual maisto diecast miniatur motor bmw sport skala,Lainnya
jual rumah filter oli cooler mesin bmw mini,Spare Part Mobil
jual bumper bemper bmw sport original jakarta utara wcw,Spare Part Mobil
jual bahan plafon bmw ori interior meteran jok mobil kab,Spare Part Mobil
jual bmw loyang kue sultan variasi baking pan bolu premium,Lainnya
jual mobil payung mini cooper,Lainnya
jual emblem logo grill mercedes,Aksesoris Eksterior
jual boot as roda mini cooper jakarta,Spare Part Mobil
jual side marker sticker dummy mata kucing,Spare Part Mobil
jual buah ukuran khusus kk union jack mobil atap matahari,Spare Part Mobil
jual mobil terlengkap harga murah april cicil,Lainnya
jual keong audi kab bogor reivaz_per mobil,Spare Part Mobil
jual mobil aki jeep exotic jimmy model terbaru putih kota,Spare Part Mobil
jual mobil aki jeep exotic jimmy model terbaru merah,Spare Part Mobil
jual lampu tembak lampu sorot fog lamp bulat universal offroad,Aksesoris Eksterior
jual mainan motor aki anak mokidz fb motor gp sport kota,Lainnya
jual jtrcargo mobil aki anak pliko ranger rover,Lainnya
jual emblem logo grill mercedes,Aksesoris Eksterior
jual kaca mercy coupe kota tangerang kacamobil,Spare Part Mobil
jual pipa air mercedes benz keren tabung,Spare Part Mobil
promo pompa angin manual pompa pelampung pompa udara,Lainnya
jual noken as mercy oh.p bus truck sussin kab,Spare Part Mobil
jual soket lampu sein merci kota tangerang destymobil,Spare Part Mobil
jual velg mobil racing hsr pcd ring cocok,Spare Part Mobil
jual sensor kecepatan transmisi mercedes,Spare Part Mobil
jual paking manipol in mercedes benz intake,Spare Part Mobil
jual stoplamp lampu mercedes benz kanan,Spare Part Mobil
jual blower motor assy ac mersedes benz,Spare Part Mobil
jual matchbox mercedes jip mercy ge class,Lainnya
jual bemper set avantgarde kota,Spare Part Mobil
jual mobil terlengkap harga murah april cicil,Lainnya
jual sepatu puma ferrari original black red jakarta pusat,Lainnya
jual mm spidometer spedometer kilometer kawasaki,Spare Part Mobil
jual hotwheels premium mitsubishi eclips custom kota bekasi,Lainnya
jual keong audi kab bogor reivaz_per mobil,Spare Part Mobil
jual ban mobil indotube ring pentil pendek kota,Spare Part Mobil
jual mainan anak motor scoopy tenaga aki model second,Lainnya
jual hotwheels matchbox paket volkswagen golf,Lainnya
jual kaos escudo anak kaos vitara kaos suzuki es udo kaos offroad,Lainnya
jual mainan motor aki anak pmb murah kota tangerang,Lainnya
jual sarung tangan wanita muslimah fashion hijab full cover,Lainnya
jual shockbreaker ignis original asli sgp kiri,Spare Part Mobil
jual cable body suzuki carry extra kabel bodi,Spare Part Mobil
jual mainan hotwheels hot wheels koper kotak box tas carry,Lainnya
jual radiator cap tutup radiator baleno denso,Spare Part Mobil
jual shockbreaker ertiga original asli sgp kota,Spare Part Mobil
jual selang flexible master kopling grand escudo asli sgp,Spare Part Mobil
jual lampu mobil ertiga led lampu bumper,Spare Part Mobil
jual metal jalan std suzuki ertiga diesel,Spare Part Mobil
jual kabel busi cord set suzuki apv futura injeksi,Spare Part Mobil
jual kampas rem suzuki baleno indopart kab bekasi,Spare Part Mobil
jual kunci pintu mobil suzuki jimny katana set original asli sgp,Spare Part Mobil
jual eyelid mata sipit alis lampu cover mobil suzuki ertiga kota,Spare Part Mobil
jual tie rod transmisi perseneling mitsubishi,Spare Part Mobil
jual lampu original,Spare Part Mobil
jual ring nozzle mitsubishi diesel kota,Spare Part Mobil
jual selang radiator mitsubishi kuda bensin,Spare Part Mobil
jual paking kalter mitsubishi lokal jakarta,Spare Part Mobil
jual mobil aki anak pmb toys pajero sport mitsubishi,Lainnya
jual slebor pintu mitsubishi door trim original,Spare Part Mobil
jual mobil aki anak pmb toys pajero sport mitsubishi,Lainnya
jual tas buku manual mitsubishi xpander original kab,Lainnya
jual hotwheels premium mitsubishi eclips custom kota bekasi,Lainnya
jual tas buku manual mobil mitsubishi pajero original,Lainnya
jual handel grip handle pintu bagasi mazda biante,Spare Part Mobil
jual mazda miata nc cupra desain spoiler,Aksesoris Eksterior
jual mobil tweeter refitting pintu sudut gusi kotak penutup,Spare Part Mobil
jual karpet dasar ford fiesta set mobil oem jakarta pusat,Aksesoris Interior
jual kaca mercy coupe kota tangerang kacamobil,Spare Part Mobil
jual kamera kamera mundur toyota land cruiser ccd night,Aksesoris Interior
jual bumper bemper bmw sport original jakarta utara wcw,Spare Part Mobil
jual brosur motor vespa bajaj kota semarang nuansalama,Lainnya
jual ball joint nissan grand livina bal join joint nissan kota,Spare Part Mobil
jual karpet dasar mobil kijang grand extra jakarta utara kartika,Aksesoris Interior
jual cover jok sarung jok mobil sandaran duduk suzuki karimun,Aksesoris Interior
jual door lock pintu sliding geser hyundai asli,Spare Part Mobil
jual cat oles t-up khusus wuling air ev ori warna pabrikan,Aksesoris Eksterior
jual velg mobil racing hsr pcd ring cocok,Spare Part Mobil
jual cutting sticker lucu plesetan,Aksesoris Eksterior
jual blower motor assy ac mersedes benz,Spare Part Mobil
jual ban standar mobil merk accelera phi-r ukuran,Spare Part Mobil
jual karpet mobil premium wuling air ev mie bihun warna,Aksesoris Interior
jual cat oles t-up khusus wuling air ev ori warna pabrikan,Aksesoris Eksterior
jual kasur mobil busa inoac mobil avanza xenia,Aksesoris Interior
jual head unit double din mobil espass daihatsu kamera,Aksesoris Interior
jual ban serep ring hitam kab bandung ahmed custom,Spare Part Mobil
jual tutup dop velg daytona ring jeep hitam pcs,Spare Part Mobil
jual kasur mobil busa inoac avanza xenia rush,Aksesoris Interior
jual boot as roda mini cooper jakarta,Spare Part Mobil
jual velg racing brio lebar inci lubang,Spare Part Mobil
jual jok ori kijang terbaru harga termurah blibli,Spare Part Mobil
jual wiper baut terbaru harga termurah blibli,Spare Part Mobil
promo lampu sen bemper bumper mitsubishi strada,Spare Part Mobil
jual hotwheels civic ef zamac original harga termurah mei,Lainnya
promo lampu sen bemper bumper mitsubishi strada,Spare Part Mobil
jual head unit original jazz terbaru harga termurah,Aksesoris Interior
jual onepro ppf terbaru harga termurah blibli,Spare Part Mobil
fitur harga mobil mercedes vision avtr blibli friends,Lainnya
fitur harga mobil mercedes vision avtr blibli friends,Lainnya
jual master rem binter terbaru harga termurah,Spare Part Mobil
jual hotwheels civic ef zamac original harga termurah mei,Lainnya
promo dijual cross joint kopel suzuki carry,Spare Part Mobil
jual velg inko ring terbaru harga termurah,Spare Part Mobil
jual bengkel bos paket servis mobil berkala rush terios sirion,Lainnya
promo lampu sen bemper bumper mitsubishi strada,Spare Part Mobil
promo lampu sen bemper bumper mitsubishi strada,Spare Part Mobil
jual headlamp galant terbaru harga termurah,Spare Part Mobil
jual velg inko ring terbaru harga termurah,Spare Part Mobil
fitur harga mobil mercedes vision avtr blibli friends,Lainnya
jual velg inko ring terbaru harga termurah,Spare Part Mobil
jual head unit original jazz terbaru harga termurah,Aksesoris Interior
jual velg rcb terbaru harga termurah blibli,Spare Part Mobil
jual keeway scr terbaru harga termurah blibli,Lainnya
jual spul kawasaki kaze zone terbaru harga termurah,Lainnya
jual onepro ppf terbaru harga termurah blibli,Spare Part Mobil
jual genio pembersih sepatu terbaru harga termurah,Lainnya
jual master rem binter terbaru harga termurah,Spare Part Mobil
jual rack forsa terbaru harga termurah blibli,Spare Part Mobil
jual uwinfly terbaru harga termurah blibli,Kendaraan
jual packing tutup klep packing klep klep toyota camry,Spare Part Mobil
jual gardan toyota.avanza great xenia,Spare Part Mobil
jual shock sok breaker yss dtg step toyota kijang,Spare Part Mobil
jual kampas kopling matahari deklaher deklahar set,Spare Part Mobil
jual produk flow agya ayla calya sigra termurah terlengkap,Spare Part Mobil
jual gigi transfer gear taft badak obc,Spare Part Mobil
jual packing tutup klep packing klep klep toyota camry,Spare Part Mobil
jual kampas kopling matahari deklaher deklahar set,Spare Part Mobil
jual isi menspad azza pembalut kain wanita cuci ulang,Lainnya
jual kampas kopling matahari deklaher deklahar set,Spare Part Mobil
jual packing tutup klep packing klep klep toyota camry,Spare Part Mobil
jual gardan toyota.avanza great xenia,Spare Part Mobil
jual obeng arah mines plus obeng ketok kuat,Lainnya
jual gasket packing paking head cover deklep tutup klep hyundai,Spare Part Mobil
jual packing tutup klep packing klep klep toyota camry,Spare Part Mobil
jual produk cukur wanita lady shaver termurah terlengkap,Lainnya
jual produk bmx velg aloy termurah terlengkap mei,Spare Part Mobil
jual packing tutup klep packing klep klep toyota camry,Spare Part Mobil
jual produk lampu stop putar termurah terlengkap mei,Spare Part Mobil
jual isi menspad azza pembalut kain wanita cuci ulang,Lainnya
jual proyektor harga rb gratis ongkir mei halaman,Lainnya
jual packing tutup klep packing klep klep toyota camry,Spare Part Mobil
jual karet kaca toyota kijang kf kijang buaya kijang,Spare Part Mobil
jual thermostat kijang diesel original grand toyota,Spare Part Mobil
jual mimkho kaos toyota kijang innova biru kab.ciamis,Lainnya
jual karet stik penyangga kap toyota hardtop jakarta barat istana,Spare Part Mobil
jual stiker mobil rush gr carbon pelindung pijakan pintu,Aksesoris Eksterior
jual soket lampu sein toyota original kota bekasi lankasa motor,Spare Part Mobil
jual daihatsu ori kampas kopling xenia,Spare Part Mobil
jual dompet kunci remote keyless mobil kulit asli honda toyota,Lainnya
jual stoplamp lampu kanan mobil daihatsu sirion kota,Spare Part Mobil
rekomendasi filter oli daihatsu original xenia,Spare Part Mobil
jual mika lampu sein sen spion sirion kanan+kiri jakarta timur,Spare Part Mobil
jual kunci konci pintu mobil door key set avanza xenia veloz,Spare Part Mobil
jual selang oil oli cooler pendek taft gt rocky,Spare Part Mobil
jual pelumas oli mesin mobil honda brio mobilio freed,Spare Part Mobil
jual velg mobil racing seken ring mobil brio sigra,Spare Part Mobil
jual kaca segitiga kaca mati pintu kanan civic wonder,Spare Part Mobil
jual bumper brio jakarta utara alvita auto part,Spare Part Mobil
jual lampu sein hyundai trajet kota bekasi filatamajaya motor,Spare Part Mobil
jual filter oli denso asli hyundai tucson dxe,Spare Part Mobil
jual handle pintu datsun go kanan rh jakarta pusat jaya,Spare Part Mobil
jual busi ngk double iridium nissan livina,Spare Part Mobil
jual kaca segitiga kaca mati pintu kanan civic wonder,Spare Part Mobil
jual radiator bmw,Spare Part Mobil
jual model kit bmw terlengkap harga murah mei cicil,Spare Part Mobil
jual balon airsuspension bmw original,Spare Part Mobil
jual busi spark plug bmw,Spare Part Mobil
jual paking carter mesin bmw seal packing kota,Spare Part Mobil
jual radiator bmw,Spare Part Mobil
jual busi spark plug bmw,Spare Part Mobil
jual kit perbaikan roda gigi motor wiper bmw,Spare Part Mobil
jual sepeda motor tas bmw adv hitam inner tas,Lainnya
jual keong bmw kab bogor,Spare Part Mobil
jual vest pria rompi bmw rompi harley-davidson kab garut,Lainnya
jual kompresor mobil kondensor tekanan pipa,Spare Part Mobil
jual tabung air radiator mercedes,Spare Part Mobil
jual stoplamp lampu kanan mobil daihatsu sirion kota,Spare Part Mobil
jual dragon alat ukur bar inch turbo boost gauge,Lainnya
jual gantungan kunci mobil logo amg mercedes benz keychain,Lainnya
jual busi spark plug bosch mercedes,Spare Part Mobil
jual y.s lampu tembak sorot watt dotrex mata truck off,Spare Part Mobil
jual extra fan kipas radiator mercedes,Aksesoris Eksterior
jual radiator mercedes benz,Spare Part Mobil
jual pompa airmatic mercedes,Spare Part Mobil
jual radiator mercedes,Spare Part Mobil
jual klip karpet terbaik harga murah mei cicil,Aksesoris Eksterior
jual extra fan kipas radiator mercedes,Aksesoris Eksterior
jual modul ballast lampu,Spare Part Mobil
jual balon air suspension mercedes,Spare Part Mobil
jual balon air suspension mercedes,Spare Part Mobil
jual dinamo ampera alternator mercedes benz,Spare Part Mobil
jual modul ballast lampu mercedes benz,Spare Part Mobil
jual throttle body mercedes benz,Spare Part Mobil
jual radiator mercedes,Spare Part Mobil
jual radiator mercedes benz,Spare Part Mobil
jual transmisi mounting mercedes ml gl gle,Spare Part Mobil
jual arm upper gls gle mercedes,Spare Part Mobil
jual extra fan kipas radiator mercedes,Aksesoris Eksterior
jual coil ignition koil pengapian mercedes mesin,Spare Part Mobil
jual shockbreaker airsuspension,Spare Part Mobil
jual pompa airmatic mercedes,Spare Part Mobil
jual sensor tabung radiator mercedes,Spare Part Mobil
jual dinamo starter mercedes benz,Spare Part Mobil
jual dinamo ampere alternator mercedes benz,Spare Part Mobil
jual filter oli mesin mercedes cgi,Spare Part Mobil
jual stabil stabilizer mercedes,Spare Part Mobil
jual ring piston mercy,Spare Part Mobil
jual piston ring mercedes,Spare Part Mobil
jual sensor tpms tekanan ban,Spare Part Mobil
jual bos bush wiper stang wiper carry futura,Spare Part Mobil
jual stiker carbon mobil ertiga stiker pelindung handle pintu,Aksesoris Eksterior
jual karpet dasar mobil escudo karpet lantai,Aksesoris Interior
jual jual mobil carry murah jual cepat kab klaten anha,Kendaraan
jual lampu bemper mobil ertiga kota bekasi pariaman,Spare Part Mobil
jual piston art mitsubishi colt ukuran jakarta,Spare Part Mobil
jual ring nozzle mitsubishi fuso ring tembaga,Spare Part Mobil
review metal thrust washer std mitsubishi canter ps,Spare Part Mobil
jual batok cangkang spion mobil yaris original kab bogor,Spare Part Mobil
jual stiker mobil rush gr carbon pelindung pijakan pintu,Aksesoris Eksterior
jual filter oli denso asli hyundai tucson dxe,Spare Part Mobil
jual stoplamp lampu kanan mobil daihatsu sirion kota,Spare Part Mobil
jual lampu sein hyundai trajet kota bekasi filatamajaya motor,Spare Part Mobil
jual lifter valve innova diesel mangkok koin botol klep koin klep,Spare Part Mobil
jual motor penggerak miror kaca spion wuling confero,Spare Part Mobil
jual molding pintu kanan kiri wuling confero kiri,Spare Part Mobil
jual rumah filter udara hawa isuzu elf nhr nkr,Spare Part Mobil
jual batok cangkang spion mobil yaris original kab bogor,Spare Part Mobil
jual termurah cover jok sarung jok variasi jok mobil pick up,Aksesoris Interior
jual pintu bagasi honda freed kab bekasi santoso tokopedia,Spare Part Mobil
jual radiator mercedes,Spare Part Mobil
jual kit perbaikan roda gigi motor wiper bmw,Spare Part Mobil
jual aki mobil toyota avanza incoe mf astra aki kering,Spare Part Mobil
jual selang radiator toyota avanza xenia,Spare Part Mobil
jual aki mobil toyota rush gs astra aki kering ah,Spare Part Mobil
jual kampas rem brake shoe toyota agya sakura sks,Spare Part Mobil
jual mobil yaris cross terbaru harga termurah,Kendaraan
jual tabung wiper toyota agya ayla ori,Spare Part Mobil
jual lampu stop lampu kijang grand original toyota,Spare Part Mobil
jual spion innova reborn original toyota putih seller paris,Spare Part Mobil
jual mesin motor dinamo retract toyota rush terios innova luxio,Spare Part Mobil
jual rent car malang gratis ongkir harga terbaru april,Kendaraan
jual nap roda yaris original terbaru harga termurah,Spare Part Mobil
jual spion honda civic genio estilo kaca refill only buah,Spare Part Mobil
jual roda terbang original harga termurah mei blibli,Spare Part Mobil
promo speed sensor abs roda,Spare Part Mobil
promo kunci kontak daihatsu delta diskon,Spare Part Mobil
jual kampas rem brake shoe toyota agya sakura sks,Spare Part Mobil
jual selang radiator toyota avanza xenia,Spare Part Mobil
jual dinamo honda accord terbaru harga termurah,Spare Part Mobil
jual aki mobil honda odyssey amaron hi-life pro,Spare Part Mobil
jual spion honda civic genio estilo kaca refill only buah,Spare Part Mobil
jual kampas rem brake shoe toyota agya sakura sks,Spare Part Mobil
jual mesin motor dinamo retract toyota rush terios innova luxio,Spare Part Mobil
jual lampu stop lampu kijang grand original toyota,Spare Part Mobil
promo speed sensor abs roda,Spare Part Mobil
jual roda terbang original harga termurah mei blibli,Spare Part Mobil
jual besi breket dudukan jok terbaru harga termurah,Spare Part Mobil
jual lenso terbaru harga termurah blibli,Spare Part Mobil
jual rotiform alphard terbaru harga termurah,Spare Part Mobil
jual lampu satria fu projie terbaru harga,Lainnya
jual rem tangan kia visto terbaru harga termurah,Spare Part Mobil
jual snap ring gear terbaru harga termurah,Spare Part Mobil
jual kaca film terbaik harga terbaru blibli,Aksesoris Eksterior
jual aki mobil hyundai atoz aspira battery astra aki basah,Spare Part Mobil
jual rem tangan kia visto terbaru harga termurah,Spare Part Mobil
jual rotiform alphard terbaru harga termurah,Spare Part Mobil
jual selang radiator toyota avanza xenia,Spare Part Mobil
jual dinamo starter mobil kia terbaru harga termurah,Spare Part Mobil
jual lampu stop lampu kijang grand original toyota,Spare Part Mobil
jual mesin motor dinamo retract toyota rush terios innova luxio,Spare Part Mobil
jual evaporator mobil hino terbaru harga termurah,Spare Part Mobil
jual alpine utx terbaru harga termurah blibli,Aksesoris Interior
jual seal pulley beat esp terbaru harga,Lainnya
jual yamaha filano majalengka terbaru harga termurah,Lainnya
jual stabilizer bmw terbaru harga termurah,Spare Part Mobil
promo selang radiator bmw water hose,Spare Part Mobil
promo speed sensor abs roda,Spare Part Mobil
jual pestisida padat padi original murah harga diskon mei,Lainnya
jual kemeja konveksi seragam american drill model terbaru,Lainnya
fitur harga mobil mercedes vision avtr blibli friends,Lainnya
fitur harga mobil mercedes vision avtr blibli friends,Lainnya
speed sensor abs roda mercedes,Spare Part Mobil
jual kampas rem brake shoe toyota agya sakura sks,Spare Part Mobil
jual roda terbang original harga termurah mei blibli,Spare Part Mobil
jual selang klakson terbaru harga termurah blibli,Spare Part Mobil
jual aki mobil suzuki grand vitara gs astra aki kering,Spare Part Mobil
promo bak carter carry tayo sgp promo diskon seller,Spare Part Mobil
jual aki mobil suzuki escudo incoe mf astra aki kering,Spare Part Mobil
jual aki mobil suzuki escudo gs astra premium aki,Spare Part Mobil
jual handle laci dasbor suzuki terbaru harga termurah,Spare Part Mobil
jual selang radiator toyota avanza xenia,Spare Part Mobil
jual besi breket dudukan jok terbaru harga termurah,Spare Part Mobil
jual door pintu kanan esteem terbaru harga termurah,Spare Part Mobil
jual aki mobil mitsubishi outlander gs astra aki kering,Spare Part Mobil
jual aki mobil mitsubishi grandis gs astra premium aki,Spare Part Mobil
jual tutup console box xpander terbaru harga termurah,Spare Part Mobil
sejarah kamera nikon penemu perkembangannya blibli,Lainnya
jual mesin motor dinamo retract toyota rush terios innova luxio,Spare Part Mobil
jual spion honda civic genio estilo kaca refill only buah,Spare Part Mobil
jual lampu stop lampu kijang grand original toyota,Spare Part Mobil
jual selang radiator toyota avanza xenia,Spare Part Mobil
jual kampas rem brake shoe toyota agya sakura sks,Spare Part Mobil
jual ring gantungan kunci model terbaru harga promo,Lainnya
jual besi breket dudukan jok terbaru harga termurah,Spare Part Mobil
fitur harga mobil mercedes vision avtr blibli friends,Lainnya
jual set kopling mazda terbaru harga termurah,Spare Part Mobil
jual besi breket dudukan jok terbaru harga termurah,Spare Part Mobil
jual aki mobil honda odyssey amaron hi-life pro,Spare Part Mobil
jual aki mobil mitsubishi grandis gs astra premium aki,Spare Part Mobil
jual aki mobil hyundai atoz aspira battery astra aki basah,Spare Part Mobil
jual aki mobil toyota avanza incoe mf astra aki kering,Spare Part Mobil
jual aki mobil toyota rush gs astra aki kering ah,Spare Part Mobil
jual aki mobil suzuki escudo gs astra premium aki,Spare Part Mobil
jual aki mobil suzuki escudo incoe mf astra aki kering,Spare Part Mobil
jual dinamo starter mobil kia terbaru harga termurah,Spare Part Mobil
jual roda terbang original harga termurah mei blibli,Spare Part Mobil
jual dinamo starter mobil kia terbaru harga termurah,Spare Part Mobil
promo speed sensor abs roda,Spare Part Mobil
jual selang radiator toyota avanza xenia,Spare Part Mobil
jual set kopling mazda terbaru harga termurah,Spare Part Mobil
jual toa sirine terbaru harga termurah blibli,Lainnya
jual mesin motor dinamo retract toyota rush terios innova luxio,Spare Part Mobil
jual ban bridgestone terlengkap harga murah,Spare Part Mobil
jual spion honda civic genio estilo kaca refill only buah,Spare Part Mobil
jual lampu stop lampu kijang grand original toyota,Spare Part Mobil
jual kaca film mobil terbaik harga terbaru blibli,Aksesoris Eksterior
jual evaporator mobil hino terbaru harga termurah,Spare Part Mobil
jual skotlet karbon emas terbaru harga termurah,Lainnya
jual yamaha grand filano hybrid jakarta selatan terbaru,Lainnya
jual grand filano lux connected bekasi terbaru harga,Lainnya
jual alpine utx terbaru harga termurah blibli,Aksesoris Interior
jual seal pulley beat esp terbaru harga,Lainnya
jual lampu satria fu projie terbaru harga,Lainnya
jual rotiform alphard terbaru harga termurah,Spare Part Mobil
jual cover batok mx king terbaru harga,Lainnya
jual rem tangan kia visto terbaru harga termurah,Spare Part Mobil
jual yamaha filano majalengka terbaru harga termurah,Lainnya
jual bfgoodrich terbaru harga termurah,Spare Part Mobil
jual mobil yaris cross terbaru harga termurah,Kendaraan
jual filano palembang terbaru harga termurah,Lainnya
jual stabilizer bmw terbaru harga termurah,Spare Part Mobil
jual xsr underbelly terbaru harga termurah,Lainnya
jual helm trail airoh terbaru harga termurah blibli,Lainnya
jual coil denso grandmax terbaru harga termurah,Spare Part Mobil
jual tekiro helm half face terbaru harga termurah,Lainnya
jual yamaha filano jambi terbaru harga termurah,Lainnya
jual bearing roda vario terbaru harga,Lainnya
jual mesin bajak quick terbaru harga termurah,Lainnya
jual upper tank radiator toyota alphard lapak,Spare Part Mobil
jual toyota kijang innova zenix cover duduk jok mobil empuk car,Aksesoris Interior
jual shock sok breaker yss dtg step toyota kijang,Spare Part Mobil
jual blok isi shotblok short blok mesin toyota avanza xenia grand,Spare Part Mobil
jual liner boring set toyota kijang diesel kapsul,Spare Part Mobil
jual produk innova termurah terlengkap mei,Spare Part Mobil
jual headlamp kotak hella germany original head lamp hella,Spare Part Mobil
jual kancing klip mur plastik samping pedal gas karpet,Spare Part Mobil
jual produk kaca swing termurah terlengkap mei,Spare Part Mobil
jual saklar power window robahan hilux lapak restu,Spare Part Mobil
jual vacum delco distributor zebra espass lapak,Spare Part Mobil
jual produk karpet kijang termurah terlengkap mei,Aksesoris Interior
jual produk kancing dashboard kijang termurah terlengkap,Spare Part Mobil
jual lampu sealed beam head lamp crystal kristal bulat,Spare Part Mobil
jual bearing lahar roda daihatsu taruna brinton lapak atlas,Spare Part Mobil
jual cv joint as kopel roda daihatsu taft gt brinton,Spare Part Mobil
jual fuel pump pompa bensin daihatsu xenia avanza asli astra,Spare Part Mobil
jual front coil spring keong daihatsu taruna,Spare Part Mobil
jual brake shoe kampas rem tromol daihatsu feroza,Spare Part Mobil
jual vacum delco distributor zebra espass lapak,Spare Part Mobil
jual produk roda sigra calya abs termurah,Spare Part Mobil
jual produk kaca swing termurah terlengkap mei,Spare Part Mobil
jual kancing klip mur plastik samping pedal gas karpet,Spare Part Mobil
jual blok isi shotblok short blok mesin toyota avanza xenia grand,Spare Part Mobil
jual gigi transfer gear taft badak obc,Spare Part Mobil
jual isi menspad azza pembalut kain wanita cuci ulang,Lainnya
jual lampu sealed beam head lamp crystal kristal bulat,Spare Part Mobil
jual produk selang radiator brio termurah terlengkap,Spare Part Mobil
jual brake master bm assy master rem accord prestige th,Spare Part Mobil
jual blok isi shotblok short blok mesin toyota avanza xenia grand,Spare Part Mobil
jual knalpot mobil model omega polos saringan ulir glasswoll,Spare Part Mobil
jual produk hsr klg pelek termurah terlengkap mei,Spare Part Mobil
jual vacum delco distributor zebra espass lapak,Spare Part Mobil
jual kancing klip mur plastik samping pedal gas karpet,Spare Part Mobil
jual toyota kijang innova zenix cover duduk jok mobil empuk car,Aksesoris Interior
jual upper tank radiator toyota alphard lapak,Spare Part Mobil
jual produk kaca swing termurah terlengkap mei,Spare Part Mobil
jual gasket packing paking head cover deklep tutup klep hyundai,Spare Part Mobil
jual blok isi shotblok short blok mesin toyota avanza xenia grand,Spare Part Mobil
jual headlamp kotak hella germany original head lamp hella,Spare Part Mobil
jual rokok twizz yellow crush batang slop lapak helik,Lainnya
jual rokok jump batang slop lapak helik bukalapak,Lainnya
jual rokok aroma bold batang slop lapak helik,Lainnya
jual rokok line bold batang slop lapak helik,Lainnya
jual rokok menara batang slop lapak helik bukalapak,Lainnya
jual rokok gajah batang slop lapak helik,Lainnya
jual produk plat kopling binter merzy termurah terlengkap,Spare Part Mobil
jual headlamp kotak hella germany original head lamp hella,Spare Part Mobil
jual produk sweater pria keren terbaru termurah terlengkap,Lainnya
jual produk kaca swing termurah terlengkap mei,Spare Part Mobil
jual blok isi shotblok short blok mesin toyota avanza xenia grand,Spare Part Mobil
jual stiker striping transparan vario led kode,Lainnya
jual kancing klip mur plastik samping pedal gas karpet,Spare Part Mobil
jual kabel soket socket cewek sensor female pin honda,Lainnya
jual toyota kijang innova zenix cover duduk jok mobil empuk car,Spare Part Mobil
jual upper tank radiator toyota alphard lapak,Spare Part Mobil
jual knalpot mobil model omega polos saringan ulir glasswoll,Spare Part Mobil
jual headlamp kotak hella germany original head lamp hella,Spare Part Mobil
jual produk arm mitsubishi termurah terlengkap mei,Spare Part Mobil
jual crank guard cover pelindung mesin triton lapak hiro motor,Lainnya
jual vacum delco distributor zebra espass lapak,Spare Part Mobil
jual headlamp kotak hella germany original head lamp hella,Spare Part Mobil
jual kancing klip mur plastik samping pedal gas karpet,Spare Part Mobil
jual upper tank radiator toyota alphard lapak,Spare Part Mobil
jual beli jam tangan digital pria produk jakarta timur bukalapak,Lainnya
jual isi menspad azza pembalut kain wanita cuci ulang,Lainnya
jual lampu sealed beam head lamp crystal kristal bulat,Spare Part Mobil
jual cv joint as kopel roda daihatsu taft gt brinton,Spare Part Mobil
jual toyota kijang innova zenix cover duduk jok mobil empuk car,Spare Part Mobil
jual karet central rem toyota starlet seiken japan asli,Spare Part Mobil
jual kap cap air cleaner tutup rumah filter udara toyota avanza rush,Spare Part Mobil
jual wheeldop toyota kijang super original kota malang otit,Spare Part Mobil
jual selang buntu toyota kijang krista inova,Spare Part Mobil
jual kopling set matahari kampas bearing ori toyota,Spare Part Mobil
jual selang radiator forklift toyota fd,Spare Part Mobil
jual filter oli saringan oli toyota innova hilux fortuner,Spare Part Mobil
jual dongkrak toyota mobil fortuner landcrusier,Spare Part Mobil
jual selang filter udara toyota avanza ori original asli,Spare Part Mobil
jual mika stop daihatsu taft gt minibus mika lampu taft,Spare Part Mobil
jual karpet roda feroza karpet lumpur feroza,Aksesoris Eksterior
jual cat oles penghilang baret mobil dark grey,Aksesoris Eksterior
jual cutting sticker mobil xenia sticker stiker mobil,Aksesoris Eksterior
jual karet central rem toyota starlet seiken japan asli,Spare Part Mobil
jual seal pinion transmisi lh sil as roda kiri,Spare Part Mobil
jual wildop tutup velg dop roda honda brio ring original,Spare Part Mobil
jual velg mobil brio ring mugen pcd,Spare Part Mobil
jual jual velg ori copotan mobil honda city ring pcd,Spare Part Mobil
jual penutup pelindung interior mobil alcantara merah abuabu,Aksesoris Interior
jual buah honda crv crv mesin kap mesin gas shock,Spare Part Mobil
review lampu plafon honda jazz rs city mobilio brio freed,Spare Part Mobil
jual filter oli matic kia picanto visto hyundai atoz jakarta pusat,Spare Part Mobil
jual talang air hyundai stargazer jakarta utara citra,Spare Part Mobil
jual sensor oksigen kia carnival bensin kota tangerang selatan,Spare Part Mobil
jual tensioner polos bmw merk ina germany,Spare Part Mobil
jual klakson keong bmw asli original hella set isi,Spare Part Mobil
jual paking carter matic transmisi kab semarang,Spare Part Mobil
jual mantel balap motor jaket bmw logo cetak jaket pilot,Spare Part Mobil
jual helm sepeda motor universal helm motor wiper listrik,Lainnya
jual remote remot alarm mobil universal merk,Spare Part Mobil
jual sensor hawa dt spareparts mercy,Spare Part Mobil
jual paking carter matic transmisi kab semarang,Spare Part Mobil
jual penutup setir mobil kulit diy mercedes benz,Aksesoris Interior
jual spliter samping diffuser bumper mercedes benz,Aksesoris Eksterior
jual sepatu puma ferrari original black red jakarta pusat,Lainnya
jual master rem bm assy ertiga manual type asli sgp,Spare Part Mobil
jual sensor parkir mundur mata bunyi mobil suzuki,Spare Part Mobil
jual stiker pick up terlengkap harga murah mei,Aksesoris Eksterior
jual karpet roda feroza karpet lumpur feroza,Aksesoris Eksterior
jual bushing metal noken as camshaft mitsubishi,Spare Part Mobil
jual contactor mitsubishi kota bandung,Spare Part Mobil
jual cover tutup rel slide kursi mazda biante ori,Spare Part Mobil
jual finisher lampu reflektor pintu bagasi mazda,Spare Part Mobil
jual finisher rear lampu reflektor pintu bagasi mazda,Spare Part Mobil
jual spoiler mazda bahan abs spoiler mobil,Aksesoris Eksterior
jual busi iridium power denso mazda non skyactiv japan,Spare Part Mobil
jual sensor oksigen kia carnival bensin kota tangerang selatan,Spare Part Mobil
jual filter oli matic kia picanto visto hyundai atoz jakarta pusat,Spare Part Mobil
jual sensor parkir mundur mata bunyi mobil suzuki,Spare Part Mobil
jual towing bar arb pengaman bemper full,Aksesoris Eksterior
jual karpet escudo karpet mobil escudo karpet lantai escudo,Aksesoris Interior
jual busi iridium power denso mazda non skyactiv japan,Spare Part Mobil
jual talang air hyundai stargazer jakarta utara citra,Spare Part Mobil
jual selang filter udara selang hawa kijang super,Spare Part Mobil
jual kaca spion kabin mobil avanza xenia calya sigra agya,Spare Part Mobil
jual kap cap air cleaner tutup rumah filter udara toyota avanza rush,Spare Part Mobil
jual tutup dop velg racing work diameter kota bekasi dmg,Spare Part Mobil
jual tutup dop velg racing variasi hsn diameter kota bekasi,Spare Part Mobil
jual lampu alis mobil inova oldlampu drl mobil lampu,Aksesoris Eksterior
jual penutup pelindung interior mobil alcantara merah abuabu,Aksesoris Interior
jual sarung jok xpander autoleder kota bogor garage,Aksesoris Interior
jual lampu led putih super terang fog,Aksesoris Eksterior
jual oli mesin motul multipower plus kab bekasi,Spare Part Mobil
jual stiker mobil pintu samping stiker dekorasi mobil vinil grafis,Spare Part Mobil
jual helm sepeda motor universal helm motor wiper listrik,Lainnya
jual emblem stiker sticker mobil toyota logo kijang super grand,Aksesoris Eksterior
jual aki mobil toyota avanza gs astra premium aki,Spare Part Mobil
jual aki mobil toyota sienta gs astra premium aki basah,Spare Part Mobil
jual aki mobil toyota corolla twin cam incoe premium aki,Spare Part Mobil
jual hotwheels toyota land cruiser fj original harga termurah,Lainnya
jual tombol retract spion toyota seller paris auto jalan bajak,Spare Part Mobil
jual spion land cruiser vx original toyota kiri,Spare Part Mobil
promo eibach pro-kit suspensi mobil for toyota,Spare Part Mobil
jual magnet magnit clutch klut pully ac avanza xenia,Spare Part Mobil
jual lampu sorot lampu tembak mobil universal modifikasi,Aksesoris Eksterior
jual jual cap tutup thermostat suzuki carry futura asli,Lainnya
jual stoplamp lampu stop lampu agya ayla sepasang,Spare Part Mobil
jual lampu sorot lampu tembak mobil universal modifikasi,Aksesoris Eksterior
jual bemper grand max terbaru harga,Spare Part Mobil
jual unik logo safety first bendera merah putih emblem,Lainnya
jual jual cap tutup thermostat suzuki carry futura asli,Spare Part Mobil
jual magnet magnit clutch klut pully ac avanza xenia,Spare Part Mobil
jual oli mobil lupromax guard sae transmisi manual,Oli dan Penghemat BBM
jual aki mobil agya ayla incoe premium astra aki basah,Spare Part Mobil
jual kaca film wincos terbaik harga terbaru blibli,Aksesoris Eksterior
jual baut brio terbaru harga termurah blibli,Spare Part Mobil
jual aki mobil honda accord gs astra premium aki,Spare Part Mobil
jual aki mobil honda crv incoe premium astra aki basah,Spare Part Mobil
jual velk honda hrv terbaru harga termurah blibli,Spare Part Mobil
jual lampu sorot lampu tembak mobil universal modifikasi,Aksesoris Eksterior
jual tombol retract spion toyota seller paris auto jalan bajak,Spare Part Mobil
jual stoplamp lampu stop lampu agya ayla sepasang,Spare Part Mobil
jual spion land cruiser vx original toyota kiri,Spare Part Mobil
jual kabel spion terbaru harga termurah blibli,Spare Part Mobil
jual oli mobil lupromax guard sae transmisi manual,Oli dan Penghemat BBM
jual duplikat kunci surabaya original murah harga diskon mei,Lainnya
jual unik logo safety first bendera merah putih emblem,Lainnya
jual jual cap tutup thermostat suzuki carry futura asli,Spare Part Mobil
jual magnet magnit clutch klut pully ac avanza xenia,Spare Part Mobil
jual tombol retract spion toyota seller paris auto jalan bajak,Spare Part Mobil
jual stoplamp lampu stop lampu agya ayla sepasang,Spare Part Mobil
jual spion land cruiser vx original toyota kiri,Spare Part Mobil
jual inovatrack gps terbaru harga termurah blibli,Spare Part Mobil
jual knalpot kawahara inlet terbaru harga termurah,Lainnya
jual colt saa terbaru harga termurah blibli,Lainnya
jual rasio fiz road race terbaru harga termurah,Lainnya
jual bridgestone potenza terbaru harga,Spare Part Mobil
jual toa rm terbaru harga termurah blibli,Lainnya
promo sangkar burung kotak warna cokelat tua hitam bmw no,Lainnya
jual bmw gtr original harga termurah mei blibli,Lainnya
promo kurma medjool palestina premium watan korma,Lainnya
jual lampu sorot lampu tembak mobil universal modifikasi,Aksesoris Eksterior
jual lampu sorot lampu tembak mobil universal modifikasi,Aksesoris Eksterior
jual metabolisme burung original murah harga diskon mei,Lainnya
promo paket bundling pangsit viral nyai mercon diskon,Lainnya
jual stiker cuting nmax terbaru harga termurah,Lainnya
jual sepeda motor sm terbaru harga termurah,Kendaraan
paracetamol mersi lengkap harga terbaru mei blibli,Lainnya
jual miniatur mobil klasik asli original harga termurah april,Spare Part Mobil
jual jual cap tutup thermostat suzuki carry futura asli,Spare Part Mobil
jual unik logo safety first bendera merah putih emblem,Lainnya
jual magnet magnit clutch klut pully ac avanza xenia,Spare Part Mobil
jual kabel spion terbaru harga termurah blibli,Spare Part Mobil
jual miniatur mobil klasik asli original harga termurah april,Lainnya
jual baut brio terbaru harga termurah blibli,Spare Part Mobil
jual kolektor dinamo terbaru harga termurah,Spare Part Mobil
jual aki mobil agya ayla incoe premium astra aki basah,Spare Part Mobil
jual mitsubishi terbaru harga termurah,Kendaraan
jual mitsubishi xpander sport terbaru harga termurah,Kendaraan
jual colt saa terbaru harga termurah blibli,Lainnya
sejarah kamera nikon penemu perkembangannya blibli,Lainnya
jual tombol retract spion toyota seller paris auto jalan bajak,Spare Part Mobil
jual jual cap tutup thermostat suzuki carry futura asli,Spare Part Mobil
lengkap harga terbaru mei blibli,Kendaraan
jual aki mobil honda crv incoe premium astra aki basah,Spare Part Mobil
jual aki mobil honda accord gs astra premium aki,Spare Part Mobil
jual aki mobil toyota sienta gs astra premium aki basah,Spare Part Mobil
jual aki mobil toyota avanza gs astra premium aki,Spare Part Mobil
jual bridgestone potenza terbaru harga,Spare Part Mobil
jual jual cap tutup thermostat suzuki carry futura asli,Spare Part Mobil
jual magnet magnit clutch klut pully ac avanza xenia,Spare Part Mobil
jual unik logo safety first bendera merah putih emblem,Lainnya
warna coklat metalik lengkap harga terbaru mei blibli,Lainnya
jual tombol retract spion toyota seller paris auto jalan bajak,Spare Part Mobil
jual stoplamp lampu stop lampu agya ayla sepasang,Spare Part Mobil
jual spion land cruiser vx original toyota kiri,Spare Part Mobil
jual inovatrack gps terbaru harga termurah blibli,Lainnya
jual mika kaca cbr terbaru harga termurah,Lainnya
jual modif astrea grand terbaru harga termurah,Lainnya
jual monoshock kx terbaru harga termurah blibli,Lainnya
jual ban at ring ukuran terbaru harga termurah,Spare Part Mobil
jual striping motor suzuki skydrive terbaru harga,Lainnya
jual knalpot kawahara inlet terbaru harga termurah,Lainnya
jual motor yamaha freego pegadaian terbaru harga,Lainnya
jual helm shel rover saber terbaru harga termurah,Lainnya
jual colt saa terbaru harga termurah blibli,Lainnya
jual rasio fiz road race terbaru harga termurah,Lainnya
jual mitsuboshi terbaru harga termurah blibli,Spare Part Mobil
jual bridgestone potenza terbaru harga,Spare Part Mobil
jual striping ss two terbaru harga termurah blibli,Lainnya
jual sany terbaru harga termurah blibli,Kendaraan
jual cdi brt arus ac terbaru harga termurah blibli,Lainnya
jual as roda excel terbaru harga termurah,Lainnya
jual toa rm terbaru harga termurah blibli,Lainnya
jual motor honda winner terbaru harga termurah,Lainnya
jual upper tank radiator toyota alphard lapak,Spare Part Mobil
jual motor fan radiator ac mobil toyota raize daihatsu,Spare Part Mobil
jual liner boring set toyota kijang diesel kapsul,Spare Part Mobil
jual produk temperatur suit panas toyota kijang termurah,Spare Part Mobil
jual saklar power window kanan switch tombol,Spare Part Mobil
jual produk temperatur suit panas termurah terlengkap mei,Spare Part Mobil
jual saklar power window robahan hilux lapak restu,Spare Part Mobil
jual vacum delco distributor zebra espass lapak,Spare Part Mobil
jual kaca spion original pakai breket frame nissan,Spare Part Mobil
jual produk restock bearing skf termurah terlengkap,Spare Part Mobil
jual motor fan radiator ac mobil toyota raize daihatsu,Spare Part Mobil
jual vacum delco distributor zebra espass lapak,Spare Part Mobil
jual bearing lahar roda suzuki karimun wagon brinton,Spare Part Mobil
jual saklar power window kanan switch tombol,Spare Part Mobil
jual produk thermistor ac termurah terlengkap april,Spare Part Mobil
jual saklar power window kanan switch tombol,Spare Part Mobil
jual vacum delco distributor zebra espass lapak,Spare Part Mobil
jual produk cover body beat termurah,Lainnya
jual compressor compresor kompresor ac mobil honda,Spare Part Mobil
jual upper tank radiator toyota alphard lapak,Spare Part Mobil
jual produk thermistor ac termurah terlengkap april,Spare Part Mobil
jual rokok menara batang slop lapak helik bukalapak,Lainnya
jual rokok selera sari pucuk batang slop lapak helik,Lainnya
jual rokok selera batang slop lapak helik bukalapak,Lainnya
jual produk sepatu boots kanvas termurah terlengkap mei,Lainnya
jual produk kanvas fashion sepatu cewek termurah,Lainnya
jual produk sein kawasaki kh termurah terlengkap mei,Lainnya
jual leheran leher knalpot kenalpot suzuki fr,Lainnya
jual pioneer usb adaptor lapak ridwan jaya audio,Lainnya
jual kit isi master kopling starlet kapsul corolla great,Spare Part Mobil
jual saklar power window kanan switch tombol,Spare Part Mobil
jual upper tank radiator toyota alphard lapak,Spare Part Mobil
jual thermostat mitsubishi kuda bensin lancer,Spare Part Mobil
jual brembo kampas rem mitsubishi xpander original,Spare Part Mobil
jual saklar power window kanan switch tombol,Spare Part Mobil
jual crank guard cover pelindung mesin triton lapak hiro motor,Lainnya
jual switch atret sensor mundur triton,Spare Part Mobil
jual vacum delco distributor zebra espass lapak,Spare Part Mobil
jual upper tank radiator toyota alphard lapak,Spare Part Mobil
jual thermostat mitsubishi kuda bensin lancer,Spare Part Mobil
jual saklar power window kanan switch tombol,Spare Part Mobil
jual upper tank radiator toyota alphard lapak,Spare Part Mobil
jual tromol roda toyota dyna saurus,Spare Part Mobil
jual selang radiator yaris original kab,Spare Part Mobil
jual karet ventilasi kanan ori toyota,Spare Part Mobil
jual lampu reflektor mobil toyota agya garis jakarta pusat,Spare Part Mobil
jual kaca cermin mirror spion mobil toyota rush terios luxio kiri,Spare Part Mobil
jual terlaku sarung jok mobil baris bahan mbtech carerra,Aksesoris Interior
jual spiral coil spring honda hrv hr-v original,Spare Part Mobil
jual radiator hyundai cretastargazer original kota bekasi,Spare Part Mobil
jual pasang potongan penutup lubang udara kap mesin,Spare Part Mobil
jual sensor switch fuel pump pompa solar asli jakarta,Spare Part Mobil
jual original engsel kap mesin kiri bmw kota,Spare Part Mobil
jual bintang mas bmw magnum hitam kota batu kios mama,Lainnya
jual buah sisi kanan bmw led drl lampu,Aksesoris Eksterior
jual pipa tangki ekspansi selang pendingin radiator,Spare Part Mobil
jual mobil bmw mata uang tweeter,Spare Part Mobil
jual braket led lampu kabut sepeda motor bmw lc,Lainnya
jual panel hazard mercy jakarta selatan central mercedes,Spare Part Mobil
jual kondensor ac onderdil mercy climate pendingin,Spare Part Mobil
jual buah sarung jok mobil kulit mercedes benz,Aksesoris Interior
jual oksigen sensor fit mercedesbenz aklasse,Spare Part Mobil
jual stiker mobil decal pintu samping pickup bodi mitsubishi,Aksesoris Eksterior
jual sarung jok mobil avanza xenia calya sigra ertiga innova,Aksesoris Interior
jual engine mounting suzuki ertiga set kanan kab tangerang,Spare Part Mobil
jual modul auto lock terlengkap harga murah mei cicil,Spare Part Mobil
jual suzukikakhi cat oles penghilang baret mobil ertiga,Aksesoris Eksterior
jual ring satelit colt diesel ragasa mitsubishi,Spare Part Mobil
jual lampu stop lamp asli mitsubishi pajero sport kiri,Spare Part Mobil
jual kompresor ac mitsubishi siam,Spare Part Mobil
jual bumper mitsubishi pajero sport jakarta,Spare Part Mobil
jual karpet dasar khusus mobil mitsubishi kuda long full busa,Aksesoris Interior
jual buah sarung jok mobil kulit mitsubishi pajero sport pajero,Aksesoris Interior
jual stiker mobil decal pintu samping pickup bodi mitsubishi,Aksesoris Eksterior
jual mitsubishi lancer ex auto spoiler bibir abs,Aksesoris Eksterior
jual kabel kunci kontakswitch kunci kontak ford ranger everest,Spare Part Mobil
jual rok spoiler bibir bumper mobil deflektor mazda,Aksesoris Eksterior
jual xuan modul kontrol kipas pendingin radiator,Spare Part Mobil
jual busi iridium power denso mazda ford fiesta japan,Spare Part Mobil
jual stik oli terlengkap harga murah mei cicil,Spare Part Mobil
jual stik oli terlengkap harga murah mei cicil,Spare Part Mobil
jual busi iridium power denso mazda ford fiesta japan,Spare Part Mobil
jual tenda mobil bagasi kerai tahan hujan,Spare Part Mobil
jual mitsubishi lancer ex auto spoiler bibir abs,Aksesoris Eksterior
jual suzukikakhi cat oles penghilang baret mobil ertiga,Aksesoris Eksterior
jual sarung jok mobil avanza xenia calya sigra ertiga innova,Aksesoris Interior
jual stiker mobil decal pintu samping pickup bodi mitsubishi,Aksesoris Eksterior
jual tabung air wiper toyota innova-fortuner original,Spare Part Mobil
jual kondensor kijang toyota terbaru harga termurah,Spare Part Mobil
jual karet cover ban serep toyota rush terios seller larisse,Aksesoris Eksterior
promo eibach pro-kit suspensi mobil for toyota,Spare Part Mobil
jual spakbor mobil rush terbaru harga termurah,Spare Part Mobil
jual baut rave terbaru harga termurah blibli,Spare Part Mobil
jual jaring bagasi sigra terbaru harga termurah,Aksesoris Interior
jual filter accabin filterfilter kabin avanza xenia,Spare Part Mobil
jual baut rave terbaru harga termurah blibli,Spare Part Mobil
jual wheeldop grand terbaru harga termurah,Spare Part Mobil
jual tabung air wiper toyota innova-fortuner original,Spare Part Mobil
jual kabel tranmisi espass terbaru harga termurah,Spare Part Mobil
jual karet cover ban serep toyota rush terios seller larisse,Aksesoris Eksterior
jual karet cover ban serep toyota rush terios seller larisse,Aksesoris Eksterior
jual ban mobil granmax pick up terbaru harga termurah,Spare Part Mobil
jual gantungan jok mobil brio terbaru harga termurah,Aksesoris Interior
jual list bagasi mobilio rs terbaru harga termurah,Spare Part Mobil
jual karet mounting kanan honda terbaru harga,Lainnya
jual velg mobil ring xxr utk hrv crv xpander ertiga civic,Spare Part Mobil
jual karet pintu honda stream terbaru harga termurah,Spare Part Mobil
jual karet cover ban serep toyota rush terios seller larisse,Aksesoris Eksterior
jual batok kaca honda terbaru harga termurah,Spare Part Mobil
jual filter accabin filterfilter kabin avanza xenia,Spare Part Mobil
jual karet dudukan mesin kanan terbaru harga termurah,Spare Part Mobil
jual dinamo ampere grand terbaru harga termurah,Spare Part Mobil
jual rumah tromol mobil terbaru harga termurah,Spare Part Mobil
jual wheeldop grand terbaru harga termurah,Spare Part Mobil
jual wheeldop grand terbaru harga termurah,Spare Part Mobil
jual baut rave terbaru harga termurah blibli,Spare Part Mobil
jual nap roda hyundai getz terbaru harga,Spare Part Mobil
jual tabung air wiper toyota innova-fortuner original,Spare Part Mobil
jual baut rave terbaru harga termurah blibli,Spare Part Mobil
jual dinamo ampere grand terbaru harga termurah,Spare Part Mobil
jual karet cover ban serep toyota rush terios seller larisse,Aksesoris Eksterior
jual karet gromet cover mesin terbaru harga termurah,Spare Part Mobil
jual gigi tarik set klx terbaru harga termurah,Lainnya
jual logo allah muhammad terbaru harga termurah,Aksesoris Eksterior
jual karet bantalan rantai terbaru harga,Lainnya
jual rompi serbu tni terbaru harga termurah,Lainnya
jual indopart komstir nmax terbaru harga termurah,Lainnya
jual spedometer digital jupiter terbaru harga termurah,Lainnya
jual alenza terbaru harga termurah,Spare Part Mobil
jual beras rojolele kg murah termurah harga grosir terupdate,Lainnya
jual sarang burung walet surabaya harga blibli,Lainnya
panci susun harga terbaru mei gratis ongkir blibli,Lainnya
jual mercedes benz cla terbaru harga,Kendaraan
jual velg pelek mobil hsr rostock ring mercy,Spare Part Mobil
jual mobil aki anak jumbo original harga termurah mei blibli,Lainnya
jual kaca film solar gard terbaik harga terbaru blibli,Aksesoris Eksterior
jual kampas rem carry terbaru harga,Spare Part Mobil
jual aki mobil suzuki carry series incoe gold astra aki basah,Spare Part Mobil
jual velg mobil ring xxr utk hrv crv xpander ertiga civic,Spare Part Mobil
jual karet dudukan mesin kanan terbaru harga termurah,Spare Part Mobil
jual tabung air wiper toyota innova-fortuner original,Spare Part Mobil
jual filter accabin filterfilter kabin avanza xenia,Spare Part Mobil
jual gantungan jok mobil brio terbaru harga termurah,Aksesoris Interior
jual safety belt apv terbaru harga termurah blibli,Spare Part Mobil
jual kondensor kijang toyota terbaru harga termurah,Spare Part Mobil
jual ban mobil granmax pick up terbaru harga termurah,Spare Part Mobil
jual ban mobil granmax pick up terbaru harga termurah,Spare Part Mobil
jual ban megapro terbaru harga termurah,Spare Part Mobil
jual expander cross premium terbaru harga,Kendaraan
jual cc terbaru harga termurah blibli,Spare Part Mobil
jual laher bearing terbaru harga termurah,Spare Part Mobil
jual kaca spion pajero exceed terbaru harga termurah,Spare Part Mobil
jual karet gromet cover mesin terbaru harga termurah,Spare Part Mobil
jual baut rave terbaru harga termurah blibli,Spare Part Mobil
jual filter accabin filterfilter kabin avanza xenia,Spare Part Mobil
jual filter accabin filterfilter kabin avanza xenia,Spare Part Mobil
jual karet cover ban serep toyota rush terios seller larisse,Aksesoris Eksterior
jual filter accabin filterfilter kabin avanza xenia,Spare Part Mobil
jual tabung air wiper toyota innova-fortuner original,Spare Part Mobil
jual karet cover ban serep toyota rush terios seller larisse,Aksesoris Eksterior
jual karet gromet cover mesin terbaru harga termurah,Spare Part Mobil
jual gigi tarik set klx terbaru harga termurah,Lainnya
jual cutting sticker nomor mobil font terbaru harga,Lainnya
jual safety belt apv terbaru harga termurah blibli,Spare Part Mobil
jual gantungan jok mobil brio terbaru harga termurah,Aksesoris Interior
jual sein mio sporty led terbaru harga termurah,Lainnya
jual jok sarung mega carry terbaru harga termurah,Aksesoris Interior
jual tubular vario terbaru harga termurah,Lainnya
jual nap roda hyundai getz terbaru harga,Spare Part Mobil
jual karet kaliper honda adv terbaru harga termurah,Lainnya
jual rompi serbu tni terbaru harga termurah,Lainnya
jual pompa air wiper camry terbaru harga termurah,Spare Part Mobil
jual terbaru harga termurah blibli,Lainnya
jual ban lt terbaru harga termurah blibli,Spare Part Mobil
jual indopart komstir nmax terbaru harga termurah,Lainnya
jual karet bantalan rantai terbaru harga,Lainnya
jual motor yamaha metik terbaru terbaru harga termurah,Kendaraan
jual selang radiator xtrail terbaru harga termurah,Spare Part Mobil
jual magnet rm rx king terbaru harga termurah,Lainnya
jual modif fino terbaru harga termurah blibli,Lainnya
jual velg mandala terbaru harga termurah blibli,Spare Part Mobil
jual list bagasi mobilio rs terbaru harga termurah,Spare Part Mobil
jual adaptor baut terbaru harga termurah,Spare Part Mobil
jual shock breker cbr terbaru harga,Lainnya
jual kabel tranmisi espass terbaru harga termurah,Spare Part Mobil
jual karet pintu honda stream terbaru harga termurah,Spare Part Mobil
jual as selah engkol smash terbaru harga termurah,Spare Part Mobil
jual sasis vario terbaru harga termurah blibli,Lainnya
jual blok mesin rx king yp terbaru harga termurah,Lainnya
jual kaliper rcb seris mio terbaru harga termurah,Lainnya
jual silinder roda rem kijang terbaru harga termurah,Spare Part Mobil
jual spedometer digital jupiter terbaru harga termurah,Lainnya
jual alenza terbaru harga termurah,Spare Part Mobil
jual cc terbaru harga termurah blibli,Spare Part Mobil
jual selang air doorsmeer terbaru harga termurah,Spare Part Mobil
jual soket kiprok shogun terbaru harga termurah,Lainnya
jual ban nmax bekas terbaru harga termurah,Lainnya
jual mesin honda terbaru harga termurah,Spare Part Mobil
jual shock terbaru harga termurah,Spare Part Mobil
jual cc terbaru harga termurah blibli,Spare Part Mobil
jual produk list avanza stiker mobil toyota termurah,Aksesoris Eksterior
jual produk pintu mobil toyota rush termurah terlengkap mei,Spare Part Mobil
jual produk pintu toyota corolla termurah terlengkap mei,Spare Part Mobil
jual toyota kijang innova zenix cover leather premium seat kursi,Spare Part Mobil
jual stiker spion mobil toyota avanza veloz car decal sticker,Aksesoris Eksterior
jual gigi transmisi-gigi vios-yaris manual original lapak,Spare Part Mobil
jual produk as hardtop fuji termurah terlengkap mei,Spare Part Mobil
jual produk pipa radiator selang termurah terlengkap april,Spare Part Mobil
jual saklar power window kanan switch tombol,Spare Part Mobil
jual produk stiker stripe list mobil calya termurah terlengkap,Aksesoris Eksterior
jual produk kap mesin kanan vios termurah terlengkap april,Spare Part Mobil
jual joint flexible steer joint fleksibel stir futura,Spare Part Mobil
jual keong spiral shockbreaker suspensi hrv original,Spare Part Mobil
jual block mesin only calya original lapak ebi,Spare Part Mobil
jual produk pintu mobil toyota rush termurah terlengkap mei,Spare Part Mobil
jual joint flexible steer joint fleksibel stir futura,Spare Part Mobil
jual saklar power window kanan switch tombol,Spare Part Mobil
jual produk list avanza stiker mobil toyota termurah,Aksesoris Eksterior
jual produk stiker stripe list mobil calya termurah terlengkap,Aksesoris Eksterior
jual alpinestars rayon helmet helm adventure enduro,Lainnya
jual keong spiral shockbreaker suspensi hrv original,Spare Part Mobil
jual produk chamber kit camber kit civic termurah,Spare Part Mobil
jual saklar power window kanan switch tombol,Spare Part Mobil
jual produk kap mesin kanan vios termurah terlengkap april,Spare Part Mobil
jual ring piston set kia carnival bensin size standar lapak citra,Spare Part Mobil
jual intercooler apexi size lapak spoon motorsport,Spare Part Mobil
jual vjm angker dinamo stater blade revo,Lainnya
jual produk pipa radiator selang termurah terlengkap april,Spare Part Mobil
jual beli mesin produksi makanan minuman rumah tangga,Lainnya
jual cabin door lock assy kunci pintu kabin operator,Spare Part Mobil
jual keong spiral shockbreaker suspensi hrv original,Spare Part Mobil
jual joint flexible steer joint fleksibel stir futura,Spare Part Mobil
jual ring piston set kia carnival bensin size standar lapak citra,Spare Part Mobil
jual ring piston set kia carnival bensin size standar lapak citra,Spare Part Mobil
jual produk pipa radiator selang termurah terlengkap april,Spare Part Mobil
jual produk list avanza stiker mobil toyota termurah,Aksesoris Eksterior
jual produk stiker stripe list mobil calya termurah terlengkap,Aksesoris Eksterior
jual saklar power window kanan switch tombol,Spare Part Mobil
jual thermostat mitsubishi kuda bensin lancer,Spare Part Mobil
jual cover kit starter tutup bendix mitsubishi,Spare Part Mobil
jual produk kopling mitsubishi bensin termurah,Spare Part Mobil
jual produk kampas kopling bensin termurah,Spare Part Mobil
jual saklar power window kanan switch tombol,Spare Part Mobil
jual ring piston set kia carnival bensin size standar lapak citra,Spare Part Mobil
jual joint flexible steer joint fleksibel stir futura,Spare Part Mobil
jual intercooler apexi size lapak spoon motorsport,Spare Part Mobil
jual gigi transmisi-gigi vios-yaris manual original lapak,Spare Part Mobil
jual produk plat kopling bensin termurah terlengkap,Spare Part Mobil
jual keong spiral shockbreaker suspensi hrv original,Spare Part Mobil
jual bendix starter bendik stater diesel kuda disel,Spare Part Mobil
jual produk pipa radiator selang termurah terlengkap april,Spare Part Mobil
jual keong spiral shockbreaker suspensi hrv original,Spare Part Mobil
jual thermostat mitsubishi kuda bensin lancer,Spare Part Mobil
jual saklar power window kanan switch tombol,Spare Part Mobil
jual ring piston set kia carnival bensin size standar lapak citra,Spare Part Mobil
jual visco van fan clutch sarang tawon kipas toyota,Spare Part Mobil
jual kunci pintu set toyota hardtop tlc,Spare Part Mobil
jual soket sensor commonrail pin toyota diesel innova,Spare Part Mobil
jual tutup radiator toyota alphard gen,Spare Part Mobil
jual poster iklan toyota land cruiser jakarta selatan,Lainnya
jual bumper original daihatsu granmax bemper,Spare Part Mobil
jual dinamo starter daihatsu espass zebra,Spare Part Mobil
jual sun visor kiri daihatsu zebra espass ori kota surabaya tati,Spare Part Mobil
jual kaos baju mobil daihatsu gran max granmax kaos,Lainnya
jual double din sigra terlengkap harga murah mei cicil,Spare Part Mobil
jual tutup radiator avanza xenia rush inova terios jakarta pusat,Spare Part Mobil
jual cover jok sarung jok honda brv brv kota bandung,Aksesoris Interior
jual koil honda mobilio hrv asli honda jakarta pusat,Spare Part Mobil
jual mainan mobil aki anak honda crv pmb putih extra,Lainnya
jual karpet mobil premium honda mobilio mie bihun,Aksesoris Interior
jual brosur mobil honda crv ori kota surabaya berkat,Lainnya
jual velg mobil original honda accord kota,Spare Part Mobil
jual cap assy tutup radiator tekanan bar hyundai,Spare Part Mobil
jual karpet mobil premium hyundai creta mie bihun warna,Aksesoris Interior
jual kaca hyundai atoz kia visto kota bekasi owat,Spare Part Mobil
jual aki mobil bmw gs mf aki kering,Spare Part Mobil
jual klip kancing clip bumper bemper mercedes benz,Spare Part Mobil
jual headlamp lampu bmw lci original garansi kota,Spare Part Mobil
jual set tpms sensor tekanan ban bmw,Spare Part Mobil
jual kemeja daily pantai hawaiian shirt santai pink polos rayon,Lainnya
jual velg mobil original honda accord kota,Spare Part Mobil
jual sarung jok mobil opel astra zafira tourer vectra,Aksesoris Interior
jual yaw-rateesp sensor mercedes-benz c-class jakarta,Spare Part Mobil
jual klip kancing clip bumper bemper mercedes benz,Spare Part Mobil
jual hotwheels mercedes benz putih jakarta selatan okky,Lainnya
jual ac kipas ac modul kontrol unit,Spare Part Mobil
jual bohlam lampu hid xenon alphard vellvire,Spare Part Mobil
jual tomica premium ferrari jakarta selatan ernef shop,Lainnya
jual labeille stroller lux kereta dorong bayi travel recline,Lainnya
jual kaos yesus baju gambar kristus kaos rohani katolik,Lainnya
jual lemari tv inch rak displai kaca liswar penyekat ruangan,Lainnya
jual wiper mobil suzuki carry ukuran kota depok,Spare Part Mobil
jual karpet karet lantai mobil suzuki futura minibus set by gp,Aksesoris Interior
jual karpet dasar mobil peredam carry futura mini bus pick up,Aksesoris Interior
promo karpet dasar mobil peredam carry futura mini bus pick,Aksesoris Interior
jual suzuki vitara grand vitara mobil strut bar kap penutup,Spare Part Mobil
jual karpet lantai mobil suzuki escudo set lembar,Aksesoris Interior
jual ban mobil gt radial champiro ecotec granmax,Spare Part Mobil
jual velg velg mobil racing hsr ravel ring innova ertiga,Spare Part Mobil
jual karpet lumpur roda mudguard mobil futura,Aksesoris Eksterior
jual kampas kopling set suzuki mega carry original kota,Spare Part Mobil
jual kampas rem avanza mk kota bandung degulpart,Spare Part Mobil
jual plat jok kiri ori mitsubishi tutup mesin,Spare Part Mobil
promo ban mitsubishi aspira,Spare Part Mobil
jual handel pintu mitsubishi kuda handle door,Spare Part Mobil
jual ban mobil mitsubishi pajero sport bridgestone dueler,Spare Part Mobil
jual switch mundur switch atret mitsubishi kuda diesel,Spare Part Mobil
jual keong coil spring mazda fiesta,Spare Part Mobil
jual buah sarung jok mobil kulit mazda gh gg,Aksesoris Interior
jual fuel filter saringan bensin tangki tengki mazda,Spare Part Mobil
jual penutup kaliper rem aloi aluminium mazda,Aksesoris Eksterior
jual mobil bibir bumper spoiler rok deflektor mazda,Spare Part Mobil
jual mobil kia rio bulanan kab tangerang cv najib jaya rent,Kendaraan
jual kaca hyundai atoz kia visto kota bekasi owat,Spare Part Mobil
jual werstan resistor blower ac mobil kaki sejajar denso,Spare Part Mobil
jual velg velg mobil racing hsr ravel ring innova ertiga,Spare Part Mobil
jual karpet dasar mobil toyota kijang krista lgx lsx lx sgx ssx,Aksesoris Interior
jual sarung jok mobil opel astra zafira tourer vectra,Aksesoris Interior
jual karpet mobil premium hyundai creta mie bihun warna,Aksesoris Interior
jual muffler ujung pipa knalpot mobil luxio stanles universal,Spare Part Mobil
jual wiper mobil suzuki carry ukuran kota depok,Spare Part Mobil
jual velg bekas ori mobil kuda ban,Spare Part Mobil
jual tomica premium ferrari jakarta selatan ernef shop,Lainnya
jual stir racing mobil toyota terbaru harga termurah,Spare Part Mobil
promo sensor speed abs rh kanan toyota inova innova,Spare Part Mobil
jual diecast innova highlander original harga termurah mei,Lainnya
jual rem belakan hardtop terbaru harga termurah,Spare Part Mobil
jual shock kijang ceper terbaru harga termurah,Spare Part Mobil
jual karpet original mobil ayla terbaru harga termurah,Aksesoris Interior
jual lampu tembak mobil hilux original murah harga diskon mei,Spare Part Mobil
jual spring kampas rem terbaru harga termurah,Spare Part Mobil
jual accu mobil gs terbaru harga termurah,Spare Part Mobil
jual grill innova model lexus terbaru harga termurah,Spare Part Mobil
jual aki gs terbaru harga termurah blibli,Spare Part Mobil
jual spion innova terbaik harga terbaru blibli,Spare Part Mobil
jual oli mesin ignis terbaru harga termurah,Oli dan Penghemat BBM
jual daihatsu sirion terbaru harga termurah,Kendaraan
jual filter accabin filterfilter kabin avanza xenia,Spare Part Mobil
promo sensor speed abs rh kanan toyota inova innova,Spare Part Mobil
jual modul remote xenia terbaru harga termurah,Spare Part Mobil
jual spring kampas rem terbaru harga termurah,Spare Part Mobil
jual karpet original mobil ayla terbaru harga termurah,Aksesoris Interior
jual stir racing mobil toyota terbaru harga termurah,Spare Part Mobil
jual velg grandmax ring terbaru harga termurah,Spare Part Mobil
jual paket cakram roda original terbaru harga promo,Spare Part Mobil
jual oli mesin ignis terbaru harga termurah,Oli dan Penghemat BBM
promo sensor speed abs rh kanan toyota inova innova,Spare Part Mobil
jual spoiler bumper mobil terbaru harga termurah,Aksesoris Eksterior
jual filter accabin filterfilter kabin avanza xenia,Spare Part Mobil
jual fuel pump innova reborn terbaru harga termurah,Spare Part Mobil
jual oli mesin ignis terbaru harga termurah,Oli dan Penghemat BBM
jual kisi ac crv gen terbaru harga termurah,Spare Part Mobil
jual tutup pelek ban terbaru harga termurah,Spare Part Mobil
jual master rem kia picanto terbaru harga,Spare Part Mobil
jual careta hyundai terbaru harga termurah blibli,Kendaraan
jual seal kia picanto cosmo terbaru harga termurah,Spare Part Mobil
jual shockbreaker sportage terbaru harga termurah,Spare Part Mobil
jual pipe injektor terbaru harga termurah blibli,Spare Part Mobil
jual relife rl terbaru harga termurah blibli,Lainnya
jual kisi ac crv gen terbaru harga termurah,Spare Part Mobil
jual yamaha vilano terbaru harga termurah blibli,Lainnya
jual stiker motor revo robot terbaru harga termurah,Lainnya
jual saklar benelli terbaru harga termurah blibli,Lainnya
jual terbaru harga termurah blibli,Spare Part Mobil
jual tutup towing grandmax terbaru harga termurah,Aksesoris Eksterior
jual filter fuel pump verza terbaru harga,Lainnya
jual seher bmw terbaru harga termurah,Spare Part Mobil
jual rokok bintang mas filter termurah harga grosir terupdate,Lainnya
jual aki gs terbaru harga termurah blibli,Spare Part Mobil
jual aki incoe terbaru harga termurah,Spare Part Mobil
jual serokan saringan penggorengan minyak bawang bulat,Lainnya
jual aki gs terbaru harga termurah blibli,Spare Part Mobil
jual roda bayi harga termurah terlengkap,Lainnya
jual oli mesin ignis terbaru harga termurah,Oli dan Penghemat BBM
jual list ertiga pintu terbaru harga termurah,Spare Part Mobil
jual aki mobil suzuki apv gs astra premium aki basah,Spare Part Mobil
jual tangki bensin carry terbaru harga termurah,Spare Part Mobil
jual pengaman bumper suzuki terbaru harga,Spare Part Mobil
jual pipa kopling terbaru harga termurah blibli,Spare Part Mobil
mur baut roda kunci futura apv ertiga,Spare Part Mobil
jual harga plat kopling suzuki futura terbaru harga,Spare Part Mobil
jual filter accabin filterfilter kabin avanza xenia,Spare Part Mobil
jual velg grandmax ring terbaru harga termurah,Spare Part Mobil
jual variasi kap mesin mobil terbaru harga termurah,Spare Part Mobil
jual seal shok suzuki original terbaru harga termurah,Spare Part Mobil
promo sensor speed abs rh kanan toyota inova innova,Spare Part Mobil
jual kaca film llumar terbaik harga terbaru blibli,Aksesoris Eksterior
jual kabel busi mitsubishi kuda grandia terbaru harga,Spare Part Mobil
jual grill expander ori terbaru harga termurah,Spare Part Mobil
jual accu mobil gs terbaru harga termurah,Spare Part Mobil
jual terbaru harga termurah blibli,Spare Part Mobil
jual variasi kap mesin mobil terbaru harga termurah,Spare Part Mobil
promo sensor speed abs rh kanan toyota inova innova,Spare Part Mobil
jual tutup pelek ban terbaru harga termurah,Spare Part Mobil
jual filter accabin filterfilter kabin avanza xenia,Spare Part Mobil
jual spring kampas rem terbaru harga termurah,Spare Part Mobil
jual pipa kopling terbaru harga termurah blibli,Spare Part Mobil
jual filter accabin filterfilter kabin avanza xenia,Spare Part Mobil
jual aki mobil suzuki apv gs astra premium aki basah,Spare Part Mobil
jual spring kampas rem terbaru harga termurah,Spare Part Mobil
jual seal kia picanto cosmo terbaru harga termurah,Spare Part Mobil
jual relife rl terbaru harga termurah blibli,Lainnya
jual variasi kap mesin mobil terbaru harga termurah,Spare Part Mobil
jual kisi ac crv gen terbaru harga termurah,Spare Part Mobil
jual continental at terbaru harga termurah,Spare Part Mobil
jual head cylinder modif terbaru harga termurah,Spare Part Mobil
jual stiker motor revo robot terbaru harga termurah,Lainnya
jual bando belt terbaru harga termurah,Lainnya
jual velg palang blade terbaru harga termurah,Spare Part Mobil
jual bracket under cover xsr terbaru harga termurah,Lainnya
jual terbaru harga termurah blibli,Spare Part Mobil
jual velg enkei palang terbaru harga termurah,Lainnya
jual lampu terbaru harga termurah,Spare Part Mobil
jual helm arai astro gx motif terbaru harga termurah,Lainnya
jual aki incoe terbaru harga termurah,Spare Part Mobil
jual filter fuel pump verza terbaru harga,Lainnya
jual injektor yamaha byson fi ori terbaru harga termurah,Spare Part Mobil
jual kaca mika kilometer blade terbaru harga termurah,Spare Part Mobil
jual velg gio ring terbaru harga termurah,Spare Part Mobil
jual saklar benelli terbaru harga termurah blibli,Lainnya
jual vnd velg racing six star mx king terbaru harga,Lainnya
jual ban dunlop terbaru harga termurah,Spare Part Mobil
jual terbaru harga termurah blibli,Spare Part Mobil
jual box speaker subwoofer inch spl terbaru harga,Spare Part Mobil
jual honda adv cbs terbaru harga termurah,Lainnya
jual tutup laci yaris terbaru harga termurah blibli,Spare Part Mobil
jual jarum tambal ban tubeless tora terbaru harga,Lainnya
jual yamaha ego lc terbaru harga termurah blibli,Lainnya
jual helm valiant terbaru harga termurah,Lainnya
jual cover body vario vario led terbaru,Lainnya
jual oli yamaha yamaha xsr terbaru harga,Oli dan Penghemat BBM
jual kisi kisi ac alphard terbaru harga termurah,Spare Part Mobil
jual switch starter grand max terbaru harga termurah,Spare Part Mobil
jual mesin pelurus besi terbaru harga termurah,Lainnya
jual rantai kamprat blitz terbaru harga termurah,Lainnya
jual oli gardan mobil fortuner terbaru harga termurah,Oli dan Penghemat BBM
jual mika lampu nissan march terbaru harga,Spare Part Mobil
jual emblem logo tutup cover ban serep toyota,Aksesoris Eksterior
jual gigi transmisi-gigi vios-yaris manual original lapak,Spare Part Mobil
jual joint flexible steer joint fleksibel stir futura,Spare Part Mobil
jual stiker cutting sticker kaca mobil kaligrafi doa kendaraan,Aksesoris Eksterior
jual foglamp lampu kabut mobil honda jazz rs,Aksesoris Eksterior
jual produk sen flasher isuzu termurah terlengkap mei,Spare Part Mobil
jual peredam panas suara kap mesin mobil honda hrv,Aksesoris Eksterior
jual emblem logo tutup cover ban serep toyota,Aksesoris Eksterior
jual foglamp lampu kabut mobil honda jazz rs,Aksesoris Eksterior
jual joint flexible steer joint fleksibel stir futura,Spare Part Mobil
jual produk sen flasher isuzu termurah terlengkap mei,Spare Part Mobil
jual gigi grandmax terios original lapak ebi,Spare Part Mobil
jual peredam panas suara kap mesin mobil honda hrv,Aksesoris Eksterior
jual peredam panas suara kap mesin mobil honda hrv,Aksesoris Eksterior
jual produk kit camber kit civic termurah terlengkap mei,Spare Part Mobil
jual foglamp lampu kabut mobil honda jazz rs,Aksesoris Eksterior
jual ring piston set kia carnival bensin size standar lapak citra,Spare Part Mobil
jual intercooler apexi size lapak spoon motorsport,Spare Part Mobil
jual cabin door lock assy kunci pintu kabin operator,Spare Part Mobil
jual produk modul mainan mobil aki termurah terlengkap,Lainnya
jual stiker spion mobil suzuki karimun wagon car decal,Aksesoris Eksterior
jual joint flexible steer joint fleksibel stir futura,Spare Part Mobil
jual ring piston set kia carnival bensin size standar lapak citra,Spare Part Mobil
jual foglamp lampu kabut mobil honda jazz rs,Spare Part Mobil
jual stiker cutting sticker kaca mobil kaligrafi doa kendaraan,Aksesoris Eksterior
jual master kopling strada lapak,Spare Part Mobil
jual ring piston set kia carnival bensin size standar lapak citra,Spare Part Mobil
jual joint flexible steer joint fleksibel stir futura,Spare Part Mobil
jual intercooler apexi size lapak spoon motorsport,Spare Part Mobil
jual gigi transmisi-gigi vios-yaris manual original lapak,Spare Part Mobil
jual produk pilar mazda termurah terlengkap mei,Spare Part Mobil
jual peredam panas suara kap mesin mobil honda hrv,Aksesoris Eksterior
jual ring piston set kia carnival bensin size standar lapak citra,Spare Part Mobil
jual sensor vvti sensor oli toyota innova bensin hilux pickup,Spare Part Mobil
jual emblem toyota hybrid logo grill innova zenix,Aksesoris Eksterior
jual kunci duplikat mobil toyota agya tebal kota tangerang,Spare Part Mobil
jual laci koin laci asbak toyota vios limo gen kota bekasi,Spare Part Mobil
jual spion toyota innova reborn sisi kanan original kota bekasi,Spare Part Mobil
jual bungkus sarung jok paten kulit asli toyota alphard jakarta barat,Aksesoris Interior
jual karet pelipit list kaca wheater strip daihatsu hijet,Spare Part Mobil
jual oli mesin daihatsu asli sn mobil xenia terios,Oli dan Penghemat BBM
jual karpet karet lantai isuzu traga kota semarang,Aksesoris Interior
jual iklan mobil toyota corolla kota malang kertas,Lainnya
jual kampas kopling asli suzuki apv,Spare Part Mobil
jual kunci duplikat mobil toyota agya tebal kota tangerang,Spare Part Mobil
jual klip plat kabel perseneling zebra kab sidoarjo pd,Spare Part Mobil
jual emblem logo grill toyota raize original,Aksesoris Eksterior
jual karpet mobil honda jazz premium hitam kuning,Aksesoris Interior
jual sarung jok mobil avanza xenia calya apv mobilio-bagian,Aksesoris Interior
jual pelumas oli mesin mobil honda brio mobilio freed,Oli dan Penghemat BBM
jual dudukan shock mobil honda stream kota,Spare Part Mobil
review brio go potato box biskuit kentang go potato biscuit,Lainnya
jual filter udara kia sportage hyundai tucson sakura,Spare Part Mobil
jual headlamp lampu sebelah kiri hyundai avega kota,Spare Part Mobil
jual mobil bibir bumper spoiler rok deflektor hyundai,Spare Part Mobil
jual kaca pintu kiri chevrolet lova kab bandung barat,Spare Part Mobil
jual mitsubishi outlander gfggzjzk penutup kap,Spare Part Mobil
jual karpet mobil honda jazz premium hitam kuning,Aksesoris Interior
jual bahan kunci duplikat terbaik harga murah mei cicil,Spare Part Mobil
jual sekring fuse keramik bmw jakarta selatan kampakan,Spare Part Mobil
jual klakson bmw socket jarum jakarta selatan,Spare Part Mobil
jual headlamp lampu bmw seri lci original,Spare Part Mobil
jual velg mobil bmw seri hsr buraku hole,Spare Part Mobil
jual bmw gs lampu kabut,Aksesoris Eksterior
jual buah bumper bibir bmw,Spare Part Mobil
jual oli pennzoil terlengkap harga murah mei cicil,Oli dan Penghemat BBM
jual kampas rem swiftsplash bendix jakarta pusat best,Spare Part Mobil
jual iklan mobil peugeot kota malang kertas,Lainnya
jual repairkit kopling mercy mercy,Spare Part Mobil
jual roda srb,Spare Part Mobil
jual velg mobil hsr bielefeld ring udi mercedez hole,Spare Part Mobil
jual pin piston pen seher honda life kota bandung,Spare Part Mobil
jual paking silinder kop volvo gasket cylinder head kota,Spare Part Mobil
jual bahan kunci duplikat terbaik harga murah mei cicil,Spare Part Mobil
jual buffet meja rak tv serbaguna import kota medan,Lainnya
jual dinamo motor wiper suzuki,Spare Part Mobil
jual granit cream polos kilap nano baleno kab,Lainnya
jual velg rays ring pcd velg mobil ertiga,Spare Part Mobil
jual pintu mobil suzuki ertiga original jakarta utara,Spare Part Mobil
jual filter udara racing jimny katana set jakarta utara,Spare Part Mobil
jual pompa oli ertiga sgp original ori asli jakarta pusat,Spare Part Mobil
jual karpet mobil kabin pick up carry futura suzuki kab garut,Aksesoris Interior
jual karpet dasar mobil futura karpet lantai mobil,Aksesoris Interior
jual baut roda gila mitsubishi canter jakarta barat,Spare Part Mobil
jual plc mitsubishi kota bandung control,Lainnya
jual radiator mitsubishi ps jakarta barat sm sentral,Spare Part Mobil
jual pipa nozzle injector mitsubishi,Spare Part Mobil
jual sayap spoiler bibir bagasi mobil hitam mitsubishi,Spare Part Mobil
jual mitsubishi outlander gfggzjzk penutup kap,Spare Part Mobil
jual bearing beiring nap roda lahar laher roda mazda,Spare Part Mobil
jual luna dress gamis modern terbaru kombinasi brukat maxmara,Lainnya
jual kampas rem swiftsplash bendix jakarta pusat best,Spare Part Mobil
jual headlamp lampu sebelah kiri hyundai avega kota,Spare Part Mobil
jual karpet mobil honda jazz premium hitam kuning,Aksesoris Interior
jual live klip kertas klip pengikat logam pembatas,Lainnya
campaign tokopedia promosi menarik promo tokopedia,Lainnya
jual gigi toyota kijang super terbaru harga termurah,Spare Part Mobil
jual toyota yaris trd terbaru harga termurah,Kendaraan
jual katalis avanza terbaru harga termurah blibli,Spare Part Mobil
jual aki mobil suzuki carry futura gs premium astra aki,Spare Part Mobil
jual dudukan spion retract terbaru harga termurah,Spare Part Mobil
promo tutup minyak rem tabung minyak rem motor model,Spare Part Mobil
jual map sensor daihatsu terbaru harga termurah,Spare Part Mobil
promo lampu sen reting sen bumper lampu samping daihatsu,Spare Part Mobil
jual map sensor daihatsu terbaru harga termurah,Spare Part Mobil
jual gril mobil sigra terbaru harga termurah,Spare Part Mobil
jual aki mobil suzuki carry futura gs premium astra aki,Spare Part Mobil
jual transmisi manual mobilio terbaru harga termurah,Spare Part Mobil
jual aki mobil suzuki carry futura gs premium astra aki,Spare Part Mobil
jual aki mobil vitra terbaru harga termurah blibli,Spare Part Mobil
jual spring kampas rem honda terbaru harga termurah,Spare Part Mobil
jual toyota yaris trd terbaru harga termurah,Kendaraan
jual aki mobil hyundai getz gs premium astra,Spare Part Mobil
jual selang udara kia visto terbaru harga termurah,Spare Part Mobil
jual radiator avega manual terbaru harga termurah,Spare Part Mobil
promo tutup minyak rem tabung minyak rem motor model,Lainnya
jual map sensor daihatsu terbaru harga termurah,Spare Part Mobil
jual tanduk nissan terra terbaru harga termurah,Aksesoris Eksterior
jual evc throttle controller terbaru harga termurah,Aksesoris Eksterior
jual karet penutup shockbreaker avanza terbaru,Spare Part Mobil
jual pupuk daun sawah original murah harga diskon april,Lainnya
jual motor etv terbaru harga termurah blibli,Kendaraan
jual cover spion truck terbaru harga termurah,Spare Part Mobil
jual aki mobil ford focus gs premium astra aki,Spare Part Mobil
jual aki mobil hyundai getz gs premium astra,Spare Part Mobil
jual aki mobil suzuki carry futura gs premium astra aki,Spare Part Mobil
jual karet roof grand vitara terbaru harga termurah,Spare Part Mobil
jual tutup pelek roda ban suzuki terbaru harga,Spare Part Mobil
jual cdi denso kijang terbaru harga termurah,Spare Part Mobil
jual map sensor daihatsu terbaru harga termurah,Spare Part Mobil
promo tutup minyak rem tabung minyak rem motor model,Spare Part Mobil
promo aki mobil elgrand silver battery ah,Spare Part Mobil
jual filter bensin mitsubishi terbaru harga termurah,Spare Part Mobil
jual dinamo amper ss terbaru harga termurah,Spare Part Mobil
jual tongkat persneling kuda terbaru harga termurah,Spare Part Mobil
jual karet pedal terbaru harga termurah,Spare Part Mobil
promo tutup minyak rem tabung minyak rem motor model,Spare Part Mobil
jual cover spion xpander cross kanan original terbaru,Spare Part Mobil
jual kabel transmisi maju long canter mk,Spare Part Mobil
jual cover spion truck terbaru harga termurah,Spare Part Mobil
jual alternator terbaru harga termurah,Spare Part Mobil
jual aki mobil suzuki carry futura gs premium astra aki,Spare Part Mobil
jual toyota yaris trd terbaru harga termurah,Kendaraan
jual aki mobil vitra terbaru harga termurah blibli,Spare Part Mobil
jual aki mobil kia travelo diesel amaron go,Spare Part Mobil
jual carnival terbaru harga termurah blibli,Spare Part Mobil
jual aki mobil hyundai getz gs premium astra,Spare Part Mobil
jual aki mobil ford focus gs premium astra aki,Spare Part Mobil
jual dudukan spion retract terbaru harga termurah,Spare Part Mobil
jual tanduk nissan terra terbaru harga termurah,Aksesoris Eksterior
jual evc throttle controller terbaru harga termurah,Aksesoris Eksterior
jual set box sekring tancap mobil terbaru harga,Spare Part Mobil
jual karet penutup shockbreaker avanza terbaru,Spare Part Mobil
jual crankcase beat kzl terbaru harga termurah,Lainnya
jual cutting stiker logo vespa terbaru harga termurah,Lainnya
jual carnival terbaru harga termurah blibli,Spare Part Mobil
jual brekel terbaru harga termurah blibli,Lainnya
jual pinion kick starter mio smile terbaru harga termurah,Lainnya
jual tabung cadangan radiator yaris terbaru harga,Spare Part Mobil
jual blok mesin suprafit terbaru harga termurah,Spare Part Mobil
jual selang udara kia visto terbaru harga termurah,Spare Part Mobil
jual karet pedal terbaru harga termurah,Spare Part Mobil
jual dinamo amper ss terbaru harga termurah,Spare Part Mobil
jual seal transmisi opel blazer terbaru harga termurah,Spare Part Mobil
jual aki mobil vitra terbaru harga termurah blibli,Spare Part Mobil
jual original plastik konektor cover tutup master,Spare Part Mobil
jual noken as camkshaft kia picanto ex original lapak,Spare Part Mobil
jual support shock hiace premio kiri orisinil lapak,Spare Part Mobil
jual shockbreaker shock absorber shock breaker agya ayla,Spare Part Mobil
jual produk bequ pomegranate termurah terlengkap april,Lainnya
jual foglamp lampu kabut mobil honda jazz rs,Aksesoris Eksterior
jual produk aki kering mobil termurah terlengkap mei,Spare Part Mobil
jual produk aki mobil daihatsu zebra termurah terlengkap,Spare Part Mobil
jual peredam panas suara kap mesin mobil honda hrv,Aksesoris Eksterior
jual produk bahan oscar cci termurah terlengkap mei,Lainnya
harga mesin jahit murah terlengkap mei halaman,Lainnya
jual produk aki mobil daihatsu zebra termurah terlengkap,Spare Part Mobil
jual thermostat termostat mesin daihatsu espass,Spare Part Mobil
jual daihatsu luxio peredam anti panas suara karpet,Aksesoris Eksterior
jual produk charade termurah terlengkap mei,Spare Part Mobil
jual foglamp lampu kabut mobil honda jazz rs,Aksesoris Eksterior
jual produk aki kering mobil termurah terlengkap mei,Spare Part Mobil
jual produk charade termurah terlengkap april,Spare Part Mobil
jual produk termurah terlengkap april,Lainnya
jual noken as camkshaft kia picanto ex original lapak,Spare Part Mobil
jual tutup cover karet cowl panggangan sate engsel kap mesin,Spare Part Mobil
jual peredam panas suara kap mesin mobil honda hrv,Aksesoris Eksterior
jual peredam panas suara kap mesin mobil honda hrv,Aksesoris Eksterior
jual produk honda civic ef nova rear termurah terlengkap,Kendaraan
jual foglamp lampu kabut mobil honda jazz rs,Aksesoris Eksterior
jual spark plug cable kabel busi honda accord maestro seiwa,Spare Part Mobil
jual tutup cover karet cowl panggangan sate engsel kap mesin,Spare Part Mobil
jual noken as camkshaft kia picanto ex original lapak,Spare Part Mobil
jual shockbreaker shock absorber shock breaker agya ayla,Spare Part Mobil
jual produk aki kering mobil termurah terlengkap mei,Spare Part Mobil
jual cover pengaman pelindung leher perut knalpot pnp ninja,Lainnya
jual produk bahan oscar cci termurah terlengkap mei,Spare Part Mobil
jual noken as camkshaft kia picanto ex original lapak,Spare Part Mobil
jual shockbreaker shock absorber shock breaker agya ayla,Spare Part Mobil
jual produk aki kering mobil termurah terlengkap mei,Spare Part Mobil
jual rumah dudukan plendes spul spull spol sepul suzuki,Spare Part Mobil
jual produk aki kering mobil termurah terlengkap mei,Spare Part Mobil
jual camera kamera coca cola rare item lapak maji sumaji,Lainnya
jual cover batok kepala pala lampu original ori suzuki satria,Lainnya
jual stiker keren cutting sticker kaca body mobil jip logo jeep,Aksesoris Eksterior
jual mika kaca lampu rating reting sen sein kota st,Spare Part Mobil
jual thermostat termostat mesin daihatsu espass,Spare Part Mobil
jual produk aki kering mobil termurah terlengkap mei,Spare Part Mobil
jual cover pengaman pelindung leher perut knalpot pnp ninja,Lainnya
jual foglamp lampu kabut mobil honda jazz rs,Aksesoris Eksterior
jual bearing roda blk kanan arm nmax,Lainnya
jual shockbreaker shock absorber shock breaker agya ayla,Spare Part Mobil
jual stiker keren cutting sticker kaca body mobil jip logo jeep,Aksesoris Eksterior
jual brake master kit isi karet master rem yaris vios th,Spare Part Mobil
jual upper tank radiator suzuki splash,Spare Part Mobil
jual produk termurah terlengkap april,Lainnya
jual spark plug cable kabel busi honda accord maestro seiwa,Spare Part Mobil
jual suling shock as pipe seat beat sporty esp scoopy,Lainnya
jual master kopling strada lapak,Spare Part Mobil
jual produk honda civic ef nova rear termurah terlengkap,Kendaraan
jual stiker keren cutting sticker kaca body mobil jip logo jeep,Aksesoris Eksterior
jual shockbreaker shock absorber shock breaker agya ayla,Spare Part Mobil
jual cover pengaman pelindung leher perut knalpot pnp ninja,Lainnya
jual bearing roda blk kanan arm nmax,Lainnya
jual produk aki kering mobil termurah terlengkap mei,Spare Part Mobil
jual cover pengaman pelindung leher perut knalpot pnp ninja,Lainnya
jual peredam panas suara kap mesin mobil honda hrv,Aksesoris Eksterior
jual karet stabilizer toyota etios valco jakarta pusat,Spare Part Mobil
jual wiper mobil toyota innova sepasang softblade kota,Spare Part Mobil
jual kabel kunci kontak toyota kijang super,Spare Part Mobil
jual piston seher piston assy toyota kijang diesel art japan,Spare Part Mobil
jual velg ban mobil original toyota innova cocok ertiga,Spare Part Mobil
jual tromol roda brake drum toyota rino,Spare Part Mobil
jual as roda stik as rear axle kanan,Spare Part Mobil
jual piston toyota hilux revo diesel seher+ring,Spare Part Mobil
jual modulator modul abs toyota fortuner original japan kota,Spare Part Mobil
jual headlamp lampu toyota sienta tipe sepasang,Spare Part Mobil
jual paket velg mobil toyota voxy plus ban accelera,Spare Part Mobil
jual radiator daihatsu feroza jakarta barat atp motor tokopedia,Spare Part Mobil
jual kisi kisi ac original daihatsu taruna zebra espass kota,Spare Part Mobil
jual trad kjlex kabel kopling daihatsu zebra,Spare Part Mobil
jual filter udara xenia original daihatsu kota bandung,Spare Part Mobil
jual soket audio pnp pasang head unit daihatsu,Aksesoris Interior
jual karet selumbung boot shock breaker avanza xenia,Spare Part Mobil
jual stoper penahan pintu sliding zebra espass granmax ori kota,Spare Part Mobil
jual water pump pompa air radiator feroza taruna efi taruna ori,Spare Part Mobil
jual karet kap mesin taft,Spare Part Mobil
promo tein s-tech stech honda brio resmi original japan,Spare Part Mobil
jual bm brake master assy master rem brio asli jakarta,Spare Part Mobil
jual bearing roda honda hrv ntn jakarta utara,Spare Part Mobil
jual soket fiting lampu sein senja honda brio crv accord soket,Spare Part Mobil
jual bohlam lampu mundur civic dante ori,Spare Part Mobil
jual mobil ceper mobil honda brio lowering kit spring,Spare Part Mobil
jual shroud fan rumah baling fan ac honda civic ferio civic,Spare Part Mobil
jual velg racing enkei velg ring city jazz yaris vios,Spare Part Mobil
jual dinamo starter hyundai accent cakra getz body,Spare Part Mobil
jual buah sensor pemantau tekanan ban tpms,Aksesoris Eksterior
jual karet pintu kanan nempel pintu hyundai trajet asli,Spare Part Mobil
jual box filter udara xenia original kota surabaya,Spare Part Mobil
mesin ex singapore terbaik terbaru mei harga murah,Spare Part Mobil
jual bmw kitchenware sendok makan sendok teh stainless,Lainnya
jual garnish bagasi bmw jakarta selatan,Aksesoris Eksterior
jual stir oem bmw jakarta selatan tokopedia,Spare Part Mobil
jual spion kanan bmw masin elektrik jakarta selatan,Spare Part Mobil
jual shockbreaker shock breker mini,Spare Part Mobil
jual tabung air radiator audi jakarta selatan,Spare Part Mobil
jual iklan mobil peugeot kota malang kertas abc,Lainnya
jual kaca pintu kiri truk mercy axor kota tangerang,Spare Part Mobil
jual kunci set mercedes benz kota bekasi rize benz,Spare Part Mobil
jual kaca pintu kiri truk mercy axor kota tangerang,Spare Part Mobil
jual dop carlsson terbaik harga murah mei cicil,Spare Part Mobil
jual side skirt mobil mercedes bekas jakarta barat mm,Spare Part Mobil
jual sayap spoiler mobil mercedes pintu,Spare Part Mobil
jual paket gearset gear set komplit klx bf orisinil kawasaki,Lainnya
jual iklan mobil peugeot kota malang kertas abc,Lainnya
jual oli rem ate dot kab banyumas aitoku motor,Oli dan Penghemat BBM
jual tombol switch tangki bensin bagasi mobil,Spare Part Mobil
jual velg ban mobil original toyota innova cocok ertiga,Spare Part Mobil
jual kunci busi kunci busi rx king kijang carry,Lainnya
jual sarung mobil suzuki scross silver hitam body,Aksesoris Interior
jual kisi kisi ac plafon mitsubishi pajero sport,Spare Part Mobil
jual kabel kopling mitsubishi genuine,Spare Part Mobil
jual kampas rem forklift mitsubishi jakarta barat jayatek,Spare Part Mobil
jual set kampas rem sepatu tromol,Spare Part Mobil
jual ring piston ring seher mitsubishi tipis rik,Spare Part Mobil
jual gigi bolu mitsubishi fuso,Spare Part Mobil
jual cover spion asli mitsubishi lancer ex evo kiri jakarta,Spare Part Mobil
jual tutup radiator cap radiator mitsubishi,Spare Part Mobil
jual liner fender pajero sport plastic sparkboard pajero sport,Aksesoris Eksterior
jual inch mobil fasia kabel papan kontrol canbus,Spare Part Mobil
jual sil master rem mazda kab sidoarjo muzha,Spare Part Mobil
jual bearing roda honda hrv ntn jakarta utara,Spare Part Mobil
jual velg ban mobil original toyota innova cocok ertiga,Spare Part Mobil
jual karet pintu kanan nempel pintu hyundai trajet asli,Spare Part Mobil
jual buah sensor pemantau tekanan ban tpms,Aksesoris Eksterior
jual set kampas rem sepatu tromol,Spare Part Mobil
jual tutup box sekring turbo fusebox kabin,Spare Part Mobil
jual oil seal sil as roda pinion gardan honda jazz,Spare Part Mobil
jual as roda ps hdx okayama heavy,Spare Part Mobil
jual sarung jok paten wuling air ev plus armrest bahan mbtech,Aksesoris Interior
jual paket velg lenso venom plus ban,Spare Part Mobil
jual filter udara xenia original daihatsu kota bandung,Spare Part Mobil
jual wheel cylinder master rem roda kanan,Spare Part Mobil
promo tein s-tech stech honda brio resmi original japan,Spare Part Mobil
jual tabung air radiator audi jakarta selatan,Spare Part Mobil
jual toyota agya gr sport terbaru harga termurah,Spare Part Mobil
jual sensor knock camry terbaru harga termurah,Spare Part Mobil
jual shockbreaker innova terbaru harga,Spare Part Mobil
jual oli kopling nissan terbaru harga termurah,Spare Part Mobil
jual klep terbaru harga termurah blibli,Spare Part Mobil
promo colector alternator slipring panther diskon,Spare Part Mobil
jual oli mobil taruna terbaru harga termurah,Oli dan Penghemat BBM
jual ban cadangan suzuki katana terbaru harga,Aksesoris Eksterior
jual oli kopling nissan terbaru harga termurah,Spare Part Mobil
jual power steering honda civic terbaru harga termurah,Spare Part Mobil
jual waterpump honda city terbaru harga termurah,Spare Part Mobil
jual money honda harga termurah terbaru blibli,Lainnya
promo laufenn fit eq ban mobil fiesta brio rs vios,Spare Part Mobil
promo colector alternator slipring panther diskon,Spare Part Mobil
promo terlaris speaker kenwood inci original diskon,Spare Part Mobil
promo rambu papan nama toiletwc bahan sticker cutting,Lainnya
jual velg wheel rim vibrating roller vibro sakai seller,Spare Part Mobil
jual oli kopling nissan terbaru harga termurah,Spare Part Mobil
jual pelampung bensin hyundai atoz terbaru harga,Spare Part Mobil
promo lampu led hyundai stargazer plafon kabin sein rem,Spare Part Mobil
jual dinamo starter mobil hyundai terbaru harga,Spare Part Mobil
jual pelampung bensin hyundai atoz terbaru harga,Spare Part Mobil
jual radiator avega manual terbaru harga,Spare Part Mobil
jual relay lampu kaki kijang terbaru harga termurah,Spare Part Mobil
jual jok honda modif terbaru harga termurah,Lainnya
jual kaca film mobil coklat terbaru harga termurah,Aksesoris Eksterior
promo terlaris headrest jok hiace commuter sandaran kepala,Spare Part Mobil
jual mercedes original harga termurah mei blibli,Kendaraan
jual yuzaka yamaha rxking battery aki kering,Lainnya
jual mobil truk aki anak remote original harga termurah mei,Lainnya
promo terlaris headrest jok hiace commuter sandaran kepala,Spare Part Mobil
jual velg wheel rim vibrating roller vibro sakai seller,Spare Part Mobil
jual shockbreaker sgp ori ertiga terbaru harga,Spare Part Mobil
jual ban cadangan suzuki katana terbaru harga,Aksesoris Eksterior
jual kampaskopling suzuki futura terbaru harga,Spare Part Mobil
jual sensor oxygen suzuki swift terbaru harga termurah,Spare Part Mobil
jual oli mobil taruna terbaru harga termurah,Oli dan Penghemat BBM
promo terlaris headrest jok hiace commuter sandaran kepala,Spare Part Mobil
jual map dokumen original harga termurah mei,Lainnya
jual aki mobil mitsubishi pajero sport faster aki kering,Spare Part Mobil
jual spoiler topi mitsubishi xpander up,Aksesoris Eksterior
jual kruk as mitsubishi termurah harga grosir terupdate,Spare Part Mobil
jual piston rem cakram terbaru harga termurah,Spare Part Mobil
jual kaca film mobil coklat terbaru harga termurah,Aksesoris Eksterior
promo terlaris speaker kenwood inci original diskon,Spare Part Mobil
jual oli kopling nissan terbaru harga termurah,Spare Part Mobil
jual spoiler mazda terbaru harga termurah blibli,Aksesoris Eksterior
jual jok mobil ford ranger terbaru harga termurah,Spare Part Mobil
jual kia carnival cylinder head terbaru harga termurah,Spare Part Mobil
jual pelampung bensin hyundai atoz terbaru harga,Spare Part Mobil
jual oli transmisi mobil matic chevrolet spin terbaru,Spare Part Mobil
jual bearing ori terbaru harga termurah,Spare Part Mobil
jual sokbeker rideit gp terbaru harga termurah,Spare Part Mobil
jual relay lampu kaki kijang terbaru harga termurah,Spare Part Mobil
jual gear set honda blade repsol terbaru harga,Spare Part Mobil
jual engine mounting sigra terbaru harga termurah,Spare Part Mobil
jual radiator avega manual terbaru harga,Spare Part Mobil
jual terbaru harga termurah blibli,Spare Part Mobil
jual decal full body terbaru harga termurah,Lainnya
jual shock nmax mm terbaru harga,Lainnya
jual fan radiator panther terbaru harga termurah,Spare Part Mobil
jual tuas transmisi matic chevrolet spin terbaru harga,Spare Part Mobil
jual jok honda modif terbaru harga termurah,Lainnya
jual shockbreaker kawasaki zx terbaru harga,Spare Part Mobil
jual suzuki crystal blok terbaru harga termurah,Spare Part Mobil
jual kaca film mobil coklat terbaru harga termurah,Aksesoris Eksterior
jual rumah kopling supra double terbaru harga,Spare Part Mobil
jual original plastik konektor cover tutup master,Spare Part Mobil
jual bearing bering roda hilux revo,Spare Part Mobil
jual produk bemper kijang termurah terlengkap,Spare Part Mobil
jual cod gamis tile dot terlaris gamis pesta tulle,Lainnya
jual produk mobil mobilan diecast miniatur sedan termurah,Lainnya
jual produk skala mini termurah terlengkap april,Lainnya
jual brake master rem isuzu panther sanyco lapak atlas,Spare Part Mobil
jual cod gamis tile dot terlaris gamis pesta tulle,Lainnya
jual tutup cover karet cowl panggangan sate engsel kap mesin,Spare Part Mobil
jual tutup cover karet cowl panggangan sate engsel kap mesin,Spare Part Mobil
jual produk soket stepdown kamera termurah terlengkap,Spare Part Mobil
jual produk mesin win termurah terlengkap mei,Spare Part Mobil
jual produk doortrim pintu termurah terlengkap mei,Spare Part Mobil
jual produk unik erin dress party tile termurah terlengkap,Lainnya
jual produk miniatur mobil mobilan termurah terlengkap mei,Lainnya
jual cod gamis tile dot terlaris gamis pesta tulle,Lainnya
jual waterpump water pump kubota,Spare Part Mobil
jual produk doortrim pintu termurah terlengkap mei,Spare Part Mobil
jual produk miniatur mobil mobilan termurah terlengkap mei,Lainnya
jual produk anak pelampung renang mobil termurah,Lainnya
jual stiker keren cutting sticker kaca body mobil jip logo jeep,Aksesoris Eksterior
jual produk pajero sport sport damper termurah terlengkap,Lainnya
jual stiker keren cutting sticker kaca body mobil jip logo jeep,Aksesoris Eksterior
jual bolt scrw baut skrup baut baut,Spare Part Mobil
jual lena kuningan pcs lapak toko intan gading bukalapak,Lainnya
jual produk minuman serbuk jasjus termurah terlengkap,Lainnya
jual bearing bering roda hilux revo,Spare Part Mobil
jual produk mesin win termurah terlengkap mei,Spare Part Mobil
jual cover tutup tabung air radiator pajero sport,Spare Part Mobil
jual produk pajero sport sport damper termurah terlengkap,Spare Part Mobil
harga kulkas murah terlengkap mei halaman,Lainnya
jual bearing bering roda hilux revo,Spare Part Mobil
jual piston strada double cabin lapak mk motor,Spare Part Mobil
jual stiker keren cutting sticker kaca body mobil jip logo jeep,Aksesoris Eksterior
jual piston seher set std kijang kapsul lgx efi,Spare Part Mobil
jual produk mesin win termurah terlengkap mei,Spare Part Mobil
jual proyektor harga rb gratis ongkir mei halaman,Lainnya
jual piston strada double cabin lapak mk motor,Spare Part Mobil
jual beli pulpen ballpoint online murah mei halaman,Lainnya
jual produk doortrim pintu termurah terlengkap mei,Spare Part Mobil
jual sensor mundur sensor parkir mobil toyota,Spare Part Mobil
jual door lockkunci pintu toyota kiri kota,Spare Part Mobil
jual oli tmo toyota motor oil diesel galon liter,Oli dan Penghemat BBM
jual karpet zenix terbaik harga murah mei cicil,Aksesoris Interior
jual metal jalan toyota rino rino japan,Spare Part Mobil
jual stopper samping kanan pintu bagasi hiace,Spare Part Mobil
jual android toyota terlengkap harga murah mei cicil,Aksesoris Interior
jual paking tutup klep toyota camri harier,Spare Part Mobil
jual lego supra murah terbaik harga terbaru mei,Lainnya
jual repair kit setelan rem daihatsu taft,Spare Part Mobil
jual soket audio pnp pasang head unit aftermarket,Aksesoris Interior
jual sarung mobil xenia cover mobil daihatsu xenia termurah,Aksesoris Eksterior
jual speedometer spidometer kilometer daihatsu grandmax,Spare Part Mobil
jual soket audio pnp pasang head unit daihatsu rocky,Aksesoris Interior
jual soket audio pnp pasang head unit daihatsu sigra,Aksesoris Interior
jual sarung mobil daihatsu luxio body cover penutup,Aksesoris Eksterior
jual selang oil oli cooler taft gt rocky,Spare Part Mobil
jual soket audio pnp pasang head unit daihatsu,Aksesoris Interior
jual klep api minyak valve in ex daihatsu zebra espass,Spare Part Mobil
jual karpet alas bak mobil pickup blind,Aksesoris Eksterior
jual android toyota terlengkap harga murah mei cicil,Aksesoris Interior
jual emblem logo avanza logo merah kota surabaya,Aksesoris Eksterior
jual laufenn murah harga terbaru mei tokopedia,Spare Part Mobil
jual fan belt belt tali kipas mesin honda civic vti vtis es century,Spare Part Mobil
jual aneka hot wheels civic treasure terlengkap harga murah,Lainnya
jual modul abs honda city original copotan bergaransi jakarta,Spare Part Mobil
jual lis list pelipit kaca water strip waterstrip civic genio kota,Spare Part Mobil
jual return hose selang oli power steering stering honda,Spare Part Mobil
jual dop tutup velg roda model flat datar hyundai accent,Spare Part Mobil
jual master rem pusat accent bimantara cakra master rem,Spare Part Mobil
jual karpet alas bak mobil pickup blind,Aksesoris Eksterior
jual cat mobil chevrolet trax kota lubuk linggau nippon,Aksesoris Eksterior
jual klakson keong koblanz anti air suara keras bmw awet,Spare Part Mobil
jual lis talang air kanan bmw thn,Spare Part Mobil
jual filter oli bmw jakarta,Spare Part Mobil
jual spion motor kaca putih model bmw universal honda yamaha,Spare Part Mobil
jual cs lampu interior kabin plafon bmw,Spare Part Mobil
jual dme bmw mini seri jakarta timur bmw auto,Spare Part Mobil
jual rem tangan bmw original kota bandung,Spare Part Mobil
jual velg bmw ring taiwan kota,Spare Part Mobil
jual kopling set bmw original,Spare Part Mobil
promo aki mobil bmw din amaron hi-life,Spare Part Mobil
jual mangkok saji wadah makanan bentuk bunga rose ukuran,Lainnya
toko amescale online produk lengkap harga terbaik,Lainnya
jual obat ayam tetelo lumpuh mercy fowl mercy mercy kab,Lainnya
jual jok lexus terlengkap harga murah mei cicil,Spare Part Mobil
promo parfum original mercedes benz sign edp for man,Lainnya
jual osram bohlam lampu hid xenon,Spare Part Mobil
jual ic regulator alternator mercy jakarta barat ruang,Spare Part Mobil
jual sun visor tahanan sinar matahari mercy,Spare Part Mobil
jual obat ayam tetelo lumpuh mercy fowl mercy mercy kab,Lainnya
jual alat merubah suara alarm remot suara klakson mobil,Lainnya
jual hotwheels porsche carrera kota tangerang selatan,Lainnya
jual aneka hotwheels slide street set terlengkap harga murah,Lainnya
jual velg campagnolo terlengkap harga murah mei cicil,Spare Part Mobil
jual lamley murah harga terbaru mei tokopedia,Lainnya
jual talang air baleno terlengkap harga murah mei,Spare Part Mobil
jual talang air baleno terlengkap harga murah mei,Spare Part Mobil
jual talang air grand vitara terlengkap harga murah mei,Spare Part Mobil
jual bushing bosh tongkat transmisi persneling suzuki baleno,Spare Part Mobil
jual carry handle terbaik harga murah cicil,Spare Part Mobil
jual tutup kran pembuangan air radiator suzuki carry,Spare Part Mobil
jual brake master assy master rem carry extra kab,Spare Part Mobil
jual lock set kunci pintu kunci kontak set suzuki carry,Spare Part Mobil
jual velg mobil ring kccx hsr velg racing ertiga,Spare Part Mobil
jual coil spring keong carry original kota,Spare Part Mobil
jual tongkol gardan carry cc original bergaransi kota,Spare Part Mobil
jual talang air jimny terlengkap harga murah mei cicil,Spare Part Mobil
jual erpopule set mika kaca lampu carry,Spare Part Mobil
jual iklan mobil suzuki grand vitara kota malang kertas abc,Lainnya
jual talang air wagon terlengkap harga murah mei,Spare Part Mobil
jual laufenn murah harga terbaru mei tokopedia,Spare Part Mobil
jual dinamo ampere mitsubishi injection original bergaransi,Spare Part Mobil
jual as roda ktb mitsubishi fuso fighter,Spare Part Mobil
jual pompa oli oil pump mitsubishi canter jakarta,Spare Part Mobil
jual forklift mitsubishi grendia bekas ton promo wijaya,Spare Part Mobil
jual saringan oli oil filter mitsubishi canter ps ps denso,Spare Part Mobil
jual hot wheels mazda kota tangerang selatan kedai,Lainnya
jual velg murah oem mobil mazda ring ori plus ban kota,Spare Part Mobil
jual kabel rem tangan hand brake mazda vantrend,Spare Part Mobil
jual cat mobil chevrolet trax kota lubuk linggau nippon,Aksesoris Eksterior
jual velg mobil ring kccx hsr velg racing ertiga,Spare Part Mobil
jual laufenn murah harga terbaru mei tokopedia,Spare Part Mobil
jual sensor mundur sensor parkir mobil toyota,Spare Part Mobil
jual sarung mobil daihatsu luxio body cover penutup,Aksesoris Eksterior
jual talang air confero terlengkap harga murah mei cicil,Spare Part Mobil
jual talang air cortez terlengkap harga murah mei cicil,Spare Part Mobil
jual repair kit setelan rem daihatsu taft,Spare Part Mobil
jual kopling set bmw original,Spare Part Mobil
jual laufenn murah harga terbaru mei tokopedia,Spare Part Mobil
promo aki mobil bmw din amaron hi-life,Spare Part Mobil
jual toyota innova zenix hybrid terbaru harga,Kendaraan
jual aki mobil toyota innova diesel incoe premium aki,Spare Part Mobil
promo packing paking membran ninja ninja rr original diskon,Lainnya
promo bagus alat pembersih kaca wiper diskon,Spare Part Mobil
jual karet karpet lumpur roda truk hati-hati uk,Aksesoris Eksterior
promo bohlam lampu sein mundur philips,Spare Part Mobil
jual double jazz terbaru harga termurah,Kendaraan
promo seal roda nissan terrano made in japan,Spare Part Mobil
promo bohlam lampu sein mundur philips,Spare Part Mobil
jual velg wheel rim vibrating roller vibro sakai seller,Spare Part Mobil
jual karet karpet lumpur roda truk hati-hati uk,Aksesoris Eksterior
promo premium koin coin throttle trotol body bodi ori keihin size,Spare Part Mobil
jual klep hyundai elantra terbaru harga termurah,Spare Part Mobil
promo lampu led hyundai stargazer plafon kabin sein rem,Spare Part Mobil
jual kabel rem tangan hyundai atoz kiri terbaru harga,Spare Part Mobil
promo lampu led hyundai stargazer plafon kabin sein rem,Spare Part Mobil
promo lampu led hyundai stargazer plafon kabin sein rem,Spare Part Mobil
promo packing paking membran ninja ninja rr original diskon,Lainnya
promo bagus alat pembersih kaca wiper diskon,Spare Part Mobil
jual costum headlamp yaris terbaru harga termurah,Spare Part Mobil
jual seal dinamo starter mio terbaru harga termurah,Lainnya
jual pulpen joyko big fill gel seller,Lainnya
jual bintang magnum termurah harga grosir terupdate,Lainnya
jual calcium lactate merci terbaik mei harga murah,Lainnya
promo modul delay dimer lampu kabin kabel with fungsi,Spare Part Mobil
jual jenis ketapel slingshot original terbaru harga,Lainnya
jual velg wheel rim vibrating roller vibro sakai seller,Spare Part Mobil
jual lampu ertiga terbaru harga termurah,Spare Part Mobil
jual jok mobil ss terbaru harga termurah,Spare Part Mobil
jual oli sgo galon terbaru harga termurah,Oli dan Penghemat BBM
jual karet karpet lumpur roda truk hati-hati uk,Aksesoris Eksterior
promo modul delay dimer lampu kabin kabel with fungsi,Spare Part Mobil
promo bagus alat pembersih kaca wiper diskon,Spare Part Mobil
jual double jazz terbaru harga termurah,Spare Part Mobil
jual filter terbaru harga termurah blibli,Spare Part Mobil
jual jok mobil ss terbaru harga termurah,Spare Part Mobil
promo packing paking membran ninja ninja rr original diskon,Lainnya
promo bagus alat pembersih kaca wiper diskon,Spare Part Mobil
jual karet karpet lumpur roda truk hati-hati uk,Aksesoris Eksterior
jual aki mobil toyota innova diesel incoe premium aki,Spare Part Mobil
jual aki mobil mazda gs astra premium aki basah,Spare Part Mobil
promo seal roda nissan terrano made in japan,Spare Part Mobil
jual aki mobil toyota innova diesel incoe premium aki,Spare Part Mobil
jual lampu ertiga terbaru harga termurah,Spare Part Mobil
jual spoiler sonet terbaru harga termurah blibli,Spare Part Mobil
jual nike cortez full white terbaik mei harga murah,Lainnya
promo packing paking membran ninja ninja rr original diskon,Lainnya
promo bagus alat pembersih kaca wiper diskon,Spare Part Mobil
jual costum headlamp yaris terbaru harga termurah,Spare Part Mobil
jual daytona taft terbaru harga termurah blibli,Spare Part Mobil
jual kabel rem tangan hyundai atoz kiri terbaru harga,Spare Part Mobil
jual bodi kasar poswan terbaru harga termurah,Spare Part Mobil
jual seal dinamo starter mio terbaru harga termurah,Lainnya
jual injektor beat fi scoopy keihin terbaru harga,Lainnya
jual lower tank grand livina terbaru harga termurah,Spare Part Mobil
jual muffler knalpot verza terbaru harga termurah,Lainnya
jual pring bambu original murah harga diskon mei blibli.com,Lainnya
jual kopling proton saga terbaru harga termurah,Spare Part Mobil
jual metal jalan duduk toyota prado set taiho japan,Spare Part Mobil
jual ball joint toyota avanza xenia old harga pc lapak hpr,Spare Part Mobil
jual relay skring sekering fan ac coklat kaki,Spare Part Mobil
jual speedometer spedometer kilometer toyota fortuner bensin,Spare Part Mobil
jual produk carter oli toyota rush termurah terlengkap mei,Spare Part Mobil
jual produk cdi toyota corolla termurah terlengkap,Spare Part Mobil
jual produk distributor delco toyota corolla termurah,Spare Part Mobil
jual produk delco cdi toyota corolla great termurah,Spare Part Mobil
jual produk saringan oli toyota rush termurah terlengkap,Spare Part Mobil
jual saklar lampu mobil universal tarik headlamp switch,Spare Part Mobil
jual striping stiker rxz rx catalyzer kuning hitam,Lainnya
jual sepatu big chunky heels pantofel wanita termurah lapak,Lainnya
jual ball joint toyota avanza xenia old harga pc lapak hpr,Spare Part Mobil
jual produk saringan oli toyota rush termurah terlengkap,Spare Part Mobil
jual striping stiker rxz rx catalyzer kuning hitam,Lainnya
jual relay skring sekering fan ac coklat kaki,Spare Part Mobil
jual baut baud kruk as crankshaft honda accord cielo maestro,Spare Part Mobil
jual produk lemari rahwana pintu termurah terlengkap mei,Lainnya
jual produk sarung mobil chevrolet spin termurah terlengkap,Aksesoris Interior
jual relay skring sekering fan ac coklat kaki,Spare Part Mobil
jual metal jalan duduk toyota prado set taiho japan,Spare Part Mobil
jual sepatu big chunky heels pantofel wanita termurah lapak,Lainnya
jual sepatu big chunky heels pantofel wanita termurah lapak,Lainnya
jual produk sarung mobil chevrolet spin termurah terlengkap,Aksesoris Interior
jual selang radiator mercy top hose,Spare Part Mobil
jual produk diecast unimog termurah terlengkap mei,Lainnya
jual produk sarung mobil chevrolet spin termurah terlengkap,Aksesoris Interior
jual produk kaca suzuki termurah terlengkap,Spare Part Mobil
jual striping stiker rxz rx catalyzer kuning hitam,Lainnya
jual relay skring sekering fan ac coklat kaki,Spare Part Mobil
jual produk kopi kopi laba laba termurah terlengkap mei,Lainnya
jual pipa rem nepel kunci lapak brother,Spare Part Mobil
jual ball joint toyota avanza xenia old harga pc lapak hpr,Spare Part Mobil
jual produk sarung mobil chevrolet spin termurah terlengkap,Aksesoris Interior
jual baut tutup cover side dop accu aki kempol tepong kanan suzuki,Spare Part Mobil
jual metal jalan duduk toyota prado set taiho japan,Spare Part Mobil
jual produk flex mitsubishi pajero termurah terlengkap mei,Spare Part Mobil
jual cover tutup tabung air radiator pajero sport,Spare Part Mobil
jual ball joint toyota avanza xenia old harga pc lapak hpr,Spare Part Mobil
jual piston strada double cabin lapak mk motor,Spare Part Mobil
jual piston seher set std kijang kapsul lgx efi,Spare Part Mobil
jual relay skring sekering fan ac coklat kaki,Spare Part Mobil
jual pipa rem nepel kunci lapak brother,Spare Part Mobil
jual proyektor harga rb gratis ongkir mei halaman,Lainnya
jual produk sarung mobil chevrolet spin termurah terlengkap,Spare Part Mobil
jual piston strada double cabin lapak mk motor,Spare Part Mobil
jual baut tutup cover side dop accu aki kempol tepong kanan suzuki,Spare Part Mobil
jual relay skring sekering fan ac coklat kaki,Spare Part Mobil
jual selang radiator toyota rino rino,Spare Part Mobil
jual busi toyota genuine kota,Spare Part Mobil
jual sensor kabel spiral steering toyota harriercrownestima,Spare Part Mobil
jual thermostat toyota innova diesel kota,Spare Part Mobil
jual tromol roda brake drum toyota dyna,Spare Part Mobil
jual saringan filter udara toyota soluna,Spare Part Mobil
jual metal set metal jalan duduk toyota rush,Spare Part Mobil
jual sale miniatur mobil innova diecast toyota kijang innova,Lainnya
jual pemanas toyota hardtop jakarta barat istana motor,Spare Part Mobil
jual cat oles mobil toyota super red calya agya,Aksesoris Eksterior
jual soket socket female pin petak mobil audio toyota daihatsu,Spare Part Mobil
jual sensor abs sensor rem kiri toyota,Spare Part Mobil
jual piston caliper rem cakram set seal caliper daihatsu,Spare Part Mobil
jual emblem logo mobil tulisan daihatsu xenia terios,Aksesoris Eksterior
jual kabel handbrake hanrem kiri daihatsu grandmax,Spare Part Mobil
jual soket socket female pin petak mobil audio toyota daihatsu,Spare Part Mobil
jual packing paking head deksel daihatsu taft badak delta,Spare Part Mobil
jual engsel pintu kiri daihatsu taruna original ori asli,Spare Part Mobil
jual piston ring xenia avanza dual,Spare Part Mobil
jual saringan filter udara toyota soluna,Spare Part Mobil
jual thermostat toyota innova diesel kota,Spare Part Mobil
jual karet pelipit list kaca wheater strip espass minibus station,Spare Part Mobil
jual knalpot mobil racing spoon sport mobil,Aksesoris Eksterior
jual cover shift knob shiftknob tuas transmisi honda crv freed,Aksesoris Interior
jual motor fan kipas radiator genio estilo wonder civic maestro,Spare Part Mobil
jual karpet lumpur karpet roda kanan civic fb original,Aksesoris Eksterior
jual karpet lumpur karpet roda kiri civic fb original asli,Aksesoris Eksterior
jual asbak civic wonder coklat nos kab,Aksesoris Interior
jual paket tanduk depan+towing arb mobil,Aksesoris Eksterior
jual sap regulator motor dinamo power window,Spare Part Mobil
jual head unit audio bluetooth usb mobil brio jakarta,Aksesoris Interior
jual emblem crv aksesoris mobil honda gen kab bogor,Aksesoris Eksterior
jual kabel busi kia rio sf jakarta utara sk-hyundai-kia,Spare Part Mobil
jual lampu sen set bimantara cakra karya jaya hyundai,Spare Part Mobil
jual packing paking manifol manipol exhaust api grand livina,Spare Part Mobil
jual osiris gunting rumput gunting pagar tanaman,Lainnya
jual kaos kerah jakarta selatan store_dw tokopedia,Lainnya
jual headlamp lampu kiri mobil bmw pre facelift,Spare Part Mobil
jual kacamata sunglasses pria import premium lens polarized,Lainnya
jual berlaku bmw seri casing kunci seri,Aksesoris Eksterior
jual kampas rem tromol terlengkap harga murah,Spare Part Mobil
toko amescale online produk lengkap harga terbaik,Lainnya
jual hotwheels lancia delta integrale kota depok gwinjo,Lainnya
jual airbellow bpw without piston trailer pertamina kota,Spare Part Mobil
jual mur roda racing mobil suzuki pcs bahan baja oem,Aksesoris Eksterior
jual karet cap tutup timing transmisi aerio baleno,Spare Part Mobil
jual stiker mobil avanza xenia ertiga stiker variasi body mobil,Aksesoris Eksterior
jual fuel pump pompa bensin suzuki carry injection jakarta,Spare Part Mobil
jual cv joint join as roda kopel kiri baleno manual,Spare Part Mobil
jual paket hidrolik kap mesin suzuki allnew ertiga pnp diy lengkap,Spare Part Mobil
jual knuckle steering as suzuki baleno esteem asli ori,Spare Part Mobil
jual tutup bensin pakai kunci model jimny jakarta pusat chandra,Spare Part Mobil
jual rantang small carry set random kota depok rumah,Spare Part Mobil
mekanik_putra talang kab tegal tokopedia,Lainnya
jual logo mitsubishi pajero black chrome kota,Aksesoris Eksterior
jual tutup oli oil cap original asli mitsubishi original asli,Spare Part Mobil
jual timing belt mitsubishi kuda diesel long original ori,Spare Part Mobil
jual bendix starter pinion starter mitsubishi fuso,Spare Part Mobil
jual kampas kopling set mitsubishi ps ps jungkit,Spare Part Mobil
jual as roda asroda cv joint kopel kokel mitsubishi xpander,Spare Part Mobil
jual pilar pajero sport ori asli original jakarta,Spare Part Mobil
jual mobil bibir bumper spoiler rok deflektor mazda,Aksesoris Eksterior
jual ori kabel gas cable accelerator mazda familia lantis,Spare Part Mobil
jual diy papercraft lembar kertas pola mazda rx kota,Lainnya
jual packing paking head deksel daihatsu taft badak delta,Spare Part Mobil
jual knalpot mobil racing spoon sport mobil,Aksesoris Eksterior
toko grande variasi online produk lengkap harga terbaik,Lainnya
jual aki mobil kering massiv thunder elf mu,Spare Part Mobil
jual kabel busi kia rio sf jakarta utara sk-hyundai-kia,Spare Part Mobil
jual lampu sen set bimantara cakra karya jaya hyundai,Spare Part Mobil
jual timing belt mitsubishi kuda diesel long original ori,Spare Part Mobil
jual mur roda racing mobil suzuki pcs bahan baja oem,Spare Part Mobil
jual anniversary side emblem sticker toyota land cruiser,Aksesoris Eksterior
jual emblem bulat ford mustang shelby gt,Aksesoris Eksterior
jual tanduk mobil toyota rush terbaru,Aksesoris Eksterior
promo gigi sinkromis gigi toyota avanza gran max,Spare Part Mobil
promo bearing roda toyota kijang kapsul roda,Spare Part Mobil
promo karet grommet stir toyota kijang kapsul original,Spare Part Mobil
jual wiper toyota kijang krista terbaru harga termurah,Spare Part Mobil
promo dijual deklahar lahar kopling clutch bearing toyota dyna,Spare Part Mobil
jual aki volvo faster battery aki kering,Spare Part Mobil
jual lampu sein kiri daihatsu sigra terbaru harga,Spare Part Mobil
jual aki mobil aspira astra aki basah ah cargo,Spare Part Mobil
jual jam kijang krista terbaru harga termurah,Spare Part Mobil
promo filter oli avanza granmax terios agya original daihatsu,Spare Part Mobil
promo klip clip ganjalan switch pedal kopling avanza xenia,Spare Part Mobil
jual spion innova cover sen kanan seller paris auto,Aksesoris Eksterior
promo karet ujung koil ring leher altis innova vios fortuner,Spare Part Mobil
jual master kopling ps canter ps canter ps,Spare Part Mobil
jual arm revo terbaru harga termurah,Lainnya
jual daihatsu sigra mt mc mobil paket dp dark,Kendaraan
promo filter oli avanza granmax terios agya original daihatsu,Spare Part Mobil
jual lampu sein kiri daihatsu sigra terbaru harga,Spare Part Mobil
jual tanduk mobil toyota rush terbaru,Aksesoris Eksterior
promo gigi sinkromis gigi toyota avanza gran max,Spare Part Mobil
promo bearing roda toyota kijang kapsul roda,Spare Part Mobil
jual master kopling ps canter ps canter ps,Spare Part Mobil
promo dijual deklahar lahar kopling clutch bearing toyota dyna,Spare Part Mobil
jual aki volvo faster battery aki kering,Spare Part Mobil
jual karpet karet mobil polos terbaru harga termurah,Aksesoris Interior
jual brio manual terbaru harga termurah,Kendaraan
jual aki mobil aspira astra aki basah ah cargo,Spare Part Mobil
jual spion xenia avanza manual harga satuan kanan seller,Spare Part Mobil
jual spion innova cover sen kanan seller paris auto,Spare Part Mobil
promo kabel transmisi persneling matic nissan serena hiqh,Spare Part Mobil
jual aki volvo faster battery aki kering,Spare Part Mobil
promo oli motul liter synthetic ester diskon,Oli dan Penghemat BBM
promo karet ujung koil ring leher altis innova vios fortuner,Spare Part Mobil
jual lem plastik tahan bensin terbaru harga termurah,Lainnya
jual arm revo terbaru harga termurah,Lainnya
jual ban mobil type forceum mt plus ukuran,Spare Part Mobil
jual filter solar bus hino terbaru harga termurah,Spare Part Mobil
promo oil filter transmisi mobil matic hyundai,Spare Part Mobil
promo gigi sinkromis gigi toyota avanza gran max,Spare Part Mobil
jual master kopling ps canter ps canter ps,Spare Part Mobil
promo dijual deklahar lahar kopling clutch bearing toyota dyna,Spare Part Mobil
promo filter oli avanza granmax terios agya original daihatsu,Spare Part Mobil
promo karet grommet stir toyota kijang kapsul original,Spare Part Mobil
jual spion innova cover sen kanan seller paris auto,Spare Part Mobil
jual spion xenia avanza manual harga satuan kanan seller,Spare Part Mobil
promo karet ujung koil ring leher altis innova vios fortuner,Spare Part Mobil
promo karet ujung koil ring leher altis innova vios fortuner,Spare Part Mobil
jual filter solar bus hino terbaru harga termurah,Spare Part Mobil
jual bmw sdrive terbaru harga termurah blibli,Spare Part Mobil
jual ban mobil type forceum mt plus ukuran,Spare Part Mobil
promo aki motor vixion jupiter diskon seller,Lainnya
jual aki mobil gs premium astra aki,Spare Part Mobil
jual aki volvo faster battery aki kering,Spare Part Mobil
jual aki mobil aspira astra aki basah ah cargo,Spare Part Mobil
promo gigi sinkromis gigi toyota avanza gran max,Spare Part Mobil
jual master kopling ps canter ps canter ps,Spare Part Mobil
promo dijual deklahar lahar kopling clutch bearing toyota dyna,Spare Part Mobil
jual grill terbaru harga termurah blibli,Aksesoris Eksterior
jual kipas terbaru harga termurah blibli,Spare Part Mobil
promo filter oli avanza granmax terios agya original daihatsu,Spare Part Mobil
promo karet grommet stir toyota kijang kapsul original,Spare Part Mobil
jual spion xenia avanza manual harga satuan kanan seller,Spare Part Mobil
promo bearing roda toyota kijang kapsul roda,Spare Part Mobil
promo gigi sinkromis gigi toyota avanza gran max,Spare Part Mobil
jual master kopling ps canter ps canter ps,Spare Part Mobil
promo klip clip ganjalan switch pedal kopling avanza xenia,Spare Part Mobil
jual aki mobil incoe mf astra aki kering,Spare Part Mobil
promo oli motul liter synthetic ester diskon,Lainnya
jual aki mobil aspira astra aki basah ah cargo,Spare Part Mobil
promo kabel transmisi persneling matic nissan serena hiqh,Spare Part Mobil
jual aki mobil incoe mf astra aki kering,Spare Part Mobil
promo gigi sinkromis gigi toyota avanza gran max,Spare Part Mobil
jual master kopling ps canter ps canter ps,Spare Part Mobil
promo dijual deklahar lahar kopling clutch bearing toyota dyna,Spare Part Mobil
jual aki mobil gs premium astra aki,Spare Part Mobil
jual spion xenia avanza manual harga satuan kanan seller,Spare Part Mobil
jual aki volvo faster battery aki kering,Spare Part Mobil
jual spion innova cover sen kanan seller paris auto,Spare Part Mobil
promo filter oli avanza granmax terios agya original daihatsu,Spare Part Mobil
promo karet grommet stir toyota kijang kapsul original,Spare Part Mobil
jual karpet karet mobil polos terbaru harga termurah,Aksesoris Interior
jual filter solar bus hino terbaru harga termurah,Spare Part Mobil
jual sikring motor beat street terbaru harga termurah,Lainnya
jual baju hem harley davidson terbaru harga termurah,Lainnya
jual tombol sein astrea grand terbaru harga termurah,Lainnya
jual trombol terbaru harga termurah,Lainnya
jual pelek harley terbaru harga termurah blibli,Lainnya
jual honda spacy kabel speedo terbaru harga termurah,Spare Part Mobil
jual brio manual terbaru harga termurah,Spare Part Mobil
jual wiper toyota kijang krista terbaru harga termurah,Spare Part Mobil
jual metal jalan duduk toyota prado set taiho japan,Spare Part Mobil
jual ball joint toyota avanza xenia old harga pc lapak hpr,Spare Part Mobil
jual relay skring sekering fan ac coklat kaki,Spare Part Mobil
jual speedometer spedometer kilometer toyota fortuner bensin,Spare Part Mobil
jual brake master rem toyota calya matic,Spare Part Mobil
jual produk innova zenix zenix hybrid termurah terlengkap,Spare Part Mobil
jual kabel kopling avanza xenia vvti lapak mk motor,Spare Part Mobil
jual baut set karburator baut stelan setelan angin beat vario,Lainnya
jual produk sandaran kepala jok mobil lembut termurah,Spare Part Mobil
jual striping stiker rxz rx catalyzer kuning hitam,Spare Part Mobil
jual sepatu big chunky heels pantofel wanita termurah lapak,Lainnya
jual produk bracket breket kompresor ac termurah,Spare Part Mobil
jual produk lower tank radiator termurah terlengkap,Spare Part Mobil
jual kaos polo navy kaos polos biru donker kaos,Lainnya
jual spion daihatsu rocky turbo original kiri lapak citra,Spare Part Mobil
jual kabel kopling avanza xenia vvti lapak mk motor,Spare Part Mobil
jual produk bracket breket kompresor ac termurah,Spare Part Mobil
jual brake master rem toyota calya matic,Spare Part Mobil
jual ball joint toyota avanza xenia old harga pc lapak hpr,Spare Part Mobil
jual produk bemper sigra termurah terlengkap mei,Aksesoris Eksterior
jual produk fan belt termurah terlengkap mei,Spare Part Mobil
jual produk lower tank radiator termurah terlengkap,Spare Part Mobil
jual striping stiker rxz rx catalyzer kuning hitam,Lainnya
jual relay skring sekering fan ac coklat kaki,Spare Part Mobil
jual produk sandaran kepala jok mobil lembut termurah,Spare Part Mobil
jual baut set karburator baut stelan setelan angin beat vario,Lainnya
jual keong spiral shockbreaker accord maestro,Spare Part Mobil
jual baut baud kruk as crankshaft honda accord cielo maestro,Spare Part Mobil
jual produk karet kap mesin termurah terlengkap mei,Spare Part Mobil
jual produk ban accelera termurah terlengkap mei,Spare Part Mobil
jual bumper bemper hyundai atoz original lapak,Aksesoris Eksterior
jual produk lower tank radiator termurah terlengkap,Spare Part Mobil
jual produk kursi makan kayu jati solid termurah terlengkap,Lainnya
jual relay skring sekering fan ac coklat kaki,Spare Part Mobil
jual produk bracket breket kompresor ac termurah,Spare Part Mobil
jual metal jalan duduk toyota prado set taiho japan,Spare Part Mobil
jual modul auto lock foot brake otomatis terkunci injak pedal,Spare Part Mobil
jual arang blower dinamo alternator colt diesel,Spare Part Mobil
jual baut set karburator baut stelan setelan angin beat vario,Lainnya
jual produk sandaran kepala jok mobil lembut termurah,Spare Part Mobil
jual produk sandaran kepala jok mobil lembut termurah,Spare Part Mobil
jual cover side body bodi samping tutup cover dop aki acu kiri revo,Lainnya
jual produk casing kunci ertiga termurah terlengkap mei,Aksesoris Eksterior
jual sepatu futsal ortuseight catalyst jogosala biru sepatu futsal,Lainnya
jual sepatu big chunky heels pantofel wanita termurah lapak,Lainnya
jual bumper bemper hyundai atoz original lapak,Spare Part Mobil
jual produk sandaran kepala jok mobil lembut termurah,Spare Part Mobil
jual sepatu big chunky heels pantofel wanita termurah lapak,Lainnya
jual sepatu futsal ortuseight catalyst jogosala biru sepatu futsal,Lainnya
jual produk matic bmw termurah terlengkap,Spare Part Mobil
jual produk bracket breket kompresor ac termurah,Spare Part Mobil
jual produk tepung cakra kg termurah terlengkap mei,Lainnya
jual beli kampas rem motor online lengkap murah halaman,Spare Part Mobil
jual bumper bemper hyundai atoz original lapak,Aksesoris Eksterior
jual produk mercedes benz unimog termurah,Spare Part Mobil
jual produk bracket breket kompresor ac termurah,Spare Part Mobil
jual produk casing kunci ertiga termurah terlengkap mei,Aksesoris Eksterior
jual produk casing kunci ertiga termurah terlengkap mei,Aksesoris Eksterior
jual arang blower dinamo alternator colt diesel,Spare Part Mobil
jual fuse sekring pusat kaki cabang,Spare Part Mobil
jual produk lower tank kuningan radiator suzuki termurah,Spare Part Mobil
jual striping stiker rxz rx catalyzer kuning hitam,Lainnya
jual relay skring sekering fan ac coklat kaki,Spare Part Mobil
jual tyre changer vastar pembuka ban otomatis lapak vastar,Aksesoris Eksterior
jual pipa rem nepel kunci lapak brother,Spare Part Mobil
jual ball joint toyota avanza xenia old harga pc lapak hpr,Spare Part Mobil
jual produk bracket breket kompresor ac termurah,Spare Part Mobil
jual kabel kopling avanza xenia vvti lapak mk motor,Spare Part Mobil
jual produk lower tank radiator termurah terlengkap,Spare Part Mobil
jual extra fan kipas karimun aluminium kaleng lapak lion acc,Aksesoris Eksterior
jual baut tutup cover side dop accu aki kempol tepong kanan suzuki,Spare Part Mobil
jual produk ban accelera termurah terlengkap mei,Spare Part Mobil
jual keong spiral shockbreaker accord maestro,Spare Part Mobil
jual baut set karburator baut stelan setelan angin beat vario,Lainnya
jual metal jalan duduk toyota prado set taiho japan,Spare Part Mobil
jual produk fan belt termurah terlengkap mei,Spare Part Mobil
jual modul auto lock foot brake otomatis terkunci injak pedal,Spare Part Mobil
jual bearing roda mitsubishi lancer coba lapak yanufa,Spare Part Mobil
jual produk kap mesin mitsubishi termurah terlengkap mei,Spare Part Mobil
jual produk sayap kuda upper arm termurah terlengkap,Spare Part Mobil
jual produk lower tank radiator termurah terlengkap,Spare Part Mobil
jual produk wiper mobil anti gores termurah terlengkap mei,Spare Part Mobil
jual ball joint toyota avanza xenia old harga pc lapak hpr,Spare Part Mobil
jual produk bracket breket kompresor ac termurah,Spare Part Mobil
jual extra fan kipas karimun aluminium kaleng lapak lion acc,Aksesoris Eksterior
jual kohel kokel as roda cv joint kanan pendek gallant,Spare Part Mobil
jual relay skring sekering fan ac coklat kaki,Spare Part Mobil
jual pipa rem nepel kunci lapak brother,Spare Part Mobil
jual bumper bemper hyundai atoz original lapak,Aksesoris Eksterior
jual produk sandaran kepala jok mobil lembut termurah,Spare Part Mobil
jual extra fan kipas karimun aluminium kaleng lapak lion acc,Aksesoris Eksterior
jual fuse sekring pusat kaki cabang,Spare Part Mobil
jual baut tutup cover side dop accu aki kempol tepong kanan suzuki,Spare Part Mobil
jual relay skring sekering fan ac coklat kaki,Spare Part Mobil
jual kabel kopling avanza xenia vvti lapak mk motor,Spare Part Mobil
jual produk bracket breket kompresor ac termurah,Spare Part Mobil
jual sepatu futsal ortuseight catalyst jogosala biru sepatu futsal,Lainnya
jual produk sandaran kepala jok mobil lembut termurah,Spare Part Mobil
promo tomtomo toyota alphard mobil mobilan mainan miniatur,Lainnya
promo tomtomo toyota alphard mobil mobilan mainan miniatur,Lainnya
promo karet bagasi karet peredam pintu bagasi toyota vios gen,Aksesoris Interior
jual handle handel putaran puteran kaca jendela mobil toyota,Aksesoris Interior
jual hot wheels toyota starlet merah kab bogor,Lainnya
jual kit master kopling cowok kit toyota dyna,Spare Part Mobil
jual bracket antena tiang bendera mobil toyota,Aksesoris Eksterior
jual handle handel putaran puteran kaca jendela mobil toyota,Spare Part Mobil
jual fuel filter filter bensin daihatsu espass injection injeksi,Spare Part Mobil
jual dop roda tutup velg daihatsu original satuan,Aksesoris Eksterior
jual rel pintu sliding daihatsu luxio grandmax,Spare Part Mobil
jual engsel pintu sliding bahan bawa daihatsu zebra,Spare Part Mobil
jual dekrup matahari clutch cover daihatsu hijet,Spare Part Mobil
jual fuel filter saringan pompa solar sendimeter daihatsu taft gt,Spare Part Mobil
jual sarung jok granmax minibuskulit jok mobil daihatsu,Aksesoris Interior
jual lampu sein spion daihatsu grand max sepasang jakarta,Spare Part Mobil
jual dekrup tutup kopling matahari cover clutch espass,Spare Part Mobil
jual pegangan tangan hand grip xenia avanza,Spare Part Mobil
jual nap roda zebra espass espas asli ori original,Spare Part Mobil
jual kabel transmisi kabel perseneling espass espass,Spare Part Mobil
jual dop roda tutup velg toyota kijang innova,Aksesoris Eksterior
jual kabel seling tarikan kap mesin taft gt feroza rocky,Spare Part Mobil
jual yoke as kopel xenia avanza ori original asli jakarta,Spare Part Mobil
jual karet stabil stabilizer gran max granmax luxio,Spare Part Mobil
jual lampu mundur atret original zebra espass espas asli ori,Aksesoris Eksterior
jual tape mobil xenia terlengkap harga murah mei cicil,Aksesoris Interior
jual radiator honda accord cielo at merk protect kota,Spare Part Mobil
jual karet list cowl panggangan sate original honda hrv kota,Spare Part Mobil
jual karet pelipit kaca pintu accord crome list door,Spare Part Mobil
jual stiker decal kap mesin mobil brio hanastriping,Aksesoris Eksterior
jual tutup tabung tangki cadangan air serep radiator honda hrv,Spare Part Mobil
jual relay ac sekring brio mobilio jazz rs city civic freed original,Spare Part Mobil
velg mobil te pcd velg racing ring tuk agya.yaris.brio,Spare Part Mobil
jual shock breaker absorber damper honda mobilio,Spare Part Mobil
jual timing belt hyundai verna terlengkap harga murah mei,Spare Part Mobil
jual tombol lift hyundai elevator push button lift angka kota,Spare Part Mobil
jual handle pintu hyundai accent bimantara cakra,Spare Part Mobil
jual fuel filter filter bensin daihatsu espass injection injeksi,Spare Part Mobil
jual emblem kisi baut logo kuda logam,Aksesoris Eksterior
jual radiator honda accord cielo at merk protect kota,Spare Part Mobil
jual talang air canter model giga sepasang ready jakarta,Spare Part Mobil
jual dop mobil peugeot kota depok buyung dop tokopedia,Spare Part Mobil
jual oz opera jakarta timur parts katalog tokopedia,Spare Part Mobil
jual door trim deck pintu mitsubishi diesel kiri,Spare Part Mobil
jual paking cylinder head gasket bmw,Spare Part Mobil
jual sun visor bmw jakarta timur parts katalog tokopedia,Spare Part Mobil
jual bmw hamman lip duraflex kab tangerang grt,Aksesoris Eksterior
jual karet stabil rear stabiliser stabilizer,Spare Part Mobil
jual panci presto merk supra ukuran liter tutup,Lainnya
jual tutup lubang deck dek bodi mercedes benz ori,Spare Part Mobil
promo aki mobil amaron pro din aki mobil kering,Spare Part Mobil
jual olioil seal as kopling elring bis,Spare Part Mobil
jual velg mobil original mercy ring pcd warna silver,Aksesoris Eksterior
jual head lamp set kanan kiri mercedes-benz jakarta,Spare Part Mobil
jual penutup stiker label lego pintu mobil label stiker,Aksesoris Eksterior
jual mobil aki mainan anak pmb moraine bubble,Lainnya
jual stiker sticker tekanan ban pintu sopir canter colt diesel original,Spare Part Mobil
jual gasket set packing paking set carry,Spare Part Mobil
jual spion kap mesin grand vitara original asli sgp,Spare Part Mobil
jual holder dudukan tiang kap mesin ignis ertiga asli sgp jakarta,Aksesoris Eksterior
jual stabil stabilizer suzuki mega carry apv apv arena,Spare Part Mobil
jual velg mobil carry pickup ring pcd ban,Spare Part Mobil
jual switch idle up ac suzuki baleno barang,Spare Part Mobil
jual bemper bumper suzuki ertiga dreza original jakarta,Spare Part Mobil
jual frame head unit escudo warna wood ori original,Aksesoris Interior
jual rotax rotak fuel pump pompa bensin carry injeksi ori,Spare Part Mobil
jual vakum delco delko carry cary jakarta pusat senen,Spare Part Mobil
jual stiker mobil suzuki apv cutting stiker body samping mobil apv,Aksesoris Eksterior
jual radiator apv mega carry manual,Spare Part Mobil
toko roda kencana ban bogor online produk lengkap harga,Lainnya
jual jok mobil innova mbtech terlengkap harga murah mei,Spare Part Mobil
jual selang filter saringan udara hawa hose lancer evo ori asli,Spare Part Mobil
jual garpu bendix starter mitsubishi kota,Spare Part Mobil
jual magnetic switch mitsubishi jakarta pusat elektrik,Spare Part Mobil
jual ring piston forklift mitsubishi model,Spare Part Mobil
jual joint sambungan sumbu baling stir mitsubishi colt diesel,Spare Part Mobil
jual paking tutup klep asli mitsubishi pajero sport bensin,Spare Part Mobil
jual door trim deck pintu mitsubishi diesel kiri,Spare Part Mobil
jual motor kabin truk mitsubishi fuso rebuild jakarta barat,Spare Part Mobil
jual cv joint kepala as roda kanan mitsubishi xpander,Spare Part Mobil
jual piston seher mitsubishi pajero sport triton,Spare Part Mobil
jual joint steer setir stering assy mitsubishi kuda original ori,Spare Part Mobil
jual selang alternator altenator pendek mitsubishi,Spare Part Mobil
jual paket oli shell rimula filter mitsubishi,Spare Part Mobil
jual gigi roda gila gigi gendeng fly wheel assy mitsubishi,Spare Part Mobil
jual knob tuas perseneling mobil otomatis mitsubishi pajero,Spare Part Mobil
jual timing chain set komplit rantai keteng set mazda cx,Spare Part Mobil
jual crankshaft kruk as mazda kota tangerang selatan bm,Spare Part Mobil
jual talang air mobil mazda familia model slim jakarta barat,Aksesoris Eksterior
jual ite gasket set packing paking set mazda titan ori,Spare Part Mobil
jual baut baud bolt torsi arm sayap set ford ranger,Spare Part Mobil
toko roda kencana ban bogor online produk lengkap harga,Lainnya
jual rotax rotak fuel pump pompa bensin carry injeksi ori,Spare Part Mobil
jual fuel filter saringan pompa solar sendimeter daihatsu taft gt,Spare Part Mobil
jual handle pintu kanan kiri kia carens original ori,Spare Part Mobil
toko grande variasi online produk lengkap harga terbaik,Lainnya
jual timing belt hyundai verna terlengkap harga murah mei,Spare Part Mobil
jual bosh bush bus klep kelep minyak in ps turbo,Spare Part Mobil
jual handle pintu hyundai accent bimantara cakra,Spare Part Mobil
jual bracket antena tiang bendera mobil toyota,Spare Part Mobil
jual timing chain set komplit rantai keteng set mazda cx,Spare Part Mobil
jual velg kaleng wuling ring pcd satuan jakarta utara,Spare Part Mobil
jual tanduk wuling confero jakarta utara berkat mandiri,Aksesoris Eksterior
jual kunci jok bangku avanza asli kota depok cahaya,Aksesoris Interior
jual lampu sein mobil sen variasi universal lampu sein,Spare Part Mobil
jual velg kaleng innova ring pcd jakarta utara,Spare Part Mobil
jual jok mobil innova mbtech terlengkap harga murah mei,Aksesoris Interior
jual stiker cuting mobil terlengkap harga murah november,Aksesoris Eksterior
jual kaca spion sepion karimun estilo original satuan asli ori,Spare Part Mobil
jual emblem innova hitam doff tulisan emblem innova hitam dopp,Spare Part Mobil
jual emblem dual vvti hitam doff tulisan emblem dual vvt-i hitam,Spare Part Mobil
jual talang air canter model giga sepasang ready jakarta,Aksesoris Eksterior
jual lampu sein spion daihatsu grand max sepasang jakarta,Spare Part Mobil
jual busi toyota rush terbaru harga termurah,Spare Part Mobil
jual kunci busi toyota daihatsu nissan suzuki,Spare Part Mobil
promo gigi kilometer speedo speedometer toyota corolla,Spare Part Mobil
jual busi toyota innova reborn harga satuan,Spare Part Mobil
promo selang radiator toyota kijang original diskon,Spare Part Mobil
jual radiator toyota starlet kotak manual seller tamsa shop,Spare Part Mobil
jual karpet mobil harrier terbaru harga termurah,Aksesoris Interior
jual as roda kiri sienta terbaru harga termurah,Spare Part Mobil
jual peredam mesin calya terbaru harga termurah,Aksesoris Eksterior
jual cover tutup klep innova bensin terbaru harga,Spare Part Mobil
jual logo avanza terbaru harga termurah,Aksesoris Eksterior
jual karet kabin innova terbaru harga termurah,Spare Part Mobil
jual aki mobil chevrolet blazer faster aki kering,Spare Part Mobil
promo baut tutup klep panther moonauto diskon,Spare Part Mobil
jual saringan udara kijang terbaru harga termurah,Spare Part Mobil
jual spidometer hino terbaru harga termurah,Spare Part Mobil
jual bantalan switch rem avanza terbaru harga,Spare Part Mobil
jual kunci busi toyota daihatsu nissan suzuki,Spare Part Mobil
jual tip mobil grand max terbaru harga termurah,Aksesoris Interior
jual aki mobil chevrolet blazer faster aki kering,Spare Part Mobil
promo baut tutup klep panther moonauto diskon,Spare Part Mobil
jual radiator toyota starlet kotak manual seller tamsa shop,Spare Part Mobil
promo gigi kilometer speedo speedometer toyota corolla,Spare Part Mobil
jual busi toyota innova reborn harga satuan,Spare Part Mobil
promo top hp sport sae oli mobil diskon,Spare Part Mobil
jual kursi xenia terbaru harga termurah,Aksesoris Interior
jual busi toyota rush terbaru harga termurah,Spare Part Mobil
jual peredam mesin calya terbaru harga termurah,Aksesoris Interior
jual cover handle pintu mobil brio terbaru harga,Aksesoris Eksterior
leasing honda crv harga murah blibli.com,Kendaraan
jual cover tangki honda brio terbaru harga termurah,Aksesoris Eksterior
jual radiator honda accord prestige seller shop,Spare Part Mobil
jual kunci busi toyota daihatsu nissan suzuki,Spare Part Mobil
jual kamera parkir freed terbaru harga termurah,Aksesoris Interior
jual busi toyota innova reborn harga satuan,Spare Part Mobil
promo selang radiator toyota kijang original diskon,Spare Part Mobil
jual aki mobil chevrolet blazer faster aki kering,Spare Part Mobil
promo luminos led lampu sen sein mobil super bright canbus,Spare Part Mobil
promo kaca spion model daun variasi motor variovario,Lainnya
promo top hp sport sae oli mobil diskon,Spare Part Mobil
jual reflektor lampu elf terbaru harga termurah,Spare Part Mobil
jual baut mur roda terbaru harga termurah blibli,Spare Part Mobil
jual karet kabin innova terbaru harga termurah,Spare Part Mobil
jual diorama garasi diecast original harga termurah mei,Lainnya
jual kursi xenia terbaru harga termurah,Aksesoris Interior
jual terbaru harga termurah,Lainnya
jual oli diesel palisade terbaru harga termurah,Spare Part Mobil
jual kampas kopling mobil kia terbaru harga termurah,Spare Part Mobil
promo baut tutup klep panther moonauto diskon,Spare Part Mobil
promo gigi kilometer speedo speedometer toyota corolla,Spare Part Mobil
jual radiator toyota starlet kotak manual seller tamsa shop,Spare Part Mobil
jual tutup tangki bensin bmw,Spare Part Mobil
jual hose radiator upper terbaru harga termurah,Spare Part Mobil
jual hose radiator lower terbaru harga termurah,Spare Part Mobil
promo selang radiator toyota kijang original diskon,Spare Part Mobil
jual klem hose radiator original murah harga diskon mei,Spare Part Mobil
jual spedometer digital jupiter terbaru harga,Lainnya
jual ban irc inoue terbaru harga termurah,Lainnya
jual basket honda terbaru harga termurah,Lainnya
jual bantalan switch rem avanza terbaru harga,Spare Part Mobil
jual lampu carry karoseri terbaru harga,Spare Part Mobil
jual tensioner honda terbaru harga,Spare Part Mobil
jual cover motor crf rally terbaru harga termurah,Lainnya
jual sein bmw terbaru harga termurah blibli,Spare Part Mobil
jual tutup tangki bensin bmw,Spare Part Mobil
jual mesin scan injeksi terbaru harga termurah,Lainnya
jual beras kg mercy termurah harga grosir terupdate,Lainnya
jual dongkrak mercy mercedes benz seller terpercaya shop,Aksesoris Eksterior
jual maju mundur mobil aki original harga termurah mei blibli,Lainnya
jual toples mika dus original murah harga diskon april,Lainnya
jual aki mobil chevrolet blazer faster aki kering,Spare Part Mobil
jual tabung cadangan air radiator ertiga terbaru harga,Spare Part Mobil
jual lampu carry karoseri terbaru harga,Spare Part Mobil
jual emblem vitara terbaru harga termurah blibli,Aksesoris Eksterior
jual radiator toyota starlet kotak manual seller tamsa shop,Spare Part Mobil
promo baut tutup klep panther moonauto diskon,Spare Part Mobil
promo gigi kilometer speedo speedometer toyota corolla,Spare Part Mobil
jual tutup tangki bensin bmw,Spare Part Mobil
jual aki mobil chevrolet blazer faster aki kering,Spare Part Mobil
jual bohlam lampu kabin double end terbaru harga,Aksesoris Eksterior
jual kunci busi toyota daihatsu nissan suzuki,Spare Part Mobil
jual oli filter matic oil filter at asli mitsubishi outlander,Spare Part Mobil
jual dudukan lampu canter terbaru harga termurah,Aksesoris Eksterior
jual hose radiator upper terbaru harga termurah,Spare Part Mobil
jual cover pintu pajero hitam terbaru harga termurah,Aksesoris Eksterior
promo selang radiator toyota kijang original diskon,Spare Part Mobil
promo baut tutup klep panther moonauto diskon,Spare Part Mobil
promo gigi kilometer speedo speedometer toyota corolla,Spare Part Mobil
jual tutup tangki bensin bmw,Spare Part Mobil
jual hose radiator lower terbaru harga termurah,Spare Part Mobil
jual flasher terbaru harga termurah blibli,Aksesoris Eksterior
jual karet mazda terbaru harga termurah,Aksesoris Eksterior
jual koil ford laser terbaru harga termurah blibli,Spare Part Mobil
jual aki mobil chevrolet blazer faster aki kering,Spare Part Mobil
jual kampas kopling mobil kia terbaru harga termurah,Spare Part Mobil
promo luminos led lampu sen sein mobil super bright canbus,Aksesoris Eksterior
jual hose radiator lower terbaru harga termurah,Spare Part Mobil
promo kaca spion model daun variasi motor variovario,Lainnya
jual kampas kopling mobil kia terbaru harga termurah,Spare Part Mobil
jual karet pinggang hardtop seller letsbuy store,Spare Part Mobil
promo baut tutup klep panther moonauto diskon,Spare Part Mobil
jual tutup tangki bensin bmw,Spare Part Mobil
jual radiator toyota starlet kotak manual seller tamsa shop,Spare Part Mobil
promo gigi kilometer speedo speedometer toyota corolla,Spare Part Mobil
jual aki mobil chevrolet blazer faster aki kering,Spare Part Mobil
promo selang radiator toyota kijang original diskon,Spare Part Mobil
jual spedometer digital jupiter terbaru harga,Lainnya
jual body kasar full set nmax old terbaru harga,Lainnya
jual tabung cadangan air radiator ertiga terbaru harga,Spare Part Mobil
jual knalpot rx king altech terbaru harga termurah,Lainnya
jual basket honda terbaru harga termurah,Lainnya
jual blok racing honda beat karbu terbaru harga,Lainnya
jual ban irc inoue terbaru harga termurah,Lainnya
jual bohlam lampu motor vario led terbaru,Lainnya
jual terbaru harga termurah blibli,Lainnya
jual npp karet vakum mio terbaru harga termurah,Lainnya
jual bantalan switch rem avanza terbaru harga,Spare Part Mobil
jual lampu laser terbaru harga termurah,Aksesoris Eksterior
jual mesin scan injeksi terbaru harga termurah,Lainnya
jual lampu carry karoseri terbaru harga,Spare Part Mobil
jual pj mj mio karbu terbaru harga termurah blibli,Lainnya
jual helm njs paket ganteng terbaru harga termurah,Lainnya
jual sooyi pro terbaru harga termurah blibli,Lainnya
jual terbaru harga termurah,Lainnya
jual ban terbaru harga termurah blibli,Spare Part Mobil
jual pelampung bensin mobil nissan terrano terbaru,Spare Part Mobil
jual kabel kopling motor sonic terbaru harga,Lainnya
jual rotak yamaha freego terbaru harga termurah,Lainnya
jual excavator ton terbaru harga termurah blibli,Lainnya
jual sein bmw terbaru harga termurah blibli,Spare Part Mobil
jual produk condensor kondensor toyota fortuner diesel,Spare Part Mobil
jual doortrim kiri original toyota kijang kapsul lapak,Aksesoris Interior
jual produk sale kijang mas termurah terlengkap april,Lainnya
jual modul auto lock foot brake otomatis terkunci injak pedal,Aksesoris Interior
jual seal sil karet selang ac mobil asli sanden original,Spare Part Mobil
jual karet stabil roti hilux revo lapak mk,Spare Part Mobil
jual kaos polo navy kaos polos biru donker kaos,Lainnya
jual beli alarm system klakson motor mobil produk bukalapak,Aksesoris Eksterior
jual beli alarm system klakson motor produk bukalapak,Lainnya
jual brake master rem daihatsu espass sanyco lapak atlas,Spare Part Mobil
jual produk pump daihatsu delta termurah terlengkap,Spare Part Mobil
jual produk shaft daihatsu zebra termurah terlengkap mei,Spare Part Mobil
jual head lamp lampu hino dutro ht cpu kanan,Spare Part Mobil
jual produk gigi timing belt termurah terlengkap mei,Spare Part Mobil
jual navara nissan mud guard mudguard karpet,Spare Part Mobil
jual beli alarm system klakson motor mobil produk bukalapak,Aksesoris Eksterior
jual beli alarm system klakson motor produk bukalapak,Lainnya
jual beli alarm system klakson motor produk bukalapak,Lainnya
jual arang blower dinamo alternator colt diesel,Spare Part Mobil
jual produk gigi timing belt termurah terlengkap mei,Spare Part Mobil
jual produk konka kkr original asli termurah terlengkap,Lainnya
jual filter bensin fuel filter unit mercy mercedes benz,Spare Part Mobil
jual produk pilot jet ninja termurah terlengkap mei,Lainnya
jual gigi gear dinamo stater honda origin lapak maji,Lainnya
jual produk steer bak stir ertiga termurah terlengkap april,Spare Part Mobil
jual karet sasis body mesin futura efi carry,Spare Part Mobil
jual arang blower dinamo alternator colt diesel,Spare Part Mobil
jual fuse sekring pusat kaki cabang,Spare Part Mobil
jual produk gigi timing belt termurah terlengkap mei,Spare Part Mobil
jual extra fan kipas karimun aluminium kaleng lapak lion acc,Aksesoris Eksterior
jual akrilik kartu nama akrilik papan nama meja,Lainnya
jual bearing roda mitsubishi lancer coba lapak yanufa,Spare Part Mobil
jual produk upper arm kuda bensin termurah terlengkap,Spare Part Mobil
jual extra fan kipas karimun aluminium kaleng lapak lion acc,Aksesoris Eksterior
jual seal sil karet selang ac mobil asli sanden original,Spare Part Mobil
jual tie rod end tierod mazda mr vantrend lapak,Spare Part Mobil
jual extra fan kipas karimun aluminium kaleng lapak lion acc,Aksesoris Eksterior
jual karet stabil roti hilux revo lapak mk,Lainnya
jual fuse sekring pusat kaki cabang,Spare Part Mobil
jual seal sil karet selang ac mobil asli sanden original,Spare Part Mobil
promo tomtomo toyota alphard mobil mobilan mainan miniatur,Lainnya
promo tomtomo toyota alphard mobil mobilan mainan miniatur,Lainnya
jual busi mobil asli toyota avanza xenia,Spare Part Mobil
jual kampas rem brake pad asli toyota calya,Spare Part Mobil
jual dop velg toyota japan diameter hitam kab,Aksesoris Eksterior
jual bushing arm toyota kijang te japan kota,Spare Part Mobil
jual as roda stik as kiri pendek toyota,Spare Part Mobil
jual bullbarbemper toyota fortuner jakarta pusat agen,Aksesoris Eksterior
jual silicone kunci mobil toyota fortuner vrz trd gr sport,Aksesoris Eksterior
jual daihatsu ori seal transmisi persneleng zebra,Spare Part Mobil
jual window regulator kaca daihatsu espass laiest,Spare Part Mobil
jual kopling set daihatsu taruna ori original asli jakarta pusat,Spare Part Mobil
jual canister saringan uap bensin daihatsu xenia vvti,Spare Part Mobil
jual oli mesin xenia terios liter daihatsu,Spare Part Mobil
jual bemper feroza terlengkap harga murah mei cicil,Aksesoris Eksterior
jual busi mobil asli toyota avanza xenia,Spare Part Mobil
jual nap roda wheel hub accord prestige kota,Spare Part Mobil
jual thermostat termo panas xenia vvti xenia original asli,Spare Part Mobil
jual ring piston ring seher avanza sirion size std ori original,Spare Part Mobil
jual door lock pintu bagasi rush terios aisin,Spare Part Mobil
jual lampu bumper bemper kiri ford ecosport type,Aksesoris Eksterior
jual kampas rem akebono honda crv gen civic,Spare Part Mobil
jual paking set transmisi mobil matic honda,Spare Part Mobil
jual emblem logo ivtec i-vtec honda hrv original jakarta,Aksesoris Eksterior
jual soket socket kabel fitting bohlam lampu rem stop sein sen,Spare Part Mobil
jual fan belt tali kipas honda crv rm,Spare Part Mobil
jual stiker printing branding jazz rs brio ertiga yaris body,Aksesoris Eksterior
jual pelipit kaca pintu honda civic fd kanan jakarta,Aksesoris Eksterior
jual nap roda wheel hub accord prestige kota,Spare Part Mobil
jual velg racing palang merk hsr mobil,Spare Part Mobil
jual sarung lampu baca mobil hiasan pelindung interior,Aksesoris Interior
jual lampu sein sen bumper bemper honda accord maestro,Spare Part Mobil
jual bendix switch dinamo starter civic fd crv re original asli,Spare Part Mobil
jual dop roda velg hyundai atoz original jakarta pusat juara,Aksesoris Eksterior
jual crank guard pelindung mesin hyundai stargazer,Spare Part Mobil
jual regulator power window kaca pintu hyundai matrix asli ori,Spare Part Mobil
jual silicone kunci mobil toyota fortuner vrz trd gr sport,Aksesoris Eksterior
jual logo bonnet huruf stiker kap emblem land rover,Lainnya
jual cushion engine pn jakarta pusat toko,Spare Part Mobil
jual starting motor dinamo starter motor komatsu,Lainnya
jual stopper gardan empuk innova fortuner anti jedug,Spare Part Mobil
jual kabel sensor rem bmw kiri,Spare Part Mobil
jual tutup transmisi cover kolong automatic matik bmw,Spare Part Mobil
jual bahan plafon lapis busa bumobil bmw ori,Aksesoris Interior
jual radiator volvo import jakarta barat,Spare Part Mobil
jual lampu bumper bemper kiri ford ecosport type,Aksesoris Eksterior
jual ecu kunci kontak full set mercy jakarta selatan,Spare Part Mobil
jual ding sampa bis mercymercedez,Spare Part Mobil
jual seal klep elring bis mercy,Spare Part Mobil
jual karet membran elring bis mercy,Spare Part Mobil
jual modul abs esp mercedes benz original jakarta selatan,Spare Part Mobil
jual filter solar mercy axor,Spare Part Mobil
jual dop roda velg mercy logo maybach jakarta,Aksesoris Eksterior
jual bahan plafon lapis busa bumobil bmw ori,Aksesoris Interior
jual welly diecast jeep wrangler rubicon skala putih,Lainnya
promo diecast miniatur mobil patton suv jeep skala,Lainnya
jual paking set transmisi mobil matic honda,Spare Part Mobil
jual tutup transmisi cover kolong automatic matik bmw,Spare Part Mobil
jual karet rel kaca geser maju mundur carry zebra hijet coltt,Spare Part Mobil
jual kasur mobil bahan katun ertigajazzexpander livina,Spare Part Mobil
jual seal sil kopel cv joint join as roda ertiga kanan,Spare Part Mobil
jual stiker printing branding jazz rs brio ertiga yaris body,Lainnya
jual ban mobil hankook optimo,Spare Part Mobil
jual cv joint join as roda kopel kiri ertiga manual jakarta pusat,Spare Part Mobil
jual filter kabin ac ertiga ertiga sgp original ori asli,Spare Part Mobil
jual master kopling escudo sgp asli ori original,Spare Part Mobil
jual draglink long tierod tie rod terot carry cary thn,Spare Part Mobil
jual support suport shock breaker suzuki ignis ori asli,Spare Part Mobil
jual motor fan kipas radiator xpander facelift suzuki ertiga,Spare Part Mobil
jual list lis kaca ertiga chrome kota surabaya,Spare Part Mobil
jual handle handel pintu kanan suzuki,Spare Part Mobil
jual sarung jok mobil livina ertiga freed fullset baris hitam,Spare Part Mobil
jual bushing lower arm bush sayap set,Spare Part Mobil
jual saklar sein sen turn signal switch lampu mitsubishi kuda,Spare Part Mobil
jual kabel transmisi manual asli mitsubishi xpander xpander,Spare Part Mobil
jual karet stabil asli mitsubishi pajero bensin,Spare Part Mobil
jual kompresor ac mitsubishi siam,Spare Part Mobil
jual mainan anak mobil aki mitsubishi pajero sport merah red,Lainnya
jual hose oil cooler selang oli mitsubishi kuda diesel,Spare Part Mobil
jual cdi assy delco delko distributor assy mitsubishi,Spare Part Mobil
jual ban mobil continental standar mazda,Spare Part Mobil
jual original ori asli baut keran oli mazda jakarta,Spare Part Mobil
jual ball bal joint balljoint mazda familia lantis,Spare Part Mobil
jual seal kit caliper rem roda mazda familia lantis,Spare Part Mobil
jual boot drive shaft as roda cv joint kopel mazda oem,Spare Part Mobil
jual packing paking perpak set mazda elite trendy ford laser,Aksesoris Eksterior
jual bm brake central master rem mobil mazda jakarta,Spare Part Mobil
jual tabung cadangan air tutup radiator ford focus mazda old,Spare Part Mobil
jual rack end long tie rod tierod ford escape mazda tribute ori,Spare Part Mobil
toko roda kencana ban bogor online produk lengkap harga,Lainnya
jual karet anti kandas shock picanto kab deli serdang,Spare Part Mobil
jual diecast mobil miniatur hummer wheel mainan koleksi,Lainnya
jual ban mobil hankook optimo,Spare Part Mobil
jual original ori selang power steering stering kia carens ii,Spare Part Mobil
jual rocker roker arm pelatuk temlar honda jazz city vtec kota,Spare Part Mobil
jual cover mobil escudo sarung mobil escudo kota,Aksesoris Eksterior
jual karet anti kandas shock picanto kab deli serdang,Spare Part Mobil
jual cdi assy delco delko distributor assy mitsubishi,Spare Part Mobil
promo kaca film vkool wuling air ev cicil,Aksesoris Eksterior
jual velg kaleng wuling ring pcd jakarta utara,Spare Part Mobil
jual velg kaleng wuling silver ring pcd jakarta utara,Spare Part Mobil
jual paket rack mobil wuling confero roof rack rak bagasi,Aksesoris Eksterior
jual velg kaleng raize pcd ban jakarta utara,Spare Part Mobil
jual diecast mobil miniatur hummer wheel mainan koleksi,Lainnya
jual velg racing palang merk hsr mobil,Spare Part Mobil
jual velg taff pcd lbr only piece jakarta utara,Spare Part Mobil
jual velg hsr pente hsr velg mobil racing ring pcd,Spare Part Mobil
jual bushing lower arm bush sayap set,Spare Part Mobil
jual crank guard pelindung mesin hyundai stargazer,Spare Part Mobil
jual kasur mobil bahan katun ertigajazzexpander livina,Aksesoris Interior
jual bm brake central master rem mobil mazda jakarta,Spare Part Mobil
jual deksel silinder head vios limo gen kota bekasi,Spare Part Mobil
jual stabilizer mobil toyota kijang super kijang grend,Spare Part Mobil
jual toyota rush diecast original harga termurah mei blibli,Lainnya
jual apron toyota innova seller tamsa shop menteng kota,Spare Part Mobil
jual aki mobil panther yuasa seller tamsa shop,Spare Part Mobil
jual mika lampu rush terbaru harga termurah,Spare Part Mobil
jual tutup radiator altis terbaru harga termurah,Spare Part Mobil
jual daun membran injector asli denso daihatsu taft gt rokky,Spare Part Mobil
jual aki mobil panther yuasa seller tamsa shop,Spare Part Mobil
jual stabilizer mobil toyota kijang super kijang grend,Spare Part Mobil
jual apron toyota innova seller tamsa shop menteng kota,Spare Part Mobil
promo top hp sport sae oli mobil diskon,Oli dan Penghemat BBM
jual cover ban ukuran terbaru harga termurah,Aksesoris Eksterior
jual mika lampu rush terbaru harga termurah,Spare Part Mobil
jual cat oles hijau honda brv terbaru harga termurah,Aksesoris Eksterior
jual ban mobil laufenn fit eq mobil fiesta brio rs,Spare Part Mobil
promo top hp sport sae oli mobil diskon,Oli dan Penghemat BBM
jual tutup radiator altis terbaru harga termurah,Spare Part Mobil
jual cover ban ukuran terbaru harga termurah,Aksesoris Eksterior
jual keong jamex honda jazz terbaru harga,Spare Part Mobil
jual cutting sticker carry terbaru harga termurah,Aksesoris Eksterior
jual sarung jok king drag terbaru harga termurah,Lainnya
jual miniatur santa fe original harga termurah april blibli,Lainnya
jual aki mobil panther yuasa seller tamsa shop,Spare Part Mobil
jual stabilizer mobil toyota kijang super kijang grend,Spare Part Mobil
jual daun membran injector asli denso daihatsu taft gt rokky,Spare Part Mobil
jual apron toyota innova seller tamsa shop menteng kota,Spare Part Mobil
jual ess fuel terbaru harga termurah blibli,Spare Part Mobil
jual cdi suzuki fxr terbaru harga termurah blibli,Lainnya
jual les motor revo terbaru harga termurah blibli,Lainnya
jual tangki gx original murah harga diskon mei blibli,Spare Part Mobil
jual garasi nugi terbaru harga termurah blibli,Lainnya
jual ban mobil laufenn fit eq mobil fiesta brio rs,Spare Part Mobil
jual biled vinyx terbaru harga termurah blibli,Spare Part Mobil
jual shockbreaker mercy sensor terbaru,Spare Part Mobil
jual garasi nugi terbaru harga termurah blibli,Lainnya
jual aki motor beat fi beat karbu vario gs mf aki kering,Lainnya
jual aki motor beat fi beat karbu vario gs aki kering,Lainnya
jual aki incoe mf astra aki kering,Spare Part Mobil
jual aki mobil peugeot faster aki kering,Spare Part Mobil
jual cutting sticker carry terbaru harga termurah,Aksesoris Eksterior
jual box audio tanam avanza terbaru harga termurah,Aksesoris Interior
jual aki mobil panther yuasa seller tamsa shop,Spare Part Mobil
jual stabilizer mobil toyota kijang super kijang grend,Spare Part Mobil
jual daun membran injector asli denso daihatsu taft gt rokky,Spare Part Mobil
jual apron toyota innova seller tamsa shop menteng kota,Spare Part Mobil
review lengkap trunki menemani liburan si,Lainnya
jual tutup radiator altis terbaru harga termurah,Spare Part Mobil
jual paking set terbaru harga termurah,Spare Part Mobil
jual aki mobil panther yuasa seller tamsa shop,Spare Part Mobil
jual cover ban ukuran terbaru harga termurah,Aksesoris Eksterior
jual aki mobil panther yuasa seller tamsa shop,Spare Part Mobil
jual accelera terbaru harga termurah,Spare Part Mobil
jual aki mobil panther yuasa seller tamsa shop,Spare Part Mobil
jual cover ban ukuran terbaru harga termurah,Aksesoris Eksterior
jual apron toyota innova seller tamsa shop menteng kota,Spare Part Mobil
jual stabilizer mobil toyota kijang super kijang grend,Spare Part Mobil
jual daun membran injector asli denso daihatsu taft gt rokky,Spare Part Mobil
jual aki mobil peugeot faster aki kering,Spare Part Mobil
jual cover ban ukuran terbaru harga termurah,Aksesoris Eksterior
jual motor listrik roda terbaru harga termurah,Kendaraan
jual accelera terbaru harga termurah,Spare Part Mobil
jual cutting sticker carry terbaru harga termurah,Spare Part Mobil
jual ess fuel terbaru harga termurah blibli,Spare Part Mobil
jual box audio tanam avanza terbaru harga termurah,Aksesoris Interior
jual cat oles hijau honda brv terbaru harga termurah,Aksesoris Eksterior
jual karburator karisma npp terbaru harga termurah,Lainnya
jual les motor revo terbaru harga termurah blibli,Lainnya
jual rotak vixion terbaru harga termurah,Lainnya
jual sayap pcx silver terbaru harga termurah,Lainnya
jual cdi suzuki fxr terbaru harga termurah blibli,Lainnya
jual kisi ac livina terbaru harga termurah blibli,Spare Part Mobil
jual striping motor jupiter robot terbaru harga,Lainnya
jual keong jamex honda jazz terbaru harga,Spare Part Mobil
jual regulator kaca window manual sebelah,Spare Part Mobil
jual doortrim kiri original toyota kijang kapsul lapak,Spare Part Mobil
jual produk wiper frameless toyota innova termurah,Spare Part Mobil
jual custom plat nomor nyala angka pajero sport full frame,Spare Part Mobil
jual cover power window panel wood kanan asli,Spare Part Mobil
jual seal sil karet selang ac mobil asli sanden original,Spare Part Mobil
jual lampu led gigi preseneling matic mobil brio mobilio brv,Spare Part Mobil
jual lampu led gigi preseneling matic mobil brio mobilio brv,Spare Part Mobil
jual cover power window panel wood kanan asli,Spare Part Mobil
jual navara nissan mud guard mudguard karpet,Aksesoris Eksterior
jual coil koil hyundai grand avega kia rio lapak,Spare Part Mobil
jual coil koil hyundai grand avega kia rio lapak,Spare Part Mobil
jual produk busi mercedes benz termurah terlengkap mei,Spare Part Mobil
jual produk busi mercedes benz termurah terlengkap mei,Spare Part Mobil
jual custom plat nomor nyala angka pajero sport full frame,Spare Part Mobil
jual cover power window panel wood kanan asli,Spare Part Mobil
jual doortrim kiri original toyota kijang kapsul lapak,Spare Part Mobil
jual produk busi mercedes benz termurah terlengkap mei,Spare Part Mobil
jual lampu led gigi preseneling matic mobil brio mobilio brv,Spare Part Mobil
jual cover power window panel wood kanan asli,Spare Part Mobil
jual custom plat nomor nyala angka pajero sport full frame,Spare Part Mobil
jual seal sil karet selang ac mobil asli sanden original,Spare Part Mobil
jual produk delco mazda cronos termurah terlengkap mei,Spare Part Mobil
jual tie rod end tierod mazda mr vantrend lapak,Spare Part Mobil
jual coil koil hyundai grand avega kia rio lapak,Spare Part Mobil
jual seal sil karet selang ac mobil asli sanden original,Spare Part Mobil
jual coil koil hyundai grand avega kia rio lapak,Spare Part Mobil
jual produk shock breaker wuling cortez kpv termurah,Spare Part Mobil
jual plate dudukan kampas rem tromol cebeng wuling,Spare Part Mobil
jual emgi spion elektrik hitam toyota avanza xenia,Spare Part Mobil
jual setang kipas kacagagang wiper arm toyota kijang diesel,Spare Part Mobil
jual master kopling toyota dyna dynasaurus,Spare Part Mobil
jual karpet mobil toyota kijang innova zenix hybrid,Aksesoris Interior
jual oil filter saringan oli toyota kijang kapsul,Spare Part Mobil
jual garpu kopling clutch fork toyota kijang innova bensin hilux,Spare Part Mobil
jual kunci roda toyota hardtop jakarta barat tjienan,Spare Part Mobil
jual karpet mobil premium daihatsu sigra warna hitam non,Aksesoris Interior
jual stiker lampu plat nomor daihatsu espass jakarta utara,Lainnya
jual oli mesin daihatsu genuine oil api synthetic,Oli dan Penghemat BBM
jual coil koil kuil espass zebra original daihatsu japan ori,Spare Part Mobil
jual switch oli daihatsu zebra espass ceria charade jakarta,Spare Part Mobil
jual timing belt charade hijet zebra ori,Spare Part Mobil
jual modifikasi velg mobil daihatsu ayla pakai velg hsr ring free,Spare Part Mobil
jual water strip kanan avanza,Spare Part Mobil
jual packing tutup klep sirion asli ori original jakarta pusat,Spare Part Mobil
jual karet pelipit kaca water strip mobil universal toyota honda,Spare Part Mobil
jual kabel setelan gas tangan coke taft gt rocky hiline ori asli,Spare Part Mobil
jual plat klakson stir gran max luxio original jakarta utara era,Spare Part Mobil
jual door lock kunci pintu bagasi gran max grand max luxio,Spare Part Mobil
jual kopling set espass zebra ori original asli jakarta,Spare Part Mobil
jual stiker kijang kapsul lgx stiker cutting mobil kijang,Aksesoris Eksterior
jual switch pedal lampu rem taft gt feroza original asli ori,Spare Part Mobil
jual sensor parkir sensor mundur brio rs satya putih putih,Spare Part Mobil
jual handle pintu kiri crv gen civic fb,Spare Part Mobil
jual inner fender spakbor roda honda brv kanan kota,Aksesoris Eksterior
jual kampas kopling accord kampas kopling honda accord,Spare Part Mobil
jual keong coil spring honda accord vti odyssey,Spare Part Mobil
jual velg mobil volkrays hrv crv civic brv innova,Spare Part Mobil
jual sarung mobil brio polos merah body cover,Aksesoris Eksterior
jual velg racing ssr type velg brio jazz city freed vios,Spare Part Mobil
jual velg enkei tuning ring velg mobil racing brio.calya,Spare Part Mobil
jual velg racing ssr type velg mobil brio yaris jazz vios,Spare Part Mobil
jual velg mobil civic fd ring bonus layak pakai kota,Spare Part Mobil
jual packing paking seal cover tutup klep honda brio io brv,Spare Part Mobil
jual sensor oksigen udara honda freed brio mobilio,Spare Part Mobil
jual velg model alvina ring jazz avanza brio kota,Spare Part Mobil
jual pintu bagasi backdoor mobil honda hrv,Spare Part Mobil
jual ignition coil koil pengapian honda grand civic accord,Spare Part Mobil
jual sensor map honda accord maestro crv civic genio ferio cielo,Spare Part Mobil
jual upper arm civic grand lx nuova ferio genio estilo,Spare Part Mobil
jual cooling fan baling daun kipas radiator brio matic jazz freed,Spare Part Mobil
jual bemper mobilio tipe jakarta utara,Spare Part Mobil
jual packing paking manipol intake hyundai bensin korea,Spare Part Mobil
jual outer handle anti gores pelindung pintu carbon hyundai,Aksesoris Eksterior
jual cv joint as roda as kopel hyundai getz,Spare Part Mobil
jual clutch master kopling hyundai getz korea jakarta,Spare Part Mobil
jual repair kit master kopling hyundai cakra accent verna,Spare Part Mobil
jual bearing beiring bireng nap roda hyundai atoz,Spare Part Mobil
jual cv joint as kopel hyundai getz original asli ori,Spare Part Mobil
jual kabel speedometer spidometer speedo meter hyundai atoz,Spare Part Mobil
jual terbaru sticker stiker mobil stargazer cutting,Aksesoris Eksterior
review seragam kemeja hyundai navy standard lengan,Lainnya
jual plastik kepala ujung selang hawa filter udara,Spare Part Mobil
jual lampu lh headlamp head lamp lampu timor,Spare Part Mobil
jual talang air panther pick up model kupu-kupu pintu,Spare Part Mobil
jual karpet mobil premium daihatsu sigra warna hitam non,Aksesoris Interior
jual velg racing lebar baut,Spare Part Mobil
jual mobil aki anak pliko bmw original license,Lainnya
jual lampu alis running turning led warna mobil bmw,Aksesoris Eksterior
jual jual pelek seken standar altis ring pcd jakarta,Spare Part Mobil
jual kaos mobil nissan x-trail kaos otomotif premium cotton,Lainnya
jual selang nozzle no original om,Spare Part Mobil
jual inner fender mercy mercedes-benz kiri,Aksesoris Eksterior
jual pintu bagasi backdoor mobil honda hrv,Spare Part Mobil
jual jada batman forever batmobile figure skala kab,Lainnya
promo diecast miniatur mobil patton suv jeep skala,Lainnya
jual bsh british shorthair putih betina jakarta barat fluffydust,Lainnya
jual mainan anak mobil aki jeep ejp plus exotic,Lainnya
jual kursi kuliah black kota surabaya central twins mebel,Lainnya
jual kaos mobil nissan x-trail kaos otomotif premium cotton,Lainnya
jual sale termurah caliburn uwell ovp pod,Lainnya
jual oil seal roda,Spare Part Mobil
jual velg mobil suzuki s-presso ring pcd ban kota,Spare Part Mobil
jual packing tutup klep dek klep ertiga splash jakarta pusat,Spare Part Mobil
jual motor fan radiator grand vitara jakarta utara cross motor,Spare Part Mobil
jual lampu rem carry extra stoplamp bagong,Spare Part Mobil
jual carburator repair kit suzuki carry extra napco,Spare Part Mobil
jual plastik kepala ujung selang hawa filter udara,Spare Part Mobil
jual karet tutup abu cover boot shock breaker ertiga,Spare Part Mobil
jual water pump assy suzuki ertiga diesel spin diesel,Spare Part Mobil
jual soket sensor tps suzuki escudo cc ori,Spare Part Mobil
jual tweeter housing ertiga barang original ori,Aksesoris Interior
jual kabel rem tangan hand rem carry asli ori,Spare Part Mobil
jual bearing laher roda suzuki ertiga abs sgp original ori,Spare Part Mobil
jual cv joint as roda asroda baleno gen,Spare Part Mobil
jual knuckle knukel kiri aerio baleno next sgp original ori asli,Spare Part Mobil
jual anting jimny katana kota bekasi jange,Spare Part Mobil
jual cafer bensin jimny jakarta pusat chandra motor sport,Spare Part Mobil
as klep noken as suzuki futura injeksi ccapvbaleno japan,Spare Part Mobil
jual sarung mobil brio polos merah body cover,Aksesoris Eksterior
jual baut roda mitsubishi pajero sport jakarta,Spare Part Mobil
jual pelampung bensin asli lelangan mitsubishi lancer evo,Spare Part Mobil
jual seal lahar roda mitsubishi lancer dangan jakarta,Spare Part Mobil
jual baut as roda canter original mitsubishi,Spare Part Mobil
jual grill kisi kisi mitsubishi xpander blower kisi-kisi expander ac,Spare Part Mobil
jual cones com lahar roda asli mitsubishi pajero sport,Spare Part Mobil
jual intercooler kit brd mitsubishi pajero sport anps kota,Spare Part Mobil
jual selongsong tongkol gardan mitsubishi canter,Spare Part Mobil
jual lampu sen mitsubishi lancer evo kiri jakarta pusat,Spare Part Mobil
jual cover tutup foglamp fog lamp lampu kabut mitsubishi lancer,Aksesoris Eksterior
jual mainan anak mobil aki mitsubishi pajero sport hitam,Lainnya
jual shockbreaker shock breaker mitsubishi lancer evo,Spare Part Mobil
jual switch kunci kontak kuda mitsubishi kabel kontak ori original,Spare Part Mobil
jual fleksibel knalpot mitsubishi canter me,Spare Part Mobil
jual bearing roda mitsubishi,Spare Part Mobil
jual master kopling clutch master assy mitsubishi lancer,Spare Part Mobil
jual filter solar fuel filter mitsubishi diesel kuda diesel,Spare Part Mobil
jual delco delko distributor mitsubishi lancer evo jakarta,Spare Part Mobil
jual lampu sen sein corner set mitsubishi kuda,Spare Part Mobil
jual kaliper caliper rem kiri mazda ford laser,Spare Part Mobil
jual reflektor lampu bagasi mazda sepasang jakarta utara,Spare Part Mobil
jual original ori asli seal sil busi mazda tb jakarta pusat,Spare Part Mobil
jual seal sil drive shaft as roda mazda ori,Spare Part Mobil
jual upper tank radiator mobil mazda cx jakarta,Spare Part Mobil
jual piston rem caliper kaliper ford fiesta mazda,Spare Part Mobil
jual door lock kunci pintu kiri ford ranger mazda ori asli,Spare Part Mobil
jual stiker bagasi mobil logo ms logam styling emblem,Aksesoris Eksterior
jual lampu lh headlamp head lamp lampu timor,Spare Part Mobil
jual clutch master kopling hyundai getz korea jakarta,Spare Part Mobil
jual bracket dudukan lampu sorot motor,Lainnya
jual outer handle anti gores pelindung pintu carbon hyundai,Aksesoris Eksterior
jual piston caliper caliper rem kia pregio carnival asli ori,Spare Part Mobil
jual sensor temperatur sensor udara nissan xtrail livina orisinil,Spare Part Mobil
jual stiker bagasi mobil logo ms logam styling emblem,Aksesoris Eksterior
jual master kopling toyota dyna dynasaurus,Spare Part Mobil
jual gearbox transmisi manual innova bensin kota tangerang,Spare Part Mobil
jual clutch master kopling hyundai getz korea jakarta,Spare Part Mobil
jual bracket dudukan lampu sorot motor,Lainnya
jual sarung mobil brio polos merah body cover,Aksesoris Eksterior
jual velg wuling besi kaleng ring lebar pcd,Spare Part Mobil
jual stiker kijang kapsul lgx stiker cutting mobil kijang,Aksesoris Eksterior
jual jok brv kanan kiri kota tangerang,Spare Part Mobil
jual terbaru sticker stiker mobil stargazer cutting,Aksesoris Eksterior
jual modifikasi velg mobil daihatsu ayla pakai velg hsr ring free,Spare Part Mobil
jual karpet mobil premium daihatsu sigra warna hitam non,Aksesoris Interior
jual jual pelek seken standar altis ring pcd jakarta,Spare Part Mobil
jual velg mobil ring warna hitam tipe hsr pente hole,Spare Part Mobil
jual cutting sticker toyota original harga termurah mei blibli,Aksesoris Eksterior
promo packing tutup klep toyota avanza xenia dual vvti diskon,Spare Part Mobil
jual diecast toyota vellfire original harga termurah mei blibli,Lainnya
jual filter udara camry terbaru harga termurah,Spare Part Mobil
jual shockbreaker mobil sienta terbaru harga termurah,Spare Part Mobil
jual plafon calya terbaru harga termurah blibli,Spare Part Mobil
jual toolkit rush terbaru harga termurah blibli,Lainnya
jual bumper fortuner terbaru harga termurah,Spare Part Mobil
jual evaporator ac mobil nissan march seller letsbuy store,Spare Part Mobil
jual karet pedal kopling kijang terbaru harga termurah,Spare Part Mobil
jual revv spion winglet sein led sport mount seller pusat,Spare Part Mobil
jual botol klep mobil terbaru harga termurah blibli,Spare Part Mobil
jual kaca inova terbaru harga termurah,Spare Part Mobil
jual daihatsu sigra mc mobil paket dp ringan seller,Kendaraan
jual master rem daihatsu feroza terbaru harga termurah,Spare Part Mobil
jual remote terios terbaru harga termurah,Spare Part Mobil
jual evaporator ac mobil nissan march seller letsbuy store,Spare Part Mobil
promo packing tutup klep toyota avanza xenia dual vvti diskon,Spare Part Mobil
jual switch rem honda freed terbaru harga termurah,Spare Part Mobil
jual revv spion winglet sein led sport mount seller pusat,Spare Part Mobil
jual plafon calya terbaru harga termurah blibli,Spare Part Mobil
jual honda prestige terbaru harga termurah,Kendaraan
jual sofa maggio original murah harga diskon mei blibli.com,Lainnya
promo dop velg fortuner vrz trd diskon seller tune up,Spare Part Mobil
jual engsel pintu terlaris original murah harga diskon mei,Spare Part Mobil
jual besi thule terbaru harga termurah blibli,Aksesoris Eksterior
jual aki mobil hyundai santa fe gs astra premium aki,Spare Part Mobil
promo packing tutup klep toyota avanza xenia dual vvti diskon,Spare Part Mobil
jual evaporator ac mobil nissan march seller letsbuy store,Spare Part Mobil
jual busi denso terbaru harga termurah,Spare Part Mobil
jual scanner ninja fi terbaru harga termurah,Lainnya
jual revo quantum black terbaru harga termurah,Lainnya
jual ban bus makassar terbaru harga termurah,Spare Part Mobil
jual lamp megapro primus ori terbaru harga termurah,Spare Part Mobil
jual diecast bmw original harga termurah mei blibli,Lainnya
jual beras merah pandan wangi pulen termurah harga grosir,Lainnya
cek saldo toll mudah cepat blibli friends,Lainnya
jual kopling suzuki carry terbaru harga termurah,Spare Part Mobil
jual bemper suzuki futura terbaru harga,Spare Part Mobil
promo packing tutup klep toyota avanza xenia dual vvti diskon,Spare Part Mobil
jual evaporator ac mobil nissan march seller letsbuy store,Spare Part Mobil
jual toolkit rush terbaru harga termurah blibli,Spare Part Mobil
jual engsel pintu terlaris original murah harga diskon mei,Spare Part Mobil
review lengkap trunki menemani liburan si,Lainnya
jual meja lipat portable dagang original murah harga diskon,Lainnya
jual bos pedal kopling fe seller halokita.com jln raya,Spare Part Mobil
jual dinamo starter colt terbaru harga termurah,Spare Part Mobil
jual revv spion winglet sein led sport mount seller pusat,Aksesoris Eksterior
jual evaporator ac mobil nissan march seller letsbuy store,Spare Part Mobil
promo packing tutup klep toyota avanza xenia dual vvti diskon,Spare Part Mobil
promo packing tutup klep toyota avanza xenia dual vvti diskon,Spare Part Mobil
jual aki mobil hyundai santa fe gs astra premium aki,Spare Part Mobil
jual karpet dasar mazda terbaru harga termurah,Aksesoris Interior
jual mika lampu biante terbaru harga termurah,Spare Part Mobil
jual aki mobil hyundai santa fe gs astra premium aki,Spare Part Mobil
jual evaporator ac mobil nissan march seller letsbuy store,Spare Part Mobil
promo packing tutup klep toyota avanza xenia dual vvti diskon,Spare Part Mobil
jual jok mobil baris terbaru harga,Spare Part Mobil
jual revv spion winglet sein led sport mount seller pusat,Aksesoris Eksterior
jual scanner ninja fi terbaru harga termurah,Lainnya
jual stemplet cvt terbaru harga termurah blibli,Lainnya
jual helm redbull terbaru harga termurah,Lainnya
jual lampu mobil xenia terbaru harga,Spare Part Mobil
jual besi dudukan stang beat street terbaru harga,Lainnya
jual revo quantum black terbaru harga termurah,Lainnya
jual ban bus makassar terbaru harga termurah,Spare Part Mobil
jual ecu aracer super sonic terbaru harga termurah,Spare Part Mobil
jual velg torsion dakar terbaru harga termurah,Spare Part Mobil
jual tebeng genio terbaru harga termurah blibli,Lainnya
jual knalpot mber beat fi terbaru harga termurah,Lainnya
jual lamp megapro primus ori terbaru harga termurah,Lainnya
jual kaliper monoblok nissin gl terbaru harga termurah,Aksesoris Eksterior
jual modifikasi lampu byson terbaru harga,Lainnya
jual bemper suzuki futura terbaru harga,Spare Part Mobil
jual mika lampu biante terbaru harga termurah,Spare Part Mobil
jual ban irc terbaru harga termurah,Lainnya
jual ban anaconda terbaru harga termurah,Lainnya
jual switch rem honda freed terbaru harga termurah,Lainnya
review mobil audi spesifikasi kelebihan kekurangan,Lainnya
jual produk ban mobil oem toyota rush termurah terlengkap,Spare Part Mobil
jual produk speedometer toyota crown termurah,Spare Part Mobil
jual regulator kaca window manual sebelah,Spare Part Mobil
jual produk mobil variasi toyota rush termurah terlengkap,Lainnya
jual custom plat nomor nyala angka pajero sport full frame,Aksesoris Eksterior
jual cover power window panel wood kanan asli,Spare Part Mobil
jual cover power window panel wood kanan asli,Spare Part Mobil
jual kabel sling tarikan kap mesin hrv original honda lapak,Spare Part Mobil
jual produk stiker logo makanan termurah terlengkap april,Lainnya
jual lampu led gigi preseneling matic mobil brio mobilio brv,Aksesoris Interior
jual produk daihatsu charade termurah terlengkap mei,Spare Part Mobil
jual produk daihatsu charade termurah terlengkap mei,Spare Part Mobil
jual produk rem daihatsu charade front termurah,Spare Part Mobil
jual noken as klep camshaft daihatsu ferosa taruna,Spare Part Mobil
jual saklar lampu sen sein daihatsu taft kebo badak,Spare Part Mobil
jual gantungan kunci motor yamaha kulit asli original dompet stnk,Lainnya
jual produk mika lampu brio termurah terlengkap,Spare Part Mobil
jual lampu led gigi preseneling matic mobil brio mobilio brv,Aksesoris Interior
jual kabel sling tarikan kap mesin hrv original honda lapak,Spare Part Mobil
jual cover power window panel wood kanan asli,Spare Part Mobil
jual ford everest matic transmisi pompa oli,Spare Part Mobil
jual gantungan kunci motor yamaha kulit asli original dompet stnk,Lainnya
jual coil koil hyundai grand avega kia rio lapak,Spare Part Mobil
jual ember plastik abu tong air liter tutup murah,Lainnya
jual produk mobil variasi toyota rush termurah terlengkap,Lainnya
jual coil koil hyundai grand avega kia rio lapak,Spare Part Mobil
jual handle bagasi handle pintu vitara sidekick,Spare Part Mobil
jual gantungan kunci motor yamaha kulit asli original dompet stnk,Lainnya
jual striping honda scoopy stylish stiker lis motor standar,Lainnya
jual mainan bus tayo bis tayo kado mainan mobil mobilan,Lainnya
jual produk speaker speaker acr tweeter termurah,Spare Part Mobil
jual hose suction selang dingin ac mobil suzuki apv,Spare Part Mobil
jual custom plat nomor nyala angka pajero sport full frame,Aksesoris Eksterior
jual cover power window panel wood kanan asli,Spare Part Mobil
jual kabel sling tarikan kap mesin hrv original honda lapak,Spare Part Mobil
jual handle bagasi handle pintu vitara sidekick,Spare Part Mobil
jual lampu led gigi preseneling matic mobil brio mobilio brv,Aksesoris Interior
jual produk kebaya brukat muslim kebaya modern termurah,Lainnya
jual kruk as krun as krek as fizr fiz kruk fizr force,Spare Part Mobil
jual gantungan kunci motor yamaha kulit asli original dompet stnk,Lainnya
jual cover power window panel wood kanan asli,Spare Part Mobil
jual bak carter oil pan karter oli mesin original asli,Spare Part Mobil
jual headlamp lampu head lamp mitsubishi galant st hiu,Spare Part Mobil
jual custom plat nomor nyala angka pajero sport full frame,Aksesoris Eksterior
jual kabel sling tarikan kap mesin hrv original honda lapak,Spare Part Mobil
jual produk speedometer toyota crown termurah,Spare Part Mobil
jual coil koil hyundai grand avega kia rio lapak,Spare Part Mobil
jual ford everest matic transmisi pompa oli,Spare Part Mobil
jual kabel sling tarikan kap mesin hrv original honda lapak,Spare Part Mobil
jual kruk as krun as krek as fizr fiz kruk fizr force,Spare Part Mobil
jual ford everest matic transmisi pompa oli,Spare Part Mobil
jual kabel sling tarikan kap mesin hrv original honda lapak,Spare Part Mobil
jual gantungan kunci motor yamaha kulit asli original dompet stnk,Lainnya
jual karet central rem master rem central,Spare Part Mobil
jual kabel speedometer asli toyota dyna,Spare Part Mobil
jual aki mobil toyota kijang innova bensin,Spare Part Mobil
jual pompa solar forklift toyota jakarta barat jayatek,Spare Part Mobil
jual stabilizer mobil toyota innova model anting,Spare Part Mobil
jual tutup oli mesin daihatsu espass jakarta barat,Spare Part Mobil
jual mika stop kaca lampu toyota sigra daihatsu calya,Spare Part Mobil
jual lampu sein sen sign signal lamp bumper bemper daihatsu,Spare Part Mobil
jual puley kruk as calya sigra original asli ori jakarta,Spare Part Mobil
jual fiber bonit membran feroza jakarta timur cun mobil,Spare Part Mobil
jual emblem tulisan xenia hitam doff original kota,Aksesoris Eksterior
jual karpet karet kepet lumpur variasi roda mobil,Aksesoris Eksterior
jual keramik dinding kamar mandi dapur indocer civic,Lainnya
jual karet canel karet run chanel jalur kaca pintu,Spare Part Mobil
jual bahan jok mobil honda strem original bahan jok mobil fabric,Aksesoris Eksterior
jual dop roda tutup as roda velg honda jass brio mobilio,Spare Part Mobil
jual sensor oksigen oxygen honda,Spare Part Mobil
jual hot wheels honda civic ef merah nova hotwheels,Lainnya
jual head honda crv generasi jakarta barat,Spare Part Mobil
jual karet roti karet stabil honda mobilio original ori,Spare Part Mobil
jual foglamp led lampu kabut honda brio set halogen,Spare Part Mobil
jual dinamo starter honda brv jakarta pusat apw arts tokopedia,Spare Part Mobil
jual hyundai mesin potong rumput gendong brush cutter,Lainnya
jual tabung wiper hyundai matrix jakarta pusat vart motor,Spare Part Mobil
jual brosur iklan mobil kia carnival kab sukoharjo toko,Lainnya
jual aki mobil toyota kijang innova bensin,Spare Part Mobil
jual dop velg kaleng terlengkap harga murah mei cicil,Aksesoris Eksterior
jual original bmw old jok kulit hitam kota depok,Spare Part Mobil
jual beras pandan wangi cap daun suji kota tangerang,Lainnya
jual bburago diecast mercedes hamilton,Lainnya
jual filter oli mesin for mercy,Spare Part Mobil
jual dop velg kaleng terlengkap harga murah mei cicil,Spare Part Mobil
jual kotak kado merci princess pink pastel hadiah hampers,Lainnya
jual plat siku dinamo starter panther set jakarta timur,Spare Part Mobil
jual mobilan aki jeep rubicon kota tangerang,Lainnya
jual metal std carry katana merk daido jepang jakarta,Spare Part Mobil
jual karet peda rem ertiga matic buah asli,Spare Part Mobil
jual kaca spion sepion suzuki carry,Spare Part Mobil
jual selang radiator aeriobaleno next kota,Spare Part Mobil
jual free pasang ban mobil hijet carry tokopedia,Spare Part Mobil
jual packing cylinder head paking kop head escudo baleno old,Spare Part Mobil
jual karet roti karet stabil honda mobilio original ori,Spare Part Mobil
jual rotor delco distributor mitsubishi kuda injeksi jakarta pusat,Spare Part Mobil
jual noken as camshaft mitsubishi diesel jakarta,Spare Part Mobil
jual air filter saringan udara mitsubishi triton old pajero sport old,Spare Part Mobil
jual dop roda tutup velg mitsubishi xpander cross ori original,Aksesoris Eksterior
jual cover cap tutup handel handle pintu mazda,Aksesoris Eksterior
jual aki mobil toyota kijang innova bensin,Spare Part Mobil
jual jok mobil kulit paten innova zenix bahan microfiber vision,Spare Part Mobil
jual brosur iklan mobil kia carnival kab sukoharjo toko,Lainnya
jual tabung wiper hyundai matrix jakarta pusat vart motor,Spare Part Mobil
jual aki mobil toyota kijang innova bensin,Spare Part Mobil
jual karpet karet kepet lumpur variasi roda mobil,Aksesoris Eksterior
jual bentuk an ll bening silikon snail bentuk cup bantu,Lainnya
jual sensor parkir mobil titik universal mobil hrv kota,Spare Part Mobil
jual dop velg kaleng terlengkap harga murah mei cicil,Aksesoris Eksterior
jual aki mobil toyota harrier gs astra aki kering ah,Spare Part Mobil
jual evaporator ac toyota avanza,Spare Part Mobil
jual dinamo toyota kijang kapsul,Spare Part Mobil
jual dinamo toyota kijang kapsul,Spare Part Mobil
jual transmisi toyota kijang super terbaru harga,Spare Part Mobil
jual mobil avanza tdp terbaru harga termurah,Kendaraan
jual denso kabin filter ac mobil for toyota calya daihatsu sigra,Spare Part Mobil
jual bpkb mobil calya terbaru harga termurah,Lainnya
jual cat agya red terbaru harga termurah blibli,Spare Part Mobil
jual lampu utama calya terbaru harga termurah,Spare Part Mobil
jual cdi kijang terbaru harga termurah blibli,Spare Part Mobil
jual avanza terbaru harga termurah blibli,Spare Part Mobil
jual denso kabin filter ac mobil for toyota calya daihatsu sigra,Spare Part Mobil
jual map sensor grandmax terbaru harga termurah,Spare Part Mobil
jual lampu utama calya terbaru harga termurah,Spare Part Mobil
jual stok terbatas sunny sentra genesis rantai keteng,Spare Part Mobil
jual cat agya red terbaru harga termurah blibli,Spare Part Mobil
jual honda brio satya seller honda bandung ibrm,Spare Part Mobil
jual master kopling honda mobilio terbaru harga,Spare Part Mobil
jual kaliper brembo brio terbaru harga termurah,Spare Part Mobil
jual karpet mobil honda jazz terbaru harga,Aksesoris Interior
promo dijual gorden kaca samping tirai jendela mobil universal,Aksesoris Interior
jual cat agya red terbaru harga termurah blibli,Spare Part Mobil
jual denso kabin filter ac mobil for toyota calya daihatsu sigra,Spare Part Mobil
jual lampu utama calya terbaru harga termurah,Spare Part Mobil
jual lampu tembak led motor terbaru harga,Spare Part Mobil
jual nissan hot wheels original harga termurah mei,Lainnya
jual deck honda supra fit terbaru harga termurah,Lainnya
jual block seher satria fu terbaru harga termurah,Lainnya
jual air flow hyundai bimantara terbaru harga termurah,Spare Part Mobil
jual stok terbatas sunny sentra genesis rantai keteng,Spare Part Mobil
jual lampu kabin atoz terbaru harga termurah,Spare Part Mobil
jual selang membran karbu terbaru harga termurah,Spare Part Mobil
promo dijual gorden kaca samping tirai jendela mobil universal,Aksesoris Interior
jual deck honda supra fit terbaru harga termurah,Lainnya
jual alat stabiliser setrum listrik terbaru harga termurah,Lainnya
jual thermostat panther terbaru harga termurah,Spare Part Mobil
jual pro bl terbaru harga termurah blibli,Spare Part Mobil
jual striping beat robot terbaru harga termurah,Lainnya
jual as supra terbaru harga termurah,Lainnya
jual wheeldop mercy terbaru harga termurah,Spare Part Mobil
jual stiker motor kece terbaru harga termurah,Lainnya
jual nissan hot wheels original harga termurah mei,Lainnya
jual wheeldop mercy terbaru harga termurah,Spare Part Mobil
jual ring terbaru harga termurah blibli,Lainnya
jual gerobak motor jualan original murah harga diskon mei,Lainnya
jual obat eximer termurah harga grosir terupdate blibli,Lainnya
cek saldo toll mudah cepat blibli friends,Lainnya
jual stok terbatas sunny sentra genesis rantai keteng,Lainnya
jual dinamo wiper suzuki apv terbaru harga termurah,Spare Part Mobil
jual ban mobil lt terbaru harga termurah,Spare Part Mobil
jual denso kabin filter ac mobil for toyota calya daihatsu sigra,Spare Part Mobil
jual cat agya red terbaru harga termurah blibli,Aksesoris Eksterior
jual mainan anak mobil dorongan tolo car mitsubishi pmb aki,Lainnya
jual bumper mobil triton terbaru harga termurah,Aksesoris Eksterior
promo dijual gorden kaca samping tirai jendela mobil universal,Aksesoris Interior
jual denso kabin filter ac mobil for toyota calya daihatsu sigra,Spare Part Mobil
jual aki mobil fortuner diesel gs astra premium,Spare Part Mobil
jual kampas rem mazda terbaru harga,Spare Part Mobil
jual map sensor grandmax terbaru harga termurah,Spare Part Mobil
jual denso kabin filter ac mobil for toyota calya daihatsu sigra,Spare Part Mobil
jual aki mobil fortuner diesel gs astra premium,Spare Part Mobil
jual honda brio satya seller honda bandung ibrm,Spare Part Mobil
promo dijual gorden kaca samping tirai jendela mobil universal,Aksesoris Interior
jual aki mobil toyota harrier gs astra aki kering ah,Spare Part Mobil
jual stok terbatas sunny sentra genesis rantai keteng,Spare Part Mobil
jual lampu wuling confero mika terbaru harga termurah,Spare Part Mobil
jual honda brio satya seller honda bandung ibrm,Spare Part Mobil
jual denso kabin filter ac mobil for toyota calya daihatsu sigra,Spare Part Mobil
jual deck honda supra fit terbaru harga termurah,Spare Part Mobil
jual alat stabiliser setrum listrik terbaru harga termurah,Spare Part Mobil
jual thermostat panther terbaru harga termurah,Spare Part Mobil
jual lampu kabin atoz terbaru harga termurah,Spare Part Mobil
jual lampu utama calya terbaru harga termurah,Spare Part Mobil
jual dekal stiker vario terbaru terbaru harga,Lainnya
jual cdi kijang terbaru harga termurah blibli,Spare Part Mobil
jual weds sport ring terbaru harga termurah,Spare Part Mobil
jual hidrolik jazz gk terbaru harga termurah blibli,Spare Part Mobil
jual cop busi terbaru harga termurah blibli,Spare Part Mobil
jual pro bl terbaru harga termurah blibli,Spare Part Mobil
jual rotak captiva diesel terbaru harga termurah,Spare Part Mobil
jual wheeldop mercy terbaru harga termurah,Spare Part Mobil
jual nakasone kampas rem mio terbaru harga termurah,Lainnya
jual as supra terbaru harga termurah,Lainnya
jual stiker airbus terbaru harga termurah blibli,Lainnya
jual knalpot ori terbaru harga termurah,Lainnya
jual maxxis terbaru harga termurah blibli,Lainnya
jual booster rem suzuki esteem terbaru harga termurah,Spare Part Mobil
jual kruk as full clutch zr terbaru harga termurah,Lainnya
jual dinamo wiper suzuki apv terbaru harga termurah,Spare Part Mobil
jual selang membran karbu terbaru harga termurah,Lainnya
jual karburator dellorto original terbaru harga,Lainnya
jual lis lampu panther terbaru harga termurah,Aksesoris Eksterior
jual fortis velg terbaru harga termurah blibli,Spare Part Mobil
jual cv joint chevrolet spin at terbaru harga termurah,Spare Part Mobil
review mobil audi spesifikasi kelebihan kekurangan,Lainnya
jual spion toyota calya type-tipe,Spare Part Mobil
jual hi mohon baca produk original sta,Spare Part Mobil
jual produk silicon termurah terlengkap mei bukalapak,Aksesoris Eksterior
jual cat air cat tembok dekorasi poster lukis melukis aga cc,Lainnya
jual motor spion elektrik mirror vios komplit saklar lapak power,Lainnya
jual produk tabung power steering stir minyak termurah,Spare Part Mobil
jual tromol brake drum daihatsu zebra espass good,Spare Part Mobil
jual spion toyota calya type-tipe,Spare Part Mobil
jual produk stir accord termurah terlengkap,Spare Part Mobil
jual produk stir steering honda accord termurah,Spare Part Mobil
jual produk garpu kopling manual termurah terlengkap mei,Spare Part Mobil
jual hi mohon baca produk original sta,Spare Part Mobil
jual produk tabung power steering stir minyak termurah,Spare Part Mobil
jual produk kamera cctv cmos termurah terlengkap mei,Lainnya
jual produk silicon termurah terlengkap mei bukalapak,Aksesoris Eksterior
jual ember plastik abu tong air liter tutup murah,Lainnya
jual handle bagasi handle pintu vitara sidekick,Spare Part Mobil
jual handle bagasi handle pintu vitara sidekick,Spare Part Mobil
jual hi mohon baca produk original sta,Spare Part Mobil
jual cat air cat tembok dekorasi poster lukis melukis aga cc,Lainnya
jual cat air cat tembok dekorasi poster lukis melukis aga cc,Lainnya
jual striping honda scoopy stylish stiker lis motor standar,Lainnya
jual sayap wing suzuki ma original lapak chile motor,Lainnya
jual sepatu sendal gunung pria sendal outdoor sandal gunung,Lainnya
jual fuel pump avanza xenia baleno futura injection soket,Spare Part Mobil
jual handle bagasi handle pintu vitara sidekick,Spare Part Mobil
jual paking rasio garndan genio bea led beat,Lainnya
jual cat air cat tembok dekorasi poster lukis melukis aga cc,Lainnya
jual produk tabung power steering stir minyak termurah,Spare Part Mobil
jual hi mohon baca produk original sta,Spare Part Mobil
jual produk karet boot garpu kopling canter termurah,Spare Part Mobil
jual spion toyota calya type-tipe,Spare Part Mobil
jual paking rasio garndan genio bea led beat,Lainnya
jual spion toyota calya type-tipe,Spare Part Mobil
jual hi mohon baca produk original sta,Spare Part Mobil
jual asli sunvisor sun visor kiri lh left toyota kijang,Spare Part Mobil
jual door lockkunci pintu toyota kijang laisin,Spare Part Mobil
jual ball joint kiri toyota camry japan,Spare Part Mobil
jual setang kipas kacagagang wiper arm toyota kijang kota,Spare Part Mobil
jual blade wiper set kijang kapsul kanan kiri original toyota,Spare Part Mobil
jual klep in etios valco original gudang toyota,Spare Part Mobil
jual velg original copotan mobil toyota raize ring pcd,Spare Part Mobil
jual accu basah toyota jakarta,Spare Part Mobil
jual knuckle roda kanan forklift toyota kota,Spare Part Mobil
jual dinamo retract motor lipat spion toyota honda freed,Spare Part Mobil
jual plat stelan kampas rem toyota avanza xenia ori,Spare Part Mobil
jual bearing camry terlengkap harga murah mei cicil,Spare Part Mobil
jual spiral coil spring toyota innova bensin diesel,Spare Part Mobil
jual caliper kit cakram daihatsu taft gt,Spare Part Mobil
jual gril grile grill radiator daihatsu luxio original jakarta utara,Aksesoris Eksterior
jual cat mobil daihatsu sirion dark purple kota lubuk,Aksesoris Eksterior
promo daihatsu terios pt super logistik mandiri cicil,Kendaraan
jual tutup oli mesin daihatsu xenia cc kota,Spare Part Mobil
jual fuel pump pompa bensin membran daihatsu zebra,Spare Part Mobil
jual seal klep daihatsu zebra espass original,Spare Part Mobil
jual fuse box kotak rumah sekring sikring bok daihatsu ferosa,Spare Part Mobil
jual kampas kopling dekrup kopling set daihatsu sirion original,Spare Part Mobil
jual spion lampu sein sen kiri daihatsu gran max grandmax,Spare Part Mobil
jual headlamp head lamp lampu daihatsu zebra jumbo,Spare Part Mobil
review seragam kemeja daihatsu salesforce standard wanita,Lainnya
jual setang kipas kacagagang wiper arm toyota kijang kota,Spare Part Mobil
jual selang hawa filter udara zebra jumbo bodytech kota,Spare Part Mobil
jual kabel busi zebra espass feroza classy,Spare Part Mobil
jual saklar sakelar lampu sen sein taft gt set tinggal pasang,Spare Part Mobil
jual kabel kilometer speedometer xenia avanza original asli ori,Spare Part Mobil
jual tutup timing belt xenia asli ori original jakarta,Spare Part Mobil
jual gardan xenia terlengkap harga murah april cicil,Spare Part Mobil
jual casing transmisi manual honda mobilio brio,Spare Part Mobil
jual sensor parkir mundur honda hrv mobilio brv,Spare Part Mobil
jual velg mobil warna gold hsr srd ring pelk brio agya jazz,Spare Part Mobil
jual cover tutup engsel roof atap pintu bagasi,Spare Part Mobil
jual tutup karet cowl panggangan sate bag kanan honda accord,Spare Part Mobil
jual lampu honda hrv sebelah kiri original kota bekasi,Spare Part Mobil
jual motor dinamo wiper wifer honda hrv hr prestige,Spare Part Mobil
jual lahar bearing roda honda crv re gen crv ori,Spare Part Mobil
jual karet seal kit kaliper rem accord maestro cielo,Spare Part Mobil
jual cover arm tutup wiper honda mobilio original,Spare Part Mobil
jual fuel filter filter bahan bakar bensin honda crv gen city,Spare Part Mobil
jual tutup oli mesin cilinder head cap oil filler honda city,Spare Part Mobil
jual master kopling crv trw cowok assy,Spare Part Mobil
jual saringan filter pompa bensin fuel pump teh celup honda,Spare Part Mobil
jual velg mobil palang mobil honda jazz brio city kota,Spare Part Mobil
jual soket bohlam lampu sein sen head lamp headlamp,Spare Part Mobil
jual karet roof list talang air kabin atap kanan honda city ori,Spare Part Mobil
jual emblem logo lambang bagasi honda civic fb,Aksesoris Eksterior
jual lampu sein sen corner lamp honda accord,Spare Part Mobil
jual stiker body samping mobil honda brio cutting stiker striping,Spare Part Mobil
jual miniatur diecast mobil honda civic jepang skala,Lainnya
jual kuku hyundai jakarta barat,Aksesoris Eksterior
jual seal kruk as hyundai bensin asli jakarta utara,Spare Part Mobil
jual stiker pelindung sill plate pintu mobil hyundai grand avega,Aksesoris Eksterior
jual stiker pelindung sill plate pintu mobil hyundai stargazer,Aksesoris Eksterior
jual dop velg hyundai atoz ukuran jakarta timur,Spare Part Mobil
jual miniatur diecast mobil honda civic jepang skala,Lainnya
jual handle bukaan pintu grandmax asli ori original,Aksesoris Eksterior
jual bushing flange kuping jakarta barat,Spare Part Mobil
jual gasket packing paking bak carter karter pan oli teana,Spare Part Mobil
jual brake pad kampas rem kampas kanvas rem cakram,Spare Part Mobil
jual lampu rem stop ps canter fuso cpu original ori,Spare Part Mobil
jual beras bmw liter murah berkualitas kota tangerang,Lainnya
promo bmw montblanc business card holder cicil jakarta,Spare Part Mobil
jual karet stabil bmw jakarta pusat bmw,Spare Part Mobil
jual bahan kain jok mobil fabric hitam salur biru cocok,Aksesoris Interior
jual kaos kerah cotton polo shirt mobil bmw putih jakarta,Lainnya
jual velg mobil baut bmw bmw type,Spare Part Mobil
jual stiker cutting logo bmw nurburgring kota pasuruan,Aksesoris Eksterior
jual vanity lampu light kaca sunvisor mini cooper,Spare Part Mobil
jual lampu tembak led bar lengkung mobil offroad sinar putih,Spare Part Mobil
jual lampu sein sen corner lamp honda accord,Spare Part Mobil
jual dop center roda velg terlengkap harga murah mei,Spare Part Mobil
jual cover busi mercy masterpiece original jakarta selatan,Spare Part Mobil
jual in valve klep minyak ae om mercymercedes,Spare Part Mobil
jual selang kopling fte truk mercymercedez,Spare Part Mobil
jual mercedes benz class hot wheels murah terbaik harga,Lainnya
jual kunci shock velg mobil kunci roda ukuran mobil mercy,Lainnya
jual bahan kain jok mobil fabric hitam salur biru cocok,Aksesoris Interior
jual gigi susun counter gear mitsubishi gear gigi lurus,Spare Part Mobil
jual pa premium quality selimut dewasa bulu super lembut motif,Lainnya
jual jada vw bus kota tangerang selatan shallow,Lainnya
jual donaldson filter udara argo kota tangerang,Lainnya
jual velg original copotan mobil toyota raize ring pcd,Spare Part Mobil
jual alat pembersih jalan tekanan nozzle,Lainnya
jual poster aesthetic pcs theme kuning kab bantul topskul,Lainnya
jual tas kunci mobil kulit warna logo casing isuzu dmax,Lainnya
jual lampu plafon carry futura jakarta,Spare Part Mobil
jual booster assy carry futura boster master rem carry futura,Spare Part Mobil
jual velg enkei rpf ring lebar pnp ertiga innova terios xpander,Spare Part Mobil
jual paking set carry merk eristic,Spare Part Mobil
jual sunvisor kiri lh suzuki jimny katana ori asli original jakarta,Spare Part Mobil
jual frame head unit escudo silver suzuki original ori,Aksesoris Interior
jual bcm suzuki carry pick up barang sgp original ori asli,Spare Part Mobil
jual rotak fuel pump pompa bensin carry extra carry carry,Spare Part Mobil
jual coil koil pengapian apv baleno futura injeksi swift aerio seiwa,Spare Part Mobil
jual karet stabilizer aerio baleno nexg mount stabilizer bar,Spare Part Mobil
jual engine mounting baleno old aerio sgp original ori asli,Spare Part Mobil
jual handle handel tarikan pintu baleno th abu,Spare Part Mobil
jual tutup tabung minyak rem ertiga cap reservoir sgp original,Spare Part Mobil
jual promo grill garnis escudo model prado,Aksesoris Eksterior
jual karpet karet potong transparan bening mobil ertiga,Spare Part Mobil
jual kul stater starter arang stater starter zebra carry cary,Spare Part Mobil
jual bracket braket breket baut ban serep futura carry original,Spare Part Mobil
jual speedometer speedo meter carry futura injeksi digital orginal,Spare Part Mobil
jual coil koil kuil ertiga splash cadic ori original asli jakarta pusat,Spare Part Mobil
jual ic regulator ic cas dinamo starter carry original ori,Spare Part Mobil
jual kabel kap motor katana original,Lainnya
jual baut roda mitsubishi original lelang kota,Spare Part Mobil
jual lampu plafon abu-abu asli mitsubishi pajero sport xpander,Spare Part Mobil
jual selang power steering tabung pompa asli mitsubishi kuda,Spare Part Mobil
jual gigi atrek gigi mundur mitsubishi original,Spare Part Mobil
jual lampu reflektor strada triton set lh rh original mitsubishi,Spare Part Mobil
jual selang hawa filter udara mitsubishi jetstar kota semarang,Spare Part Mobil
jual ring as roda ring bagong mitsubishi canter,Spare Part Mobil
jual lampu stop lamp asli mitsubishi pajero sport kiri,Spare Part Mobil
jual mudguard karpet roda asli mitsubishi pajero sport,Aksesoris Interior
jual keong spiral mitsubishi pajero sport jakarta,Spare Part Mobil
jual mesin komplit mitsubishi xpander kota bekasi alanmotors,Spare Part Mobil
jual knob ac xpander asli mitsubishi jakarta pusat,Spare Part Mobil
jual tongkol gardan mitsubishi tayo fn,Spare Part Mobil
jual glow plug busi pemanas mitsubishi pajero did,Spare Part Mobil
jual transmisi assy mitsubishi tayo model tromol,Spare Part Mobil
jual thermostat termostat mitsubishi kuda colt,Spare Part Mobil
jual gigi susun counter gear mitsubishi gear gigi lurus,Spare Part Mobil
jual baut flywheel matic mitsubishi pajero sport,Spare Part Mobil
jual sun visor xpander pelindung panas xpander ori mitsubishi,Spare Part Mobil
jual water pump pompa air mitsubishi kuda bensin npw,Spare Part Mobil
jual foglamp lampu kabut kanan asli mitsubishi lancer evo,Spare Part Mobil
jual gantungan kopel center bearing mitsubishi kuda bensin ori,Spare Part Mobil
jual spoiler moulding pintu kiri mitsubishi kuda grandia,Aksesoris Eksterior
jual thermostat mitsubishi ps turbo me ori asli original,Spare Part Mobil
jual bearing laher lahar transfer mitsubishi strada,Spare Part Mobil
jual baut buangan air radiator mitsubishi mirage jakarta pusat,Spare Part Mobil
jual selang oli cooler pajero sport strada triton lubang,Spare Part Mobil
jual bearing roda mazda vantrend,Spare Part Mobil
jual original ori asli kabel rem tangan hand rem lh mazda cronos,Spare Part Mobil
jual manifol minyak mazda zy manipol intek in plastik,Spare Part Mobil
jual brake central master rem ford escape mazda tribute,Spare Part Mobil
jual as roda cv joint kopel kanan mazda skyactiv,Spare Part Mobil
jual original ori asli arm gagang wiper mazda model,Spare Part Mobil
jual handle pintu kanan mazda ori original asli,Spare Part Mobil
jual knob ac xpander asli mitsubishi jakarta pusat,Spare Part Mobil
jual coil koil kuil ertiga splash cadic ori original asli jakarta pusat,Spare Part Mobil
jual jok mobil kulit paten innova zenix bahan microfiber vision,Aksesoris Interior
jual soket socket fitting bohlam lampu rem stop kaca,Spare Part Mobil
jual jok mobil kulit paten innova zenix bahan microfiber vision,Aksesoris Interior
jual paket seal sil as kruk ker as futura packing paking tutup klep,Spare Part Mobil
jual mitsuboshi belt belt kia carnival bensin jakarta,Spare Part Mobil
jual sillplate samping universal pijakan kaki mobil kia sonet,Aksesoris Eksterior
jual sensor parkir mundur honda hrv mobilio brv,Spare Part Mobil
jual paket seal sil as kruk ker as futura packing paking tutup klep,Spare Part Mobil
jual stiker pelindung sill plate pintu mobil hyundai stargazer,Aksesoris Eksterior
jual handle bukaan pintu grandmax asli ori original,Spare Part Mobil
jual original ori baki tatakan aki alas aki kia timor,Spare Part Mobil
jual stiker pelindung sill plate pintu mobil hyundai grand avega,Aksesoris Eksterior
jual rumah box filter udara wuling confero jakarta pusat,Spare Part Mobil
jual kap mesin wuling cortez original jakarta utara,Spare Part Mobil
jual filter oli wuling confero jakarta timur cun,Spare Part Mobil
jual switch oli wuling confero asli china jakarta pusat star,Spare Part Mobil
jual kaca spion wuling cortez cortes harga satuan kiri kota,Spare Part Mobil
jual stiker pelindung sill plate pintu mobil hyundai stargazer,Aksesoris Eksterior
jual talang air slim nissan evalia jakarta utara cahaya abadi,Spare Part Mobil
jual lampu honda hrv sebelah kiri original kota bekasi,Spare Part Mobil
jual accu basah toyota jakarta,Spare Part Mobil
promo daihatsu terios pt super logistik mandiri cicil,Kendaraan
jual plat stelan kampas rem toyota avanza xenia ori,Spare Part Mobil
jual kampas kopling dekrup kopling set daihatsu sirion original,Spare Part Mobil
jual karet gromet dudukan selang hawa filter udara calya sigra,Spare Part Mobil
jual karet roof list talang air kabin atap kanan honda city ori,Spare Part Mobil
promo metal jalan toyota kijang taiho japan diskon,Spare Part Mobil
jual aisin fan clutch kipas kopling innova bensin,Spare Part Mobil
jual wheel dop cover toyota terbaru harga termurah,Spare Part Mobil
jual aisin fan clutch kipas kopling innova bensin,Spare Part Mobil
jual best sale aki mobil toyota avanza rush gs mf aki kering,Spare Part Mobil
jual denso kabin filter ac mobil for toyota calya daihatsu sigra,Spare Part Mobil
jual foglamp agya terbaru harga termurah,Aksesoris Eksterior
jual kopling set zafira manual draglahar luk plat luk matahari luk,Spare Part Mobil
jual kondensor condensor radiator ac ford ranger seller,Spare Part Mobil
jual clutch cover dekrup matahari hino dutro exedy,Spare Part Mobil
jual kabel rem tangan sk jpn mazda kode seller,Spare Part Mobil
jual mika kaca lampu sein sen cover spion rush terios satuan,Spare Part Mobil
jual plat kopling matic terbaru harga termurah,Spare Part Mobil
jual connes retainer futura kya,Spare Part Mobil
jual scanner ford terbaru harga termurah,Lainnya
jual mobil daihatsu sigra terbaru harga termurah,Kendaraan
jual hood daihatsu terios terbaru harga termurah,Aksesoris Eksterior
jual sale aki mobil daihatsu ayla sigra yrv incoe mf,Spare Part Mobil
jual denso kabin filter ac mobil for toyota calya daihatsu sigra,Spare Part Mobil
jual foglamp agya terbaru harga termurah,Aksesoris Eksterior
jual kondensor condensor radiator ac ford ranger seller,Spare Part Mobil
jual kopling set zafira manual draglahar luk plat luk matahari luk,Spare Part Mobil
jual clutch cover dekrup matahari hino dutro exedy,Spare Part Mobil
jual aisin fan clutch kipas kopling innova bensin,Spare Part Mobil
jual best sale aki mobil toyota avanza rush gs mf aki kering,Spare Part Mobil
jual kabel rem tangan sk jpn mazda kode seller,Spare Part Mobil
promo aki mobil honda freed gs astra premium,Spare Part Mobil
jual grill honda brio terbaru harga termurah,Spare Part Mobil
jual baut pegangan ban serepcadangan original brio seller,Aksesoris Eksterior
jual duplikat remote mobil terbaru harga termurah,Aksesoris Eksterior
jual seal filter oli honda motor terbaru harga termurah,Spare Part Mobil
jual mika kaca lampu sein sen cover spion rush terios satuan,Aksesoris Eksterior
jual foglamp agya terbaru harga termurah,Aksesoris Eksterior
promo paket ban velg mobil ssw,Spare Part Mobil
jual denso kabin filter ac mobil for toyota calya daihatsu sigra,Spare Part Mobil
jual sale aki mobil daihatsu ayla sigra yrv incoe mf,Spare Part Mobil
jual shock mio gear terbaru harga termurah,Lainnya
jual aki mobil hyundai getz incoe mf astra aki kering,Spare Part Mobil
jual map sensor kia visto terbaru harga termurah,Spare Part Mobil
jual tombol bagasi kia picanto terbaru harga termurah,Spare Part Mobil
jual kopling set zafira manual draglahar luk plat luk matahari luk,Spare Part Mobil
jual aisin fan clutch kipas kopling innova bensin,Spare Part Mobil
jual clutch cover dekrup matahari hino dutro exedy,Spare Part Mobil
jual kabel rem tangan sk jpn mazda kode seller,Spare Part Mobil
jual best sale aki mobil toyota avanza rush gs mf aki kering,Spare Part Mobil
jual mika kaca lampu sein sen cover spion rush terios satuan,Spare Part Mobil
jual kabel set body fizr terbaru harga termurah,Spare Part Mobil
jual compresor ac amenity terbaru harga termurah,Spare Part Mobil
jual laher gir stater mio sporty terbaru harga termurah,Lainnya
jual knob persneling chevrolet spin terbaru harga,Spare Part Mobil
promo rojolele asli super beras kg diskon seller,Lainnya
jual scanner ford terbaru harga termurah,Lainnya
jual baut pegangan ban serepcadangan original brio seller,Aksesoris Eksterior
jual mainan sepeda sapi original terbaru harga promo murah,Lainnya
jual universal bumper clip variasi pengait klem kait celah body,Aksesoris Eksterior
jual mayones ml original murah harga diskon mei,Lainnya
jual buku katalog tralis canopy pagar balkon tangga besi,Lainnya
jual mainan keker original terbaru harga promo murah mei,Lainnya
jual universal bumper clip variasi pengait klem kait celah body,Aksesoris Eksterior
jual aki mobil suzuki aerio gs astra premium aki basah,Spare Part Mobil
jual water pump suzuki ertiga asli sgp seller shop,Spare Part Mobil
promo krem carry sarung stir mobil cover steer setir mobil,Aksesoris Interior
jual handle futura terbaru harga termurah blibli,Spare Part Mobil
jual compresor ac amenity terbaru harga termurah,Spare Part Mobil
jual aisin fan clutch kipas kopling innova bensin,Spare Part Mobil
jual kopling set zafira manual draglahar luk plat luk matahari luk,Spare Part Mobil
jual kondensor condensor radiator ac ford ranger seller,Spare Part Mobil
jual clutch cover dekrup matahari hino dutro exedy,Spare Part Mobil
jual kabel rem tangan sk jpn mazda kode seller,Spare Part Mobil
jual best sale aki mobil toyota avanza rush gs mf aki kering,Spare Part Mobil
jual dinamo starter suzuki futura terbaru harga,Spare Part Mobil
jual universal bumper clip variasi pengait klem kait celah body,Aksesoris Eksterior
jual foglamp agya terbaru harga termurah,Aksesoris Eksterior
jual bumper besi xpander terbaru harga termurah,Aksesoris Eksterior
jual duplikat remote mobil terbaru harga termurah,Aksesoris Eksterior
jual denso kabin filter ac mobil for toyota calya daihatsu sigra,Spare Part Mobil
promo metal jalan toyota kijang taiho japan diskon,Spare Part Mobil
jual baut pegangan ban serepcadangan original brio seller,Aksesoris Eksterior
jual kopling set zafira manual draglahar luk plat luk matahari luk,Spare Part Mobil
jual kondensor condensor radiator ac ford ranger seller,Spare Part Mobil
jual clutch cover dekrup matahari hino dutro exedy,Spare Part Mobil
jual dinamo starter suzuki futura terbaru harga,Spare Part Mobil
jual kabel rem tangan sk jpn mazda kode seller,Spare Part Mobil
jual duplikat remote mobil terbaru harga termurah,Aksesoris Eksterior
jual denso kabin filter ac mobil for toyota calya daihatsu sigra,Spare Part Mobil
jual aki mobil hyundai getz incoe mf astra aki kering,Spare Part Mobil
jual scanner ford terbaru harga termurah,Lainnya
jual best sale aki mobil toyota avanza rush gs mf aki kering,Spare Part Mobil
jual honda br-v seller honda bandung ibrm,Kendaraan
jual aki mobil hyundai getz incoe mf astra aki kering,Spare Part Mobil
jual kondensor condensor radiator ac ford ranger seller,Spare Part Mobil
jual kopling set zafira manual draglahar luk plat luk matahari luk,Spare Part Mobil
jual clutch cover dekrup matahari hino dutro exedy,Spare Part Mobil
jual aisin fan clutch kipas kopling innova bensin,Spare Part Mobil
jual kabel rem tangan sk jpn mazda kode seller,Spare Part Mobil
jual best sale aki mobil toyota avanza rush gs mf aki kering,Spare Part Mobil
jual honda br-v seller honda bandung ibrm,Kendaraan
jual denso kabin filter ac mobil for toyota calya daihatsu sigra,Spare Part Mobil
jual mika kaca lampu sein sen cover spion rush terios satuan,Spare Part Mobil
jual stiker cbr thn terbaru harga termurah,Lainnya
jual kabel set body fizr terbaru harga termurah,Spare Part Mobil
jual mirai mr terbaru harga termurah,Spare Part Mobil
jual kzl terbaru harga termurah blibli,Spare Part Mobil
jual compresor ac amenity terbaru harga termurah,Spare Part Mobil
jual ecu terbaru harga termurah blibli,Spare Part Mobil
jual laher gir stater mio sporty terbaru harga termurah,Lainnya
jual kompresor nlg hp terbaru harga termurah,Lainnya
jual sany terbaru harga termurah blibli,Spare Part Mobil
jual tombol bagasi kia picanto terbaru harga termurah,Spare Part Mobil
jual stang seher yamaha freego terbaru harga termurah,Lainnya
jual yamaha filano tangerang terbaru harga termurah,Lainnya
jual kompresor diesel hp terbaru harga termurah,Lainnya
jual switch saklar power window toyota kijang original,Spare Part Mobil
jual evaporator ac mobil toyota avanza lapak hnr indonesia,Spare Part Mobil
jual dudukan breket ring fog lamp foglamp toyota yaris,Spare Part Mobil
jual beli kaos kaos komunitas mobil produk bukalapak,Lainnya
jual alternator dinamo ampere mithubishi galant lele asli,Spare Part Mobil
jual gear gigi sensor cranskhaft kruk as mithubishi galant,Spare Part Mobil
jual produk lampu avanza old termurah terlengkap mei,Spare Part Mobil
jual motor spion elektrik mirror vios komplit saklar lapak power,Lainnya
jual alternator dinamo ampere mithubishi galant lele asli,Spare Part Mobil
jual switch saklar power window toyota kijang original,Spare Part Mobil
jual gear gigi sensor cranskhaft kruk as mithubishi galant,Spare Part Mobil
jual visor aerox model lis warna hitam doff visor,Lainnya
jual stik karet colokan oli tutup oli matic brio mobilio brv hrv,Spare Part Mobil
jual alternator dinamo ampere mithubishi galant lele asli,Spare Part Mobil
jual gear gigi sensor cranskhaft kruk as mithubishi galant,Spare Part Mobil
jual produk oli rumah filter oli termurah terlengkap mei,Spare Part Mobil
jual beli kaos kaos komunitas mobil produk bukalapak,Lainnya
jual dudukan breket ring fog lamp foglamp toyota yaris,Aksesoris Eksterior
jual sensor cranskhaft kruk as mithubishi galant lele asli,Aksesoris Eksterior
jual visor aerox model lis warna hitam doff visor,Lainnya
jual timing belt kia carnival sedona bensin,Spare Part Mobil
jual alternator dinamo ampere mithubishi galant lele asli,Spare Part Mobil
jual gear gigi sensor cranskhaft kruk as mithubishi galant,Spare Part Mobil
jual sensor cranskhaft kruk as mithubishi galant lele asli,Aksesoris Eksterior
jual produk oli rumah filter oli termurah terlengkap mei,Spare Part Mobil
jual produk oli rumah filter oli termurah terlengkap mei,Spare Part Mobil
jual sepatu sendal gunung pria sendal outdoor sandal gunung,Lainnya
jual fuel pump avanza xenia baleno futura injection soket,Spare Part Mobil
jual switch saklar power window toyota kijang original,Spare Part Mobil
jual visor aerox model lis warna hitam doff visor,Lainnya
jual kuas cat paint brush inch koas zz one lapak,Lainnya
jual evaporator ac mobil toyota avanza lapak hnr indonesia,Spare Part Mobil
jual produk lampu avanza old termurah terlengkap mei,Spare Part Mobil
jual baut gigi gardan gear set mitsubishi canter,Spare Part Mobil
jual seal kuda diesel solar original resmi,Spare Part Mobil
jual sensor cranskhaft kruk as mithubishi galant lele asli,Aksesoris Eksterior
jual alternator dinamo ampere mithubishi galant lele asli,Spare Part Mobil
jual dudukan breket ring fog lamp foglamp toyota yaris,Aksesoris Eksterior
jual switch saklar power window toyota kijang original,Spare Part Mobil
jual gear gigi sensor cranskhaft kruk as mithubishi galant,Spare Part Mobil
jual produk oli rumah filter oli termurah terlengkap mei,Spare Part Mobil
jual timing belt kia carnival sedona bensin,Spare Part Mobil
jual emblem logo black chrome toyota sienta,Aksesoris Eksterior
jual washer pump motor pompa air toyota,Spare Part Mobil
jual kunci kontak set toyota dyna saurus kab bogor,Aksesoris Eksterior
jual selang angin tutup klepselang ventilator toyota kijang,Spare Part Mobil
jual kabel transmisi toyota starlet pendek,Spare Part Mobil
jual metal duduk main bearing toyota avanza,Spare Part Mobil
jual seal crankshaft kruk as kijang toyota,Spare Part Mobil
jual karet pintu kiri kanan toyota hino dutro ht ori,Spare Part Mobil
jual kampas kopling matic forklift toyota kota,Spare Part Mobil
jual velg ori toyota raize ring ban kota,Spare Part Mobil
jual paking set gasket full set packing daihatsu,Spare Part Mobil
jual sarung mobil daihatsu sirion strip warna body,Aksesoris Eksterior
jual velg ori daihatsu terios ring baut ban kota,Spare Part Mobil
jual panel speedometer custom daihatsu luxio garansi,Aksesoris Interior
jual selang angin tutup klepselang ventilator toyota kijang,Spare Part Mobil
jual piston set original taft gt rokky hiline delta dl ori original,Spare Part Mobil
jual wheel cilinder brake master rem taft gt feroza,Spare Part Mobil
jual timing belt set taft gt rocky independent original asli,Spare Part Mobil
jual console box luxio ori original asli jakarta pusat senen jaya,Aksesoris Interior
jual motor power window kanan rush terios original asli ori,Spare Part Mobil
jual kunci pintu granmax grandmax gran max kiri merk laisin,Spare Part Mobil
jual filter saringan fuel pump pompa bensin calya sigra original,Spare Part Mobil
jual dinamo stater starter grand max luxio original ori asli,Spare Part Mobil
jual metal duduk main bearing toyota avanza,Spare Part Mobil
jual brakepad kampas rem rush terios ori asli original,Spare Part Mobil
jual tutup as roda terlengkap harga murah mei,Spare Part Mobil
jual sensor oxygen ayla agya automatic original asli ori,Aksesoris Eksterior
jual kunci bagasi lock bagasi honda city idsi vtec civic es vti kota,Spare Part Mobil
jual pcv valve katup udara angin crv gen civic stream,Spare Part Mobil
jual seal oring cylinder head tutup noken as honda accord civic,Spare Part Mobil
jual karet tutup abu karet spiral shock breaker kiri civic,Spare Part Mobil
jual oil pump pompa oli mesin honda brio mobilio freed jazz,Spare Part Mobil
jual aki mobil alphard accord camry gs mf,Spare Part Mobil
jual velg mobil ssw velg innova civic terios rush hrv,Spare Part Mobil
jual velg ssr type velg racing ring brio city jazz yaris,Spare Part Mobil
jual soket socket fitting bohlam lampu bagasi honda,Spare Part Mobil
jual velg mobil racing ring brio city jazz yaris vios,Spare Part Mobil
jual velg racing enkei velg mobil innova hrv civic,Spare Part Mobil
jual karet pintu kanan accord original asli ori jakarta,Spare Part Mobil
jual velg mobil enkei tulang velg ring civic mazda,Spare Part Mobil
jual velg racing bbs lm velg mobil innova civic hrv creta,Spare Part Mobil
jual metal duduk os standard honda city city jakarta,Spare Part Mobil
jual ball joint join arm accord cielo accord maestro,Spare Part Mobil
jual kabel cabel gigi persneling versneling transmisi manual,Spare Part Mobil
jual mud guard karet karpet kepet penahan lumpur roda,Aksesoris Eksterior
jual velg mobil copotan brio rs ring lubang ban,Spare Part Mobil
jual velg enkei terlengkap harga murah april cicil,Spare Part Mobil
jual seragam kemeja hyundai standard navy lengan pendek,Lainnya
jual sprocket hyundai jakarta pusat,Spare Part Mobil
jual karpet dasar peredam super mobil sedan hyundai,Aksesoris Interior
jual tali kabel kopling hyundai atoz cc kia visto korea,Spare Part Mobil
jual motor fan kipas kipas ac radiator kia visto hyundai atoz,Spare Part Mobil
jual bearing support shock hyundai atoz kia visto ori,Spare Part Mobil
jual coil koil booster kia picanto rio morning hyundai,Spare Part Mobil
jual fuel filter saringan oli solar ori original asli hyundai,Spare Part Mobil
jual velg racing mobil hyundai accent kota cimahi,Spare Part Mobil
jual ecu hyundai manual jakarta timur mototronik oto,Spare Part Mobil
jual selang radiator eterna dohc ori asli original jakarta,Spare Part Mobil
jual pelindung sinar matahari mobil pelindung silau,Spare Part Mobil
jual karpet dasar mobil yaris bakpao super peredam,Aksesoris Interior
jual topi pria terbaru puma original bmw mms fb cap,Lainnya
jual shock breaker absorber bmw original ori,Spare Part Mobil
jual iklan mobil mercedes-benz e-class kota malang,Lainnya
jual mud guard karet karpet kepet penahan lumpur roda,Aksesoris Eksterior
jual kaos kerah pria polo shirt polo ralph lauren kuda putih,Lainnya
jual cup bottle holder cangkir mobil universal,Aksesoris Interior
jual jual second bekas preloved merah mainan anak,Lainnya
jual tutup as roda terlengkap harga murah mei,Spare Part Mobil
jual tombol starter rdm china mercymercedez,Spare Part Mobil
jual aerogin puffs mercedes kota tangerang nsmart_id,Spare Part Mobil
jual tas golf mercedes benz hitam kota,Lainnya
jual baut roda china bis truk mercymercedez,Spare Part Mobil
jual bos waterpump lokal bis,Spare Part Mobil
jual mobil majorette diecast mercedes benz sprinter dhl bunyi,Lainnya
jual switch swith saklar sakelar tombol lampu hazard mercedes,Spare Part Mobil
jual baut roda mobil mercy gemuk mur roda velg mobil,Spare Part Mobil
jual bumper bember mercy tiger depanbelakang bonus kaos hd,Lainnya
jual iklan mobil mercedes-benz cls kota malang,Lainnya
jual iklan mobil mercedes-benz e-class kota malang,Lainnya
jual delium evoraze ring ukuran ban mobil,Spare Part Mobil
jual velg racing palang mobilio karimun carry kota,Spare Part Mobil
jual brake lining kampas rem only rca dyna,Spare Part Mobil
jual karet tutup lubang lantai suzuki carry futura diameter,Spare Part Mobil
jual kipas fan daun kipas radiator carrymega carry original,Spare Part Mobil
jual daun kipas fan ertiga ac mobil kota medan nbtech ac mobil,Spare Part Mobil
jual draglahar laher laker bearing kopling pilot bearing baleno,Spare Part Mobil
jual hub lahar bearing roda suzuki grand vitara ori,Spare Part Mobil
jual dinamo starter suzuki sx sx neo baleno sgp asli ori,Spare Part Mobil
jual tutup radiator sedan mobil avanza terios rush ertiga,Spare Part Mobil
jual dinamo starter suzuki carry sgp asli ori original jakarta,Spare Part Mobil
jual tabung as shockbreaker shock breaker carry,Spare Part Mobil
jual bearing laher worm worem as stir steer carry extra,Spare Part Mobil
jual pulley pully tensioner setelan suzuki grand vitara,Spare Part Mobil
jual velg mobil std baleno lebar kota,Spare Part Mobil
jual velg racing palang mobilio karimun carry kota,Spare Part Mobil
jual cover tutup dashboard kiri non airbag suzuki ertiga original,Spare Part Mobil
jual selang bensin neo baleno sgp original ori asli jakarta,Spare Part Mobil
jual cover tutup laci carry pick up tayo ori original jakarta,Spare Part Mobil
jual joint stabilizer ertiga sgp original ori asli jakarta,Spare Part Mobil
jual sensor oxygen sensor oksigen suzuki ertiga original,Spare Part Mobil
jual jual dinamo motor fan kipas radiator ac suzuki,Spare Part Mobil
jual knalpot katana high quality jakarta pusat timur jaya,Lainnya
jual gigi atrek gigi mundur mitsubishi original,Spare Part Mobil
jual rectifier silikon mitsubishi kota,Spare Part Mobil
jual spion mirage terlengkap harga murah mei cicil,Spare Part Mobil
jual clutch booster master kopling mitsubishi fuso,Spare Part Mobil
jual dinamo starter mitsubishi,Spare Part Mobil
jual gear set gigi gardan mitsubishi futura,Spare Part Mobil
jual wheel hubnap roda mitsubishi strada jakarta,Spare Part Mobil
jual paket spidometer stir mitsubishi pajero sport facelift,Spare Part Mobil
jual as cabin as torsi as torsion mitsubishi,Spare Part Mobil
jual ecu unit computer mitsubishi injeksi asli,Spare Part Mobil
jual seal sil klep kelep in ex mitsubishi galant hiu nok jakarta,Spare Part Mobil
jual lampu stop lamp lamp led mitsubishi triton,Spare Part Mobil
jual saklar switch signal lampu mitsubishi eterna ori original asli,Spare Part Mobil
jual filter saringan udara air cleaner mitsubishi lancer evo,Spare Part Mobil
jual keong spiral mitsubishi pajero sport,Spare Part Mobil
jual engine mounting monting kiri transmisi mitsubishi lancer,Spare Part Mobil
jual dinamo wiper motor mitsubishi bensin ori asli,Spare Part Mobil
jual fan clutch kopling kipas radiator mitsubishi diesel,Spare Part Mobil
jual sensor cmp camshaft mitsubishi galant ori original asli,Spare Part Mobil
jual baut servo stelan setelan angin langsam throttle lancer evo,Spare Part Mobil
jual stiker bemper mazda biante skyactiv sticker bumper,Aksesoris Eksterior
jual bumper mazda skyactiv jakarta barat babaut,Spare Part Mobil
jual tensioner set mobil mazda cronos,Spare Part Mobil
jual emblem logo tulisan bagasi mazda cx original ori asli,Aksesoris Eksterior
jual piston caliper kaliper rem mobil mazda ford laser,Spare Part Mobil
jual mazda miata penutup kait mata derek bumper,Aksesoris Eksterior
jual paket oriseal sil injector injektor mazda familia lantis ori,Spare Part Mobil
jual unifar shockbreaker shock breaker ford fiesta mazda,Spare Part Mobil
jual velg mobil enkei tulang velg ring civic mazda,Spare Part Mobil
jual kit carburator karburator ford laser mazda elite,Spare Part Mobil
jual pompa ban michelin terlengkap harga murah mei,Lainnya
jual wheel hubnap roda mitsubishi strada jakarta,Spare Part Mobil
jual paket spidometer stir mitsubishi pajero sport facelift,Spare Part Mobil
jual velg enkei terlengkap harga murah april cicil,Spare Part Mobil
jual kondensor condensor ac mobil universal ukuran,Spare Part Mobil
jual coil koil booster kia picanto rio morning hyundai,Spare Part Mobil
jual motor fan kipas kipas ac radiator kia visto hyundai atoz,Spare Part Mobil
jual tali kabel kopling hyundai atoz cc kia visto korea,Spare Part Mobil
jual brake pad kampas rem cakram wuling confero,Spare Part Mobil
jual diecast mobil wuling mini ev miniatur mobil,Lainnya
jual sarung jok mobil corolla twincam kab bekasi,Aksesoris Interior
jual mud guard karet karpet kepet penahan lumpur roda,Aksesoris Eksterior
jual velg racing mobil hyundai accent kota cimahi,Spare Part Mobil
jual velg racing bbs lm velg mobil innova civic hrv creta,Spare Part Mobil
jual brakepad kampas rem rush terios ori asli original,Spare Part Mobil
jual led mainan kapal pesiar elektrik ocean liner kapas pesiar,Lainnya
jual seragam kemeja hyundai standard navy lengan pendek,Lainnya
jual kampas rem hilux vigo fortuner vnt ori asli,Spare Part Mobil
jual velg ori daihatsu terios ring baut ban kota,Spare Part Mobil
jual karpet karet roda kepet lumpur mud guard mobil universal,Aksesoris Eksterior
jual velg racing palang mobilio karimun carry kota,Spare Part Mobil
jual pelindung sinar matahari mobil pelindung silau,Spare Part Mobil
jual velg mobil std baleno lebar kota,Spare Part Mobil
jual sensor cmp camshaft mitsubishi galant ori original asli,Spare Part Mobil
jual aki mobil toyota land cruiser amaron hi-life,Spare Part Mobil
promo tali sling seling kawat bak toyota hilux single,Spare Part Mobil
promo doortrim toyota kijang super pintu diskon,Spare Part Mobil
jual kompresor ac toyota calya sigra denso asli seller,Spare Part Mobil
promo tanduk bumper mobil toyota kijang kapsul,Aksesoris Eksterior
promo deflekta cap mesin mobil toyota rush terios,Aksesoris Eksterior
promo tanduk bumper guard mobil toyota fortuner model,Aksesoris Eksterior
promo roof rack bagasi mobil toyota kijang kapsul model,Aksesoris Eksterior
promo karpet dasar mobil toyota rushterios sampe,Aksesoris Interior
promo kokpit tisu mobil toyota kijang grand kijang super,Aksesoris Interior
promo cross bar kaki rack bagasi mobil toyota avanza veloz,Aksesoris Eksterior
promo roof rack bagasi mobil toyota calya model rack jeck,Aksesoris Eksterior
promo rack bagasi mobil toyota kijang plus kaki merek buzz,Aksesoris Eksterior
jual run channel karet kaca kiri toyota hiace commuter,Spare Part Mobil
promo handle tarikan pintu toyota hardtop,Spare Part Mobil
jual grille radiator camry terbaru harga termurah,Spare Part Mobil
jual seragam wearpack original murah harga diskon mei,Lainnya
promo selang air radiator hose radiator no kijang,Spare Part Mobil
jual filter oli dyna sakura terbaru harga termurah,Spare Part Mobil
promo cover airbag stir daihatsu xenia sigra terios araryashop,Spare Part Mobil
promo pompa power steering ud truck nissan btx,Spare Part Mobil
promo rack end long tie rod kijang japan diskon,Spare Part Mobil
promo paket rwb hybrid wiper yaris lele,Spare Part Mobil
promo seal sel gardan kijang kapsul innova diskon seller,Spare Part Mobil
jual radiator peugeot manual seller tamsa shop menteng,Spare Part Mobil
promo tanduk bumper hilux pipa besi kacamata diskon,Aksesoris Eksterior
jual radiator mitsubishi ragasa seller shop,Spare Part Mobil
promo kaca spion hyundai seaesaw diskon seller,Spare Part Mobil
jual bearing kopling clutch laher suzuki ertiga up unifar,Spare Part Mobil
jual pipa engine oil coller water inlet triton pajero sport,Spare Part Mobil
jual best sale master kopling mercedes benz mini seller,Spare Part Mobil
promo karet balon bantalan bagasi luxio grndmax minibus,Spare Part Mobil
promo stir steer wheel steering pajero sport dakar facelift,Spare Part Mobil
jual terbaik stiker cover engine honda i-vtec honda civic crv,Aksesoris Eksterior
jual promo plat kopling disc clutch exedy hino lohan,Spare Part Mobil
jual mesin hino dutro terbaru harga termurah,Spare Part Mobil
jual wiper kijang kapsul set terbaru harga,Spare Part Mobil
jual stp synthetic motor oil ml oli mesin mobil matic,Oli dan Penghemat BBM
jual busi sigra terbaru harga termurah blibli,Spare Part Mobil
promo cover airbag stir daihatsu xenia sigra terios araryashop,Spare Part Mobil
promo karpet dasar mobil daihatsu espass seaesaw diskon,Aksesoris Interior
jual busi sigra terbaru harga termurah blibli,Spare Part Mobil
jual run channel karet kaca kiri toyota hiace commuter,Spare Part Mobil
promo seal sel gardan kijang kapsul innova diskon seller,Spare Part Mobil
jual radiator peugeot manual seller tamsa shop menteng,Spare Part Mobil
jual bearing kopling clutch laher suzuki ertiga up unifar,Spare Part Mobil
jual radiator mitsubishi ragasa seller shop,Spare Part Mobil
jual pipa engine oil coller water inlet triton pajero sport,Spare Part Mobil
jual seragam wearpack original murah harga diskon mei,Lainnya
jual seragam wearpack original murah harga diskon mei,Lainnya
jual promo plat kopling disc clutch exedy hino lohan,Spare Part Mobil
jual kompresor ac toyota calya sigra denso asli seller,Spare Part Mobil
jual best sale master kopling mercedes benz mini seller,Spare Part Mobil
jual sale pres kopling polos shacman faw,Spare Part Mobil
promo kabel set relay lampu tembak sorot klakson motor,Spare Part Mobil
promo selang air radiator hose radiator no kijang,Spare Part Mobil
promo tali sling seling kawat bak toyota hilux single,Spare Part Mobil
jual ban mobil pick up granmax terbaru harga termurah,Spare Part Mobil
promo body kit trisplang pintu honda mobilio,Aksesoris Eksterior
jual dinamo starter gp honda civic seller shop,Spare Part Mobil
jual terbaik stiker cover engine honda i-vtec honda civic crv,Aksesoris Eksterior
jual crv gen lamp terbaru harga termurah blibli,Spare Part Mobil
promo tanduk bumper hilux pipa besi kacamata diskon,Aksesoris Eksterior
promo jendela terpal kiri kanan re busi busi,Aksesoris Eksterior
promo kaca spion hyundai seaesaw diskon seller,Spare Part Mobil
promo kabel set relay lampu tembak sorot klakson motor,Spare Part Mobil
promo tanduk bumper guard mobil toyota fortuner model,Aksesoris Eksterior
jual baterai ups panasonic aki kering volt ah,Spare Part Mobil
jual saklar gepeng pin rocker switch off pipih,Spare Part Mobil
jual run channel karet kaca kiri toyota hiace commuter,Spare Part Mobil
jual jok tambahan baris terbaru harga termurah,Spare Part Mobil
promo lampu stop innova gred araryashop,Spare Part Mobil
promo bearing transmissi persneling katana diskon,Spare Part Mobil
promo karpet dasar mobil daihatsu espass seaesaw diskon,Aksesoris Interior
promo rack bagasi mobil toyota kijang plus kaki merek buzz,Aksesoris Eksterior
jual shock breaker aerox terbaru harga,Lainnya
jual grille radiator camry terbaru harga termurah,Spare Part Mobil
jual ban mobil achilles terbaru harga,Spare Part Mobil
jual batok supra fi original terbaru harga,Lainnya
jual manifold intake hyundai avega verna seller shop,Spare Part Mobil
promo kaca spion hyundai seaesaw diskon seller,Spare Part Mobil
jual radiator peugeot manual seller tamsa shop menteng,Spare Part Mobil
promo seal sel gardan kijang kapsul innova diskon seller,Spare Part Mobil
jual radiator mitsubishi ragasa seller shop,Spare Part Mobil
jual bearing kopling clutch laher suzuki ertiga up unifar,Spare Part Mobil
jual pipa engine oil coller water inlet triton pajero sport,Spare Part Mobil
jual best sale master kopling mercedes benz mini seller,Spare Part Mobil
jual sale pres kopling polos shacman faw,Spare Part Mobil
jual kompresor ac toyota calya sigra denso asli seller,Spare Part Mobil
jual promo plat kopling disc clutch exedy hino lohan,Spare Part Mobil
promo rack end long tie rod kijang japan diskon,Spare Part Mobil
promo bearing transmissi persneling katana diskon,Spare Part Mobil
promo kokpit tisu mobil toyota kijang grand kijang super,Aksesoris Interior
promo tanduk bumper hilux pipa besi kacamata diskon,Aksesoris Eksterior
promo roof rack bagasi mobil toyota calya model rack jeck,Aksesoris Eksterior
promo tanduk bumper guard mobil toyota fortuner model,Aksesoris Eksterior
jual terbaik stiker cover engine honda i-vtec honda civic crv,Aksesoris Eksterior
jual doorlock bmw terbaru harga termurah blibli,Spare Part Mobil
promo rojolele asli super beras kg diskon seller,Lainnya
jual beras liter harga normal stock mei blibli,Lainnya
promo kabel set relay lampu tembak sorot klakson motor,Spare Part Mobil
promo bearing transmissi persneling katana diskon,Spare Part Mobil
jual lego city hospital seller ibos store kamal,Lainnya
promo tiang lock kap mesin rush terios diskon,Spare Part Mobil
promo knop transmisi manual xpander sport diskon,Spare Part Mobil
promo karpet dasar mobil daihatsu espass seaesaw diskon,Aksesoris Interior
promo tanduk bumper mobil toyota kijang kapsul,Aksesoris Eksterior
promo kokpit tisu mobil toyota kijang grand kijang super,Aksesoris Interior
promo karpet dasar mobil suzuki karimun kotak seaesaw diskon,Aksesoris Interior
promo karpet dasar mobil toyota rushterios sampe,Aksesoris Interior
promo cross bar kaki rack bagasi mobil toyota avanza veloz,Aksesoris Eksterior
promo tiang lock kap mesin grand innova sale diskon,Spare Part Mobil
promo roof rack bagasi mobil toyota calya model rack jeck,Aksesoris Eksterior
promo rack bagasi mobil toyota kijang plus kaki merek buzz,Aksesoris Eksterior
promo boot cover tutup tongkat transmisi persneling innova,Aksesoris Interior
promo kabel transmisi kabel perseneling espass espass,Spare Part Mobil
iqoo harga spesifikasi terbaru mei blibli,Lainnya
jual best sale master kopling mercedes benz mini seller,Spare Part Mobil
promo kabel set relay lampu tembak sorot klakson motor,Spare Part Mobil
promo batok kepala plus reflektor lampu satria fu barong,Lainnya
promo bearing transmissi persneling katana diskon,Spare Part Mobil
promo tiang lock kap mesin rush terios diskon,Spare Part Mobil
promo knop transmisi manual xpander sport diskon,Spare Part Mobil
promo karpet dasar mobil toyota rushterios sampe,Aksesoris Interior
promo tanduk bumper mobil toyota kijang kapsul,Aksesoris Eksterior
promo kabel transmisi kabel perseneling espass espass,Spare Part Mobil
promo karpet dasar mobil daihatsu espass seaesaw diskon,Aksesoris Interior
promo tiang lock kap mesin grand innova sale diskon,Spare Part Mobil
promo boot cover tutup tongkat transmisi persneling innova,Aksesoris Interior
promo kokpit tisu mobil toyota kijang grand kijang super,Aksesoris Interior
promo kokpit tisu mobil toyota kijang grand kijang super,Aksesoris Interior
promo karpet dasar mobil suzuki karimun kotak seaesaw diskon,Aksesoris Interior
promo cross bar kaki rack bagasi mobil toyota avanza veloz,Aksesoris Eksterior
promo rack bagasi mobil toyota kijang plus kaki merek buzz,Aksesoris Eksterior
promo roof rack bagasi mobil toyota calya model rack jeck,Aksesoris Eksterior
promo no brand aki motor honda megapro monoshock verza,Lainnya
promo no brand aki motor supra baru+supra,Lainnya
jual doorlock bmw terbaru harga termurah blibli,Spare Part Mobil
jual roof rail suzuki terbaru harga termurah,Aksesoris Eksterior
jual bearing kopling clutch laher suzuki ertiga up unifar,Spare Part Mobil
promo lingkar stir ertiga tipe gl araryashop diskon,Spare Part Mobil
promo karpet dasar mobil suzuki karimun kotak seaesaw diskon,Aksesoris Interior
promo plat dudukan klakson segitiga carry katana,Spare Part Mobil
jual grill vitara terbaru harga termurah blibli,Spare Part Mobil
jual perkeong suzuki terbaru harga termurah,Spare Part Mobil
promo pedal gas colt diesel ragasa jungkit,Spare Part Mobil
jual sale pres kopling polos shacman faw,Spare Part Mobil
promo seal sel gardan kijang kapsul innova diskon seller,Spare Part Mobil
jual radiator peugeot manual seller tamsa shop menteng,Spare Part Mobil
jual radiator mitsubishi ragasa seller shop,Spare Part Mobil
jual pipa engine oil coller water inlet triton pajero sport,Spare Part Mobil
jual kompresor ac toyota calya sigra denso asli seller,Spare Part Mobil
jual promo plat kopling disc clutch exedy hino lohan,Spare Part Mobil
jual best sale master kopling mercedes benz mini seller,Spare Part Mobil
promo tanduk bumper mobil toyota kijang kapsul,Aksesoris Eksterior
promo tiang lock kap mesin rush terios diskon,Spare Part Mobil
promo knop transmisi manual xpander sport diskon,Spare Part Mobil
promo bearing transmissi persneling katana diskon,Spare Part Mobil
promo karpet dasar mobil daihatsu espass seaesaw diskon,Aksesoris Interior
promo paket rwb hybrid wiper yaris lele,Spare Part Mobil
promo karpet dasar mobil toyota rushterios sampe,Aksesoris Interior
promo cross bar kaki rack bagasi mobil toyota avanza veloz,Aksesoris Eksterior
promo tiang lock kap mesin grand innova sale diskon,Spare Part Mobil
promo roof rack bagasi mobil toyota calya model rack jeck,Aksesoris Eksterior
promo rack bagasi mobil toyota kijang plus kaki merek buzz,Aksesoris Eksterior
promo boot cover tutup tongkat transmisi persneling innova,Aksesoris Interior
promo kabel transmisi kabel perseneling espass espass,Spare Part Mobil
promo kokpit tisu mobil toyota kijang grand kijang super,Aksesoris Interior
promo rack end long tie rod kijang japan diskon,Spare Part Mobil
jual jok tambahan baris terbaru harga termurah,Spare Part Mobil
promo stir steer wheel steering pajero sport dakar facelift,Spare Part Mobil
promo kaca spion hyundai seaesaw diskon seller,Spare Part Mobil
jual ban mobil pick up granmax terbaru harga termurah,Spare Part Mobil
jual bumper cobra terbaru harga termurah,Spare Part Mobil
jual radiator mitsubishi ragasa seller shop,Spare Part Mobil
jual tutup radiator asli mitsubishi grandis lancer galant pajero,Spare Part Mobil
promo klakson canter mitsubishi araryashop,Spare Part Mobil
promo deflecta deflekta variasi kap mesin mobil mitsubishi triton,Spare Part Mobil
jual promo plafon atap canter turbo orsinil asli mitsubishi ktb,Spare Part Mobil
jual limited timing belt mitsubishi grandis asli,Spare Part Mobil
promo rack end long tie rod kijang japan diskon,Spare Part Mobil
jual run channel karet kaca kiri toyota hiace commuter,Spare Part Mobil
promo kaca spion hyundai seaesaw diskon seller,Spare Part Mobil
promo paket rwb hybrid wiper yaris lele,Spare Part Mobil
promo tanduk bumper hilux pipa besi kacamata diskon,Aksesoris Eksterior
promo tali sling seling kawat bak toyota hilux single,Spare Part Mobil
promo selang air radiator hose radiator no kijang,Spare Part Mobil
promo tanduk bumper guard mobil toyota fortuner model,Aksesoris Eksterior
promo lampu stop innova gred araryashop,Spare Part Mobil
jual terbaik stiker cover engine honda i-vtec honda civic crv,Aksesoris Eksterior
promo seal sel gardan kijang kapsul innova diskon seller,Spare Part Mobil
jual radiator peugeot manual seller tamsa shop menteng,Spare Part Mobil
jual bearing kopling clutch laher suzuki ertiga up unifar,Spare Part Mobil
jual pipa engine oil coller water inlet triton pajero sport,Spare Part Mobil
jual best sale master kopling mercedes benz mini seller,Spare Part Mobil
jual jual cool areng arang dinamo stater,Spare Part Mobil
promo pedal gas colt diesel ragasa jungkit,Spare Part Mobil
promo karet balon bantalan bagasi luxio grndmax minibus,Spare Part Mobil
jual mesin hino dutro terbaru harga termurah,Spare Part Mobil
jual aki incoe gold ah jabodetabek,Spare Part Mobil
jual seragam wearpack original murah harga diskon mei,Lainnya
promo motor fan mazda skyactiv orinal garansi diskon,Spare Part Mobil
promo doortrim toyota kijang super pintu diskon,Spare Part Mobil
promo lampu stop innova gred araryashop,Spare Part Mobil
jual run channel karet kaca kiri toyota hiace commuter,Spare Part Mobil
promo karet balon bantalan bagasi luxio grndmax minibus,Spare Part Mobil
jual kampas kopling set dekrup deklahar xpander pander ori,Spare Part Mobil
jual filter oli dyna sakura terbaru harga termurah,Spare Part Mobil
jual tutup radiator asli mitsubishi grandis lancer galant pajero,Spare Part Mobil
jual wuling formo mt mb seat seller wuling bandung,Kendaraan
promo seal sel gardan kijang kapsul innova diskon seller,Spare Part Mobil
jual radiator peugeot manual seller tamsa shop menteng,Spare Part Mobil
jual radiator mitsubishi ragasa seller shop,Spare Part Mobil
jual bearing kopling clutch laher suzuki ertiga up unifar,Spare Part Mobil
jual pipa engine oil coller water inlet triton pajero sport,Spare Part Mobil
jual kompresor ac toyota calya sigra denso asli seller,Spare Part Mobil
jual best sale master kopling mercedes benz mini seller,Spare Part Mobil
jual promo plat kopling disc clutch exedy hino lohan,Spare Part Mobil
promo pedal gas colt diesel ragasa jungkit,Spare Part Mobil
jual sale pres kopling polos shacman faw,Spare Part Mobil
jual aki mobil toyota land cruiser amaron hi-life,Spare Part Mobil
jual jok tambahan baris terbaru harga termurah,Spare Part Mobil
promo tanduk bumper mobil toyota kijang kapsul,Aksesoris Eksterior
promo karpet dasar mobil daihatsu espass seaesaw diskon,Aksesoris Interior
jual wuling formo mt mb seat seller wuling bandung,Kendaraan
promo rack end long tie rod kijang japan diskon,Spare Part Mobil
promo karet balon bantalan bagasi luxio grndmax minibus,Spare Part Mobil
promo kaca spion hyundai seaesaw diskon seller,Spare Part Mobil
promo tanduk bumper hilux pipa besi kacamata diskon,Aksesoris Eksterior
promo tanduk bumper guard mobil toyota fortuner model,Aksesoris Eksterior
jual terbaik stiker cover engine honda i-vtec honda civic crv,Aksesoris Eksterior
jual lampu rem variasi vario old terbaru harga,Lainnya
jual suzuki nex ii standar terbaru harga termurah,Kendaraan
jual striping satria fu fl terbaru harga termurah,Lainnya
jual motor honda pcx abs karawang terbaru harga,Lainnya
jual pengapian yz pnp fizr terbaru harga termurah,Spare Part Mobil
jual dokter martens the clash terbaru harga,Spare Part Mobil
jual batok kepala supra terbaru harga,Lainnya
jual grille radiator camry terbaru harga termurah,Spare Part Mobil
jual dudukan laher rumah kopling astrea terbaru harga,Lainnya
jual motor trail mini jaguar terbaru harga termurah,Spare Part Mobil
jual kiprok fukuyama beat terbaru harga termurah,Lainnya
jual oil cooler supra terbaru harga termurah,Spare Part Mobil
jual shock ohlins adv terbaru harga termurah,Spare Part Mobil
jual oli seal klx terbaru harga termurah,Lainnya
jual shock breaker aerox terbaru harga,Lainnya
jual speaker bekas tv sharp terbaru harga termurah,Spare Part Mobil
jual baut pembuangan oli mio terbaru harga termurah,Lainnya
jual ban mobil achilles terbaru harga,Spare Part Mobil
jual harga ban truk tronton terbaru harga termurah,Spare Part Mobil
jual ban honda jazz terbaru harga termurah,Spare Part Mobil
jual hino dutro hdx terbaru harga termurah,Spare Part Mobil
jual ban tractor terbaru harga termurah,Spare Part Mobil
jual mtm terbaru harga termurah blibli,Spare Part Mobil
promo batok kepala plus reflektor lampu satria fu barong,Lainnya
jual switch saklar power window toyota kijang original,Spare Part Mobil
jual mika stop lampu pcs kanan kiri rh lh toyota,Spare Part Mobil
jual produk karet stabil yaris termurah terlengkap mei,Spare Part Mobil
jual produk karet stabil yaris termurah terlengkap mei,Spare Part Mobil
jual servo egr inteke mithubishi galant lele asli garansi,Spare Part Mobil
jual paking manifol api ex hino lohan,Spare Part Mobil
jual produk trunk lid termurah terlengkap april,Spare Part Mobil
jual paking manifol api ex hino ranger,Spare Part Mobil
jual produk trunk lid cover termurah terlengkap mei,Spare Part Mobil
jual tuas tongkat operan gigi transmisi gearbox persneling matic,Spare Part Mobil
jual sikat lantai setrika dragon sikat tangan wc kamar mandi,Spare Part Mobil
jual produk piston matic transmisi termurah terlengkap mei,Spare Part Mobil
jual produk sticker stiker tempel mobil motor termurah,Spare Part Mobil
jual produk trunk lid cover termurah terlengkap mei,Spare Part Mobil
jual produk gigi susun taruna ori termurah terlengkap mei,Spare Part Mobil
jual switch saklar power window toyota kijang original,Spare Part Mobil
jual servo egr inteke mithubishi galant lele asli garansi,Spare Part Mobil
jual visor aerox model lis warna hitam doff visor,Lainnya
jual visor aerox model lis warna hitam doff visor,Lainnya
jual mika stop lampu pcs kanan kiri rh lh toyota,Spare Part Mobil
jual motor dinamo starter stater honda accord vti,Spare Part Mobil
jual tuas tongkat operan gigi transmisi gearbox persneling matic,Spare Part Mobil
jual karet engine mounting pangkon mesin honda accord vti,Spare Part Mobil
jual karet engine mounting pangkon mesin honda accord vti,Spare Part Mobil
jual as roda honda hrv asli knuckle honda hrv asli kir,Spare Part Mobil
jual produk bronze brio agya termurah terlengkap mei,Spare Part Mobil
jual kunci kontak stir starter honda accord vti,Spare Part Mobil
jual servo egr inteke mithubishi galant lele asli garansi,Spare Part Mobil
jual ban mobil murah forceum cocok,Spare Part Mobil
jual produk trunk lid termurah terlengkap april,Spare Part Mobil
jual paking manifol api ex hino lohan,Spare Part Mobil
jual paking manifol api ex hino ranger,Spare Part Mobil
jual produk trunk lid cover termurah terlengkap mei,Spare Part Mobil
jual dinamo stater yamaha original lapak nr motor,Spare Part Mobil
jual produk stiker sablon baju nama termurah terlengkap,Spare Part Mobil
jual sikat lantai setrika dragon sikat tangan wc kamar mandi,Spare Part Mobil
jual produk piston matic transmisi termurah terlengkap mei,Spare Part Mobil
jual visor aerox model lis warna hitam doff visor,Lainnya
jual lampu stop kanan hyundai creta led lapak,Spare Part Mobil
jual timing belt kia carnival sedona bensin,Spare Part Mobil
jual servo egr inteke mithubishi galant lele asli garansi,Spare Part Mobil
jual breket dudukan standar samping kawasaki binter mercy merzy,Spare Part Mobil
jual merk rmz mercedez benz sprinter van dhl lapak saung,Lainnya
jual selang blower alternator vacum pump dinamo,Spare Part Mobil
jual produk trunk lid cover termurah terlengkap mei,Spare Part Mobil
jual ban mobil murah forceum cocok,Spare Part Mobil
jual switch saklar power window toyota kijang original,Spare Part Mobil
jual visor aerox model lis warna hitam doff visor,Lainnya
jual karet abu tutup debu dutro dyna rino ht tamura,Spare Part Mobil
jual dinamo wiper motor wiper kijang kapsul lapak,Spare Part Mobil
jual produk trunk lid termurah terlengkap april,Spare Part Mobil
jual produk trunk lid termurah terlengkap april,Spare Part Mobil
jual produk ban mobil termurah terlengkap mei,Spare Part Mobil
jual produk stiker sablon baju nama termurah terlengkap,Spare Part Mobil
jual produk diy papercraft booth termurah terlengkap,Spare Part Mobil
jual produk ring termurah terlengkap mei,Spare Part Mobil
jual produk majalah film termurah terlengkap,Spare Part Mobil
jual produk dioda bridge termurah terlengkap mei,Spare Part Mobil
jual produk ban mobil termurah terlengkap mei,Spare Part Mobil
jual produk piston matic transmisi termurah terlengkap mei,Spare Part Mobil
jual sikat lantai setrika dragon sikat tangan wc kamar mandi,Spare Part Mobil
jual sepeda onthel super langka fongers vd lapak,Lainnya
jual baut gigi gardan gear set mitsubishi canter,Spare Part Mobil
jual bak karter oli carter oil original asli mitsubishi,Spare Part Mobil
jual seal kuda diesel solar original resmi,Spare Part Mobil
jual tuas tongkat operan gigi transmisi gearbox persneling matic,Spare Part Mobil
jual produk xpander trunk lid chrome termurah terlengkap,Spare Part Mobil
jual paking manifol api ex hino ranger,Spare Part Mobil
jual switch saklar power window toyota kijang original,Spare Part Mobil
jual servo egr inteke mithubishi galant lele asli garansi,Spare Part Mobil
jual paking manifol api ex hino lohan,Spare Part Mobil
jual sikat lantai setrika dragon sikat tangan wc kamar mandi,Lainnya
jual produk piston matic transmisi termurah terlengkap mei,Spare Part Mobil
jual produk trunk lid termurah terlengkap april,Spare Part Mobil
jual produk piston matic transmisi termurah terlengkap mei,Spare Part Mobil
jual produk dioda bridge termurah terlengkap mei,Spare Part Mobil
jual timing belt kia carnival sedona bensin,Spare Part Mobil
jual tuas tongkat operan gigi transmisi gearbox persneling matic,Spare Part Mobil
jual paku kampas rem toyota avanza daihatsu xenia kota,Spare Part Mobil
jual bearing roda toyota kijang innova nkn,Spare Part Mobil
jual karet channel kaca pintu kiri toyota soluna,Spare Part Mobil
jual selang hawa filter udara toyota kijang super grand kota,Spare Part Mobil
jual buku manual pedoman pemilik integration book vellfire,Lainnya
jual kemeja toyota fortuner seragam toyota fortuner gazoo,Lainnya
jual master sentral rem toyota dina rino ht dutro kab,Spare Part Mobil
jual piston assy forklift toyota jakarta barat sinar,Spare Part Mobil
jual kunci kontak set kijang kapsul original grand toyota,Spare Part Mobil
jual botol klep ukuran ori toyota,Spare Part Mobil
jual emblem logo toyota daihatsu crhome original kab,Aksesoris Eksterior
jual karet ganjal cap mesin penahan kap mobil toyota kijang kf,Aksesoris Eksterior
jual spion toyota kijang kapsul original kota malang otit,Spare Part Mobil
jual ecu komputer computer toyota kijang inova diesel,Spare Part Mobil
jual velg forklift toyota model ring ukuran,Spare Part Mobil
jual ecu toyota kijang inova diesel,Spare Part Mobil
jual saringan solar pipa selang toyota hiace premio,Spare Part Mobil
jual kaitan kuncian lock ban serep cadangan toyota hardtop,Aksesoris Eksterior
jual soket delco cdi toyota kijang kapsul original kab bogor,Spare Part Mobil
jual aspira kampas rem brake pad mobil toyota,Spare Part Mobil
jual setir donat toyota hardtop jakarta barat tjienan store,Spare Part Mobil
jual hidrolik kap mesin toyota avanza old pnp kota,Spare Part Mobil
jual dudukan aki toyota land cruiser vx jakarta barat,Spare Part Mobil
jual headlamp lampu toyota voxy original jakarta utara,Spare Part Mobil
jual saklar tuas lampu sein daihatsu xenia avanza grand,Spare Part Mobil
jual emblem logo toyota daihatsu crhome original kab,Aksesoris Eksterior
jual paku kampas rem toyota avanza daihatsu xenia kota,Spare Part Mobil
jual emblem turbo daihatsu rocky original jakarta utara era,Aksesoris Eksterior
jual gigi as roda daihatsu charade winner classy original,Spare Part Mobil
jual karet lift spacer tatakan keong daihatsu sirion,Spare Part Mobil
jual tutup cover foglamp fog lamp daihatsu sigra original ori,Aksesoris Eksterior
jual saklar sakelar lampu sen sein lampu kombinasi daihatsu,Spare Part Mobil
jual bahan kunci chip original daihatsu,Spare Part Mobil
jual engine mounting ng daihatsu ceria original ori asli,Spare Part Mobil
jual kaca mati segitiga pintu toyota calya daihatsu sigra,Spare Part Mobil
jual cover stir daihatsu taft gt rocky original asli ori,Aksesoris Interior
jual seal sil kit pompa power steering stering daihatsu,Spare Part Mobil
jual lahar laher kopling rush terios original ori asli daihatsu,Spare Part Mobil
jual karet tutup bak transmisi gran max luxio ori jakarta utara,Aksesoris Interior
jual karet pintu kanan ayla agya original jakarta utara,Spare Part Mobil
jual bearing roda toyota kijang innova nkn,Spare Part Mobil
jual seal roda sirion kiri kanan original manual,Spare Part Mobil
jual kabel kopling charade merk sk jakarta,Spare Part Mobil
jual saklar lampu rush terios asli ori original jakarta pusat,Spare Part Mobil
jual cv joint as roda agya ayla manual mt,Spare Part Mobil
jual wiper calya sigra ori original asli jakarta pusat senen,Spare Part Mobil
jual filter oil saringan oli zebra espass asli ori original jakarta,Spare Part Mobil
jual aki kering mobil agyaaylajazzbrio aokly mf,Spare Part Mobil
jual oli mesin mobil honda epro e-pro blue liter original,Oli dan Penghemat BBM
jual run channel karet channel kaca pintu,Spare Part Mobil
jual engine mounting pangkon mesin kanan manual honda,Spare Part Mobil
jual kunci roda mobil honda brio ukuran kota cimahi,Spare Part Mobil
jual karet boot as roda cv joint mobilio brv brio jakarta,Spare Part Mobil
jual brake master rem civic sanyco,Spare Part Mobil
jual gigi noken as sproket honda crv cc ori kota,Spare Part Mobil
jual timing chain kit rantai keteng set honda crv gen,Spare Part Mobil
jual bearing laher roda honda crv gen,Spare Part Mobil
jual selang power steering accord cielo hose,Spare Part Mobil
jual karet tatakan keong shock breaker civic,Spare Part Mobil
jual mobil dorong mainan anak pmb toys mobil honda crv,Lainnya
jual shroud fan rumah kipas motor fan ac honda crv,Spare Part Mobil
promo column steering column steer stir honda hrv hr-v cicil,Spare Part Mobil
jual velg racing work mco velg mobil brio city jazz yaris,Spare Part Mobil
jual velg mobil honda city hatchback ukuran standar mobil,Spare Part Mobil
jual emblem logo tulisan honda civic genio estilo asli ori,Aksesoris Eksterior
jual pembagi minyak rem honda civic ferio city accord,Spare Part Mobil
jual coil koil pengapian honda mobilio asli ori,Spare Part Mobil
jual tutup cover speaker pintu civic genio kota,Aksesoris Interior
jual wheel dop honda civic original honda kota depok savari,Spare Part Mobil
jual seragam kemeja hyundai navy standard wanita hijab,Lainnya
jual stabil hyundai atoz kia visto original produk,Spare Part Mobil
jual lampu led kabin plafon plat mundur hyundai creta super,Spare Part Mobil
jual sensor abs kanan hyundai santa fe dm kia sorento kab,Spare Part Mobil
jual logo emblem hyundai rohens,Aksesoris Eksterior
jual poli puli ker as pully kruk as pulley crankshaft hyundai avega,Spare Part Mobil
jual soket delco cdi toyota kijang kapsul original kab bogor,Spare Part Mobil
jual emblem logo tulisan honda civic genio estilo asli ori,Aksesoris Eksterior
jual karet seal packing paking rumah filter oli bmw engine,Spare Part Mobil
jual baut roda velg mobil bmw kurus pendek kota cimahi,Spare Part Mobil
jual dinamo wiper bmw kab bandung barat bandung,Spare Part Mobil
jual filter oil saringan oli zebra espass asli ori original jakarta,Spare Part Mobil
jual ring seher ring piston kijang kapsul bensin efi cc,Spare Part Mobil
jual set bemper mercedes benz facelift,Spare Part Mobil
jual headlamp lampu mercedes benz class,Spare Part Mobil
jual shockbreaker mercy original jakarta,Spare Part Mobil
jual lampu kanan sein corner reting bosch germany tiger,Spare Part Mobil
jual starter delco cat oe,Spare Part Mobil
jual diecast peugeot wrc skala kota medan diecast,Lainnya
jual brake lining kampas rem only wb lubang truk,Spare Part Mobil
jual diecast mainan great corolla biru muda jakarta,Lainnya
jual velg mobil bekas baut ring pcd,Spare Part Mobil
jual kunci roda mobil honda brio ukuran kota cimahi,Spare Part Mobil
jual vacum injeksi original copotan futura injeksi apv mega carry,Spare Part Mobil
promo eibach mobil suzuki ertiga pasang bengkel cicil,Spare Part Mobil
jual stiker mobil suzuki carry terlengkap harga murah mei,Spare Part Mobil
jual selang radiator mobil suzuki katana jakarta pusat toko,Spare Part Mobil
jual disc brake piringan cakram carry injeksi,Spare Part Mobil
jual ban mobil suzuki escudo at plus jakarta utara,Spare Part Mobil
jual motor blower kipas ac mobil suzuki karimun estilo wagon,Spare Part Mobil
jual pelipit kaca pintu suzuki grand vitara kota,Spare Part Mobil
jual karburator carburator karburator carburator mobil suzuki jimny,Spare Part Mobil
jual piston caliper calliper kaliper rem ertiga birkens,Spare Part Mobil
jual ban mobil suzuki ignis ring ukuran accelera,Spare Part Mobil
review seragam kemeja suzuki carry salesforce pria,Lainnya
jual kaliper assy rumah cakram kiri carry ori original,Spare Part Mobil
jual velg racing denpasar bali mobil xenia,Spare Part Mobil
jual velg mobil agya calya ignis hsr pcd,Spare Part Mobil
jual tutup as roda dop roda velg suzuki ertiga,Spare Part Mobil
jual tutup velg mobil apv dop as roda mobil suzuki apv penutup,Spare Part Mobil
jual handle pintu bagasi mitsubishi kuda kota,Spare Part Mobil
jual garpu kopling mitsubishi kota tangerang,Spare Part Mobil
jual karet spring mitsubishi pendek asli,Spare Part Mobil
jual baut roda mitsubishi ps engkel ban kanan jakarta utara,Spare Part Mobil
jual hanger helper mitsubishi,Aksesoris Interior
jual clutch booster kopling master mitsubishi fuso,Spare Part Mobil
jual tutup tangki bensin solar bbm mitsubishi kuda,Spare Part Mobil
jual karet tutup tabung minyak rem ragasa canter original,Spare Part Mobil
jual master kopling forklift mitsubishi grendia fd,Spare Part Mobil
jual selang hawa turbo canter mitsubishi original ori,Spare Part Mobil
jual adjuster setelan klep kelep mitsubishi lancer evo,Spare Part Mobil
jual karet stabil stabilizer mitsubishi eterna jakarta,Spare Part Mobil
jual pilar mitsubishi colt diesel ragaza sebelah,Spare Part Mobil
jual lampu sein sen satuan mitsubishi kuda,Spare Part Mobil
jual karet tatakan dudukan keong shock original asli,Spare Part Mobil
jual sale terlaris diecast skala mitsubishi,Lainnya
jual cable cord kabel busi mitsubishi kuda grandia seiwa,Spare Part Mobil
jual sakazuki kaos baju mobil mitsubishi lancer evo jdm,Lainnya
jual selang radiator hose radiator lancer,Spare Part Mobil
jual dinamo starter stater mitsubishi lancer evo cedia,Spare Part Mobil
jual dinamo starter stater mazda mazda jakarta,Spare Part Mobil
jual noken as mazda old jakarta utara cross motor tokopedia,Spare Part Mobil
jual paking ful set gasket komplit mazda sky aktif mesin,Spare Part Mobil
jual bracket bemper mazda cx kab garut roseidola,Spare Part Mobil
jual original ori shock breaker mazda skyactive,Spare Part Mobil
jual original ori asli karet pintu kanan mazda glx,Spare Part Mobil
jual pully waterpump mazda vantrend old non discofan asli,Spare Part Mobil
jual dinamo power window mazda capella kiri fl kab,Spare Part Mobil
jual puly krek as mazda familia lantis jakarta utara ex,Spare Part Mobil
jual ngk genuine parts busi platinum mazda familia lantis astina,Spare Part Mobil
jual nikki japan pompa bensin mazda silinder sohc ori asli,Spare Part Mobil
jual velg enkei velg mobil ring innova terios,Spare Part Mobil
jual spion electric chrome kuda ori asli original jakarta pusat,Spare Part Mobil
jual engine mounting ng daihatsu ceria original ori asli,Spare Part Mobil
jual karet stoper hiluxfortunerkaret kepak sayap,Spare Part Mobil
jual master sentral rem toyota dina rino ht dutro kab,Spare Part Mobil
promo column steering column steer stir honda hrv hr-v cicil,Spare Part Mobil
jual master kopling forklift mitsubishi grendia fd,Spare Part Mobil
promo kia sonet premiere ivt steel silver cicil,Kendaraan
jual soket konektor lampu senja great corolla putih,Spare Part Mobil
jual lampu plafon kabin honda civic estilo genio ferio,Spare Part Mobil
jual paking ful set gasket komplit mazda sky aktif mesin,Spare Part Mobil
jual dinamo power window mazda capella kiri fl kab,Spare Part Mobil
jual velg mobil adv ring lebar hole paket ban,Spare Part Mobil
jual stabil hyundai atoz kia visto original produk,Spare Part Mobil
jual sil seal sil kruk as crankshaft crank shaft nissan,Spare Part Mobil
jual karpet mobil pick up wuling kab cirebon,Aksesoris Eksterior
jual seragam kemeja wuling motors standard lengan pendek,Lainnya
jual cover seat jok samping wuling confero kota,Aksesoris Interior
jual karpet dasar sbtech wuling air ev kab tangerang jok,Aksesoris Interior
jual sun visor pelindung panas mobil confero wuling original kota,Spare Part Mobil
jual seragam kemeja hyundai navy standard wanita hijab,Lainnya
jual headlamp lampu toyota voxy original jakarta utara,Spare Part Mobil
jual engine mounting ng daihatsu ceria original ori asli,Spare Part Mobil
jual paket jok baris premium grade synthetic kota,Spare Part Mobil
jual aki kering mobil agyaaylajazzbrio aokly mf,Spare Part Mobil
jual paku kampas rem toyota avanza daihatsu xenia kota,Spare Part Mobil
jual talang air silver pintu xenia kota,Spare Part Mobil
jual karet kap mesin kijang innova terbaru harga,Spare Part Mobil
jual shock tensioner merk stabillus sparepart,Spare Part Mobil
jual regulator bensin regulator fuel pressure innova fortuner,Spare Part Mobil
jual regulator bensin regulator fuel pressure innova fortuner,Spare Part Mobil
jual regulator bensin regulator fuel pressure innova fortuner,Spare Part Mobil
jual velg offroad lubang terbaru harga termurah,Spare Part Mobil
jual kampas rem astrea grand terbaru harga,Lainnya
jual master rem crv terbaru harga termurah,Spare Part Mobil
promo gelas starbucks frappuccino cangkir kaca ukuran,Lainnya
jual emblem kuda ford mustang logo kap kepala mobil,Aksesoris Eksterior
promo mainan mini setrika anak setrika anak cewek edukatif,Lainnya
promo meja setrika uap laundry konveksi alas custom diskon,Lainnya
promo botol minum sanrio diskon seller aqmar koja,Lainnya
jual velg offroad lubang terbaru harga termurah,Spare Part Mobil
promo selimut vallery quincy brown diskon seller aqmar,Lainnya
jual baterai ups panasonic aki kering volt ah,Spare Part Mobil
promo selimut maternal disaster asleep diskon seller aqmar,Lainnya
promo kaca cermin dekorasi wajik kaca cermin hias diskon,Lainnya
promo kaca cermin aesthetic gantung cermin bulat diameter,Lainnya
promo sprei katun jepang putih motif embos ukir ukuran,Lainnya
promo bedcover set maternal disaster hallu diskon seller,Lainnya
promo smiggle lets play junior drink bottle unicorn botol minum,Lainnya
promo elegance sprei set vence diskon seller aqmar,Lainnya
promo corkcicle rose quartz oz canteen botol minum diskon,Lainnya
promo terlaris ddpai mola pro gps dashcam camera dvr,Aksesoris Interior
promo ace krisbow ltr sampah stainless diskon,Lainnya
promo paper lunch box putih kotak kertas makan bento take,Lainnya
promo bingkai cermin bingkai kaca cermin mirror kaca muka,Lainnya
promo gorden model poni spanyol diskon seller aqmar,Lainnya
promo karet panci presto fissler model size small id,Lainnya
promo gorden blackout cantik embos hijau lumut kalem,Lainnya
promo sampah besi kgdrum,Lainnya
promo lampu pilar outdoor lampu delman klasik diskon,Lainnya
promo selimut polyester balanket informa diskon seller,Lainnya
promo gorden blackout printing emas gorden mewah tirai pintu,Lainnya
promo selimutbedcover kesehatan tidur t-force tourmaline,Lainnya
promo kabel listrik nyy kabelindo diskon seller aqmar,Lainnya
promo kabel eterna nymhy mm roll diskon,Lainnya
promo tong sampahpot tanamdrum belah diskon seller,Lainnya
promo kabel oval meter kabel tembaga serabut,Spare Part Mobil
promo drum air tong plastik tong sampah kap liter diskon,Lainnya
promo kabel nym mm atlanta fuul sni diskon,Lainnya
promo informa omar kursi kantor sandaran abu-abu,Lainnya
promo inner duvet premium bed cover selimut hotel single,Lainnya
promo selimut cardinal tebal lembut kualitas terjamin,Lainnya
promo sprei batik klasik seprei motif print anti geser,Lainnya
promo kursi kantor chairman sc mekar furniture diskon,Lainnya
promo cermin hias jendela kolonial shabby diskon seller,Lainnya
jual rombak spion hyundai tucson lipat manual to be retract,Spare Part Mobil
jual hyundai tucson gls at putih seller carro automall,Kendaraan
jual regulator bensin regulator fuel pressure innova fortuner,Spare Part Mobil
jual shock tensioner merk stabillus sparepart,Spare Part Mobil
jual lampu rem variasi beat terbaru harga termurah,Lainnya
jual repairkit karbu grand terbaru harga termurah,Spare Part Mobil
promo sirloin steak gram premium import australia,Lainnya
jual beras pulen kg termurah harga grosir terupdate,Lainnya
jual aki incoe ampere terbaru harga termurah,Spare Part Mobil
jual shock tensioner merk stabillus sparepart,Spare Part Mobil
jual aki incoe ampere terbaru harga termurah,Spare Part Mobil
no brand aki wadah aki coba gl gl pro gl max,Spare Part Mobil
toko agen sparepart mobil mainanaki online original harga,Lainnya
promo no brand aki motor kawasaki ninja fi itobatt,Lainnya
promo list kaca samping ertiga stainless diskon seller,Spare Part Mobil
jual regulator bensin regulator fuel pressure innova fortuner,Spare Part Mobil
jual shock tensioner merk stabillus sparepart,Spare Part Mobil
promo terlaris ddpai mola pro gps dashcam camera dvr,Aksesoris Interior
jual regulator bensin regulator fuel pressure innova fortuner,Spare Part Mobil
jual kabin triton terbaru harga termurah,Spare Part Mobil
jual paket isi freon ac mobil tap valvequick,Spare Part Mobil
jual regulator bensin regulator fuel pressure innova fortuner,Spare Part Mobil
jual shock tensioner merk stabillus sparepart,Spare Part Mobil
jual emblem kuda ford mustang logo kap kepala mobil,Aksesoris Eksterior
jual kabin triton terbaru harga termurah,Spare Part Mobil
jual ecu vixion old terbaru harga termurah,Lainnya
jual velg rossi mx king terbaru harga,Lainnya
jual aki incoe ampere terbaru harga termurah,Spare Part Mobil
jual payung klep minyak-valve in toyota yaris-vios-corolla altis,Spare Part Mobil
jual shock bagasi pintu toyota fortuner original,Spare Part Mobil
jual mika stop lampu pcs kanan kiri rh lh toyota,Spare Part Mobil
jual counter gear gigi susun avanza xenia gigi,Spare Part Mobil
jual regulator fuel pressure bensin regulator bensin pressure,Spare Part Mobil
tabung minyak power steering tabung minyak rem tabung power,Spare Part Mobil
jual produk gear gigi susun gigi mati termurah terlengkap,Spare Part Mobil
jual gt radial savero mt ukuran ban mobil lapak,Spare Part Mobil
jual tuas tongkat operan gigi transmisi gearbox persneling matic,Spare Part Mobil
jual klep api minyak innova diesel rocky japan lapak,Spare Part Mobil
jual produk daihatsu feroza original termurah terlengkap,Spare Part Mobil
jual produk gear gigi susun gigi mati termurah terlengkap,Spare Part Mobil
jual counter gear gigi susun avanza xenia gigi,Spare Part Mobil
jual anget sari susu jahe renceng sachet lapak tuku,Lainnya
jual regulator fuel pressure bensin regulator bensin pressure,Spare Part Mobil
jual mika stop lampu pcs kanan kiri rh lh toyota,Spare Part Mobil
jual motor dinamo starter stater honda accord vti,Spare Part Mobil
jual tuas tongkat operan gigi transmisi gearbox persneling matic,Spare Part Mobil
jual karet engine mounting pangkon mesin honda accord vti,Spare Part Mobil
jual karet engine mounting pangkon mesin honda accord vti,Spare Part Mobil
jual as roda honda hrv asli knuckle honda hrv asli kir,Spare Part Mobil
jual kunci kontak stir starter honda accord vti,Spare Part Mobil
jual produk bronze hsr boroko tjh termurah terlengkap mei,Spare Part Mobil
jual regulator fuel pressure bensin regulator bensin pressure,Spare Part Mobil
jual bfgoodrich allterrain t-a size ban mobil,Spare Part Mobil
jual original master rem set selang honda cbr,Lainnya
jual karet stoper stopper bumper rubber hyundai,Spare Part Mobil
jual regulator fuel pressure bensin regulator bensin pressure,Spare Part Mobil
jual mesin potong kayu rumput padi terlengkap halaman,Lainnya
jual original master rem set selang honda cbr,Lainnya
jual tangki bensin motor bekas lengkap murah halaman,Spare Part Mobil
jual regulator fuel pressure bensin regulator bensin pressure,Spare Part Mobil
jual popor match tiger inova setelan coklat dop custom aneka,Lainnya
jual selang blower alternator vacum pump dinamo,Spare Part Mobil
jual file box lengkap terbaru mei halaman bukalapak,Lainnya
tabung minyak power steering tabung minyak rem tabung power,Spare Part Mobil
jual produk gear gigi susun gigi mati termurah terlengkap,Spare Part Mobil
jual produk gear gigi susun gigi mati termurah terlengkap,Spare Part Mobil
jual produk bronze hsr boroko tjh termurah terlengkap mei,Spare Part Mobil
jual bfgoodrich allterrain t-a size ban mobil,Spare Part Mobil
jual produk pedang mainan kayu termurah terlengkap mei,Lainnya
tabung minyak power steering tabung minyak rem tabung power,Spare Part Mobil
jual tuas tongkat operan gigi transmisi gearbox persneling matic,Spare Part Mobil
jual payung klep minyak-valve in toyota yaris-vios-corolla altis,Spare Part Mobil
jual produk gear gigi susun gigi mati termurah terlengkap,Spare Part Mobil
jual produk dudukan spion livina termurah terlengkap mei,Spare Part Mobil
jual counter gear gigi susun avanza xenia gigi,Spare Part Mobil
jual original master rem set selang honda cbr,Lainnya
jual bfgoodrich allterrain t-a size ban mobil,Spare Part Mobil
jual karet stoper stopper bumper rubber hyundai,Spare Part Mobil
jual tuas tongkat operan gigi transmisi gearbox persneling matic,Spare Part Mobil
jual filter solar toyota hino dutro,Spare Part Mobil
jual spion kaca spion toyota kijang super kijang,Spare Part Mobil
jual kepet lumpur mood guard toyota starlet kotak,Aksesoris Eksterior
jual toyota headlamp as kiri camry jakarta,Spare Part Mobil
jual grosir handle tarikan pintu toyota soluna gli xli,Spare Part Mobil
jual piston rem toyota altis old cakram jakarta,Spare Part Mobil
jual rantai keteng timing chain set toyota innova bensin komplit,Spare Part Mobil
jual velg mobil seken oem toyota camry ring pcd lebar,Spare Part Mobil
jual window regulator kaca kiri kijang kapsul toyota,Spare Part Mobil
jual corner sensor toyota innova kota,Spare Part Mobil
jual rantai keteng timing chain set toyota innova bensin ori,Spare Part Mobil
jual tomica tomy biru toyota mark jakarta barat kunshops,Lainnya
jual kunci pintu satuan daihatsu gran max granmax jakarta barat,Spare Part Mobil
jual gigi bolu set pinion gear gardan daihatsu taft,Spare Part Mobil
jual set stiker body mobil daihatsu taft rocky,Aksesoris Eksterior
jual shock bagasi daihatsu zebra hijet hidrolik pintu,Spare Part Mobil
jual koil pengapian coil ignition daihatsu xenia vvti jakarta,Spare Part Mobil
jual plat kampas kopling disc clutch sigra calya,Spare Part Mobil
jual kampas kopling set hyundai starex mover bensin,Spare Part Mobil
jual saklar sakelar lampu sen sein lampu setir hino lohan,Spare Part Mobil
jual fender kanan grandmax grand gran max granmax asli,Spare Part Mobil
jual tabung air radiator radiator agya ayla original asli ori,Spare Part Mobil
jual grill hijet jakarta pusat makmur official tokopedia,Spare Part Mobil
jual kabel rem tangan hand rem taft gt asli ori,Spare Part Mobil
jual seal oring cylinder head tutup noken as honda jazz city,Spare Part Mobil
jual filter saringan ac kabin honda crv civic accord odyssey,Spare Part Mobil
jual velg mobil work emotion velg ring brio city,Spare Part Mobil
jual jok brio kab bekasi aw pro interior tokopedia,Spare Part Mobil
jual ducktail flat honda accord maestro dus,Aksesoris Eksterior
jual velg mobil spoon velg brio raize rocky jazz city,Spare Part Mobil
jual velg mobil enkei velg civic terios rush xpander,Spare Part Mobil
jual velg racing velg mobil innova hrv civic crv terios,Spare Part Mobil
jual velg racing enkei velg mobil hrv civic terios rush,Spare Part Mobil
jual stop lamp lampu honda estilo civic ori,Spare Part Mobil
jual karet stopper bantalan tahanan pintu kap mesin honda civic,Spare Part Mobil
jual velg racing bbs flow forming velg mobil civic hrv,Spare Part Mobil
jual lock kunci box console arm rest civic fd,Aksesoris Interior
jual mika kaca lampu kabin plafon crv stream,Spare Part Mobil
jual karet packing paking carter karter kalter bak oli civic genio,Spare Part Mobil
jual hyundai hdpl planner mesin serut kayu mesin,Lainnya
jual kampas kopling set hyundai accent bimantara cakra jakarta,Spare Part Mobil
jual karpet mobil hyundai creta logo jakarta barat sukses,Aksesoris Interior
jual planner blade hyundai tct pisau serut tct mata,Lainnya
jual kampas kopling set hyundai starex mover bensin,Spare Part Mobil
jual seal transmisi hyundai diesel automatic asli ori,Spare Part Mobil
jual kampas kopling matic avanza xenia rush calya kab,Spare Part Mobil
jual corner sensor toyota innova kota,Spare Part Mobil
jual master kopling bmw jakarta pusat,Spare Part Mobil
jual side winglet carbon kawasaki model bmw jakarta,Spare Part Mobil
jual tabung knalpot rear muffler original bmw,Spare Part Mobil
jual switch saklar tombol headlamp lampu bmw,Spare Part Mobil
jual tutup oli mesin original bmw engine seri,Spare Part Mobil
jual uppertank radiator bmw kota bekasi yanto part,Spare Part Mobil
jual sensor suhu temperatur udara bmw,Spare Part Mobil
jual shift knob handel handle persneling speed manual bmw,Spare Part Mobil
jual iklan jadul mobil bmw kota malang kertas abc,Lainnya
jual panci set stainleess-pqnco set stainleess terbaik-panci gagang,Lainnya
jual bahan jok mobil kain jok fabric original mercy mercedes,Aksesoris Interior
jual stiker mobil tanda goresan cakar monster mobil,Aksesoris Eksterior
jual mainan anak mobil aki jeep ejp offroad exotic garansi,Lainnya
jual kopling karet fleksibel excavator,Spare Part Mobil
jual velg mobil seken oem toyota camry ring pcd lebar,Spare Part Mobil
jual master kopling mercy merk controil jakarta timur,Spare Part Mobil
jual bahan jok mobil kain jok fabric original mercy mercedes,Aksesoris Interior
jual master kopling mercy merk controil jakarta timur,Spare Part Mobil
jual mainan motor aki emt exotic motor balap gp motor,Lainnya
jual filter oli jimco,Spare Part Mobil
jual iklan jadul mobil bmw kota malang kertas abc,Lainnya
jual mainan anak motor aki emt exotic rechargeable,Lainnya
jual mainan anak mobil aki jeep ejp offroad exotic garansi,Lainnya
jual velg mobil seken oem toyota camry ring pcd lebar,Spare Part Mobil
jual rak sepatu aluminium coklat,Lainnya
jual shock bagasi sok pintu hydrolik suzuki,Spare Part Mobil
jual piston kaliper rem cakram suzuki grand vitara original,Spare Part Mobil
jual soket fuelpump fuel pump pompa bensin pompa suzuki,Spare Part Mobil
jual selang pompa bensin ukuran suzuki jimny katana,Spare Part Mobil
jual tanduk pengaman bumper mobil ertiga,Aksesoris Eksterior
jual kunci laci dashboard grand vitara original ori asli jakarta,Spare Part Mobil
jual bendix bendik stater starter carry cary denso gigi,Spare Part Mobil
jual pipa selang master kopling grand vitara cc ori,Spare Part Mobil
jual luggage tray tatakan bagasi suzuki ertiga sga,Aksesoris Interior
jual karet shock damper suzuki carry ukuran no,Spare Part Mobil
jual rack end long tie rod non power steering apv mega carry,Spare Part Mobil
jual pelatuk klep apv futura injeksi baleno in ex set pc ori,Spare Part Mobil
jual alternator dinamo amper ertiga type soket ori original,Spare Part Mobil
jual ban standar avanza veloz ertiga ukuran merk,Spare Part Mobil
jual sarung jok mobil ertiga motif kota tangerang,Aksesoris Interior
jual iklan mobil suzuki mpv aero kota malang kertas abc,Lainnya
jual sticker mobil presso sticker sisi samping mobil suzuki,Aksesoris Eksterior
jual karet pintu mitsubishi kuda original asli,Spare Part Mobil
jual bumper bemper original mitsubishi xpander,Spare Part Mobil
jual busi glow plug asli mitsubishi delica jakarta,Spare Part Mobil
jual ball joint mitsubishi stradapajero old,Spare Part Mobil
jual head lamp lampu kanan mitsubishi fuso,Spare Part Mobil
jual karet stabil bushing stabilizer mitsubishi outlander,Spare Part Mobil
jual sebeng rem mitsubishi fuso genjo oem jakarta barat,Spare Part Mobil
jual rectifier silikon alternator amper mitsubishi,Spare Part Mobil
jual fuse defrost kulkas mitsubishi double panas,Lainnya
jual motor fan kipas intercooler mitsubishi strada jakarta,Spare Part Mobil
jual gigi gigi gear mitsubishi canter,Spare Part Mobil
jual radiator mazda skyactiv jakarta pusat ramayana motor,Spare Part Mobil
jual karet tranmisi ford rangermazda mounting ford,Spare Part Mobil
jual fanbelt fan belt set mazda capella,Spare Part Mobil
jual original ori selang power steering stering mazda familia,Spare Part Mobil
jual handel handle tarikan pintu mazda vantrend,Spare Part Mobil
jual original ori asli kabel kap seling mesin mazda mr vantrend,Spare Part Mobil
jual motor fan kipas fan radiator mazda cx denso asli ori,Spare Part Mobil
jual original ori packing paking head mazda ori,Spare Part Mobil
jual dinamo amper ampere alternator altenator mazda gp,Spare Part Mobil
jual ban mobil accelera iota free pasang,Spare Part Mobil
jual kampas kopling set hyundai starex mover bensin,Spare Part Mobil
jual tomica tomy biru toyota mark jakarta barat kunshops,Lainnya
jual soket fuelpump fuel pump pompa bensin pompa suzuki,Spare Part Mobil
jual karet packing paking carter karter kalter bak oli civic genio,Spare Part Mobil
jual rantai keteng timing chain set toyota innova bensin komplit,Spare Part Mobil
jual velg mobil spoon velg brio raize rocky jazz city,Spare Part Mobil
jual bearing laher roda peugeot hb jakarta utara,Spare Part Mobil
jual kampas kopling set hyundai starex mover bensin,Spare Part Mobil
jual mobil toyota kunci pintu penutup pelindung baja nirkarat,Spare Part Mobil
jual sarung jok mobil ertiga motif kota tangerang,Aksesoris Interior
jual stiker emblem logo mivec bahan abs mobil,Aksesoris Eksterior
jual sticker mobil presso sticker sisi samping mobil suzuki,Aksesoris Eksterior
jual toyota headlamp as kiri camry jakarta,Spare Part Mobil
jual velg mobil work emotion velg ring brio city,Spare Part Mobil
jual cap metal noken as apv futura injeksi jakarta utara,Spare Part Mobil
jual gearbox girbox transmisi perseneleng persneling fortuner,Spare Part Mobil
jual rack end long tie rod non power steering apv mega carry,Spare Part Mobil
jual kampas kopling set hyundai starex mover bensin,Spare Part Mobil
jual velg racing bbs flow forming velg mobil civic hrv,Spare Part Mobil
jual mainan edukasi bandara pesawat lego pesawat diy building,Lainnya
jual filter oli toyota hiace terbaru harga termurah,Spare Part Mobil
jual matahari kopling toyota vios terbaru harga,Spare Part Mobil
promo gasket cover valve-paking tutup klep toyota dyna rino,Spare Part Mobil
promo packing cylinder head asli toyota kijang diskon,Spare Part Mobil
promo fuel filter land cruiser asli toyota,Spare Part Mobil
jual baut torsi toyota kijang super grand bahan baja seller,Spare Part Mobil
jual gigi kilometer gear speedometer toyota kijang kapsul lgx,Spare Part Mobil
jual stok terbatas multi reflector macrone foglamp warna,Aksesoris Eksterior
jual stiker kijang krista terbaru harga termurah,Aksesoris Eksterior
jual karburator kijang ori terbaru harga termurah,Spare Part Mobil
promo seal transmisi nissan terrano nok japan diskon,Spare Part Mobil
promo seal as roda jeep willys diskon,Spare Part Mobil
jual spion vios gen modif retract gratis modul lipat via remote,Spare Part Mobil
promo seal as roda jeep willys diskon,Spare Part Mobil
promo seal transmisi nissan terrano nok japan diskon,Spare Part Mobil
promo gasket cover valve-paking tutup klep toyota dyna rino,Spare Part Mobil
promo fuel filter land cruiser asli toyota,Spare Part Mobil
jual bak mesin honda brio terbaru harga termurah,Spare Part Mobil
jual spion vios gen modif retract gratis modul lipat via remote,Spare Part Mobil
promo fuel filter land cruiser asli toyota,Spare Part Mobil
jual spion vios gen modif retract gratis modul lipat via remote,Spare Part Mobil
promo fuel filter land cruiser asli toyota,Spare Part Mobil
promo poli puli ker as pully kruk as pulley crankshaft hyundai,Spare Part Mobil
jual hyundai tucson gls at putih seller carro automall,Kendaraan
promo seal transmisi nissan terrano nok japan diskon,Spare Part Mobil
promo seal as roda jeep willys diskon,Spare Part Mobil
promo gasket cover valve-paking tutup klep toyota dyna rino,Spare Part Mobil
jual spion vios gen modif retract gratis modul lipat via remote,Spare Part Mobil
jual saklar vario vietnam carbon terbaru harga termurah,Lainnya
jual forklift mits terbaru harga termurah blibli,Spare Part Mobil
promo bmw kitchen ware panci set kukus goreng rebus sup,Lainnya
jual limited stop lamp bmw original sepasang,Spare Part Mobil
promo sirloin steak gram premium import australia,Lainnya
jual aki mobil ford fiesta gs premium astra aki,Spare Part Mobil
promo seal as roda jeep willys diskon,Spare Part Mobil
promo seal transmisi nissan terrano nok japan diskon,Spare Part Mobil
promo gasket cover valve-paking tutup klep toyota dyna rino,Spare Part Mobil
promo fuel filter land cruiser asli toyota,Spare Part Mobil
jual spion vios gen modif retract gratis modul lipat via remote,Spare Part Mobil
jual forklift mits terbaru harga termurah blibli,Spare Part Mobil
promo fuel filter land cruiser asli toyota,Spare Part Mobil
promo seal transmisi nissan terrano nok japan diskon,Spare Part Mobil
promo seal as roda jeep willys diskon,Spare Part Mobil
jual pelipit kaca ford terbaru harga termurah,Spare Part Mobil
jual pelipit ford terbaru harga termurah blibli,Spare Part Mobil
promo fuel filter land cruiser asli toyota,Spare Part Mobil
promo seal as roda jeep willys diskon,Spare Part Mobil
promo seal transmisi nissan terrano nok japan diskon,Spare Part Mobil
promo gasket cover valve-paking tutup klep toyota dyna rino,Spare Part Mobil
jual aki mobil ford fiesta gs premium astra aki,Spare Part Mobil
jual spion vios gen modif retract gratis modul lipat via remote,Spare Part Mobil
jual bak mesin honda brio terbaru harga termurah,Spare Part Mobil
jual saklar vario vietnam carbon terbaru harga termurah,Lainnya
jual pelipit ford fiesta terbaru harga termurah,Spare Part Mobil
jual gaz terbaru harga termurah blibli,Spare Part Mobil
jual helm kyt tt course anti venom terbaru harga,Lainnya
jual suling shock vario terbaru harga,Lainnya
jual shock tabung kyb matic terbaru harga termurah,Lainnya
jual shock bagasi pintu toyota fortuner original,Spare Part Mobil
jual packing set komplit toyota prado lapak automart global,Spare Part Mobil
jual produk wheel dop toyota hardtop termurah terlengkap,Spare Part Mobil
jual cv joint as roda as kopel suzuki,Spare Part Mobil
jual regulator fuel pressure bensin regulator bensin pressure,Spare Part Mobil
tabung minyak power steering tabung minyak rem tabung power,Spare Part Mobil
jual produk lampu kabel soket lampu honda termurah,Spare Part Mobil
jual sarung mobil baleno polos biru body cover,Aksesoris Interior
jual klep api minyak innova diesel rocky japan lapak,Spare Part Mobil
jual coil ignition koil kuil coil pengapian daihatsu xenia,Spare Part Mobil
jual produk lampu kabel soket lampu honda termurah,Spare Part Mobil
jual cv joint as roda as kopel suzuki,Spare Part Mobil
jual anget sari susu jahe renceng sachet lapak tuku,Lainnya
jual regulator fuel pressure bensin regulator bensin pressure,Spare Part Mobil
jual produk accord termurah terlengkap mei,Spare Part Mobil
jual produk lampu kabel soket lampu honda termurah,Spare Part Mobil
jual regulator fuel pressure bensin regulator bensin pressure,Spare Part Mobil
jual ban mobil pajero fortuner ford dunlop grandtrek,Spare Part Mobil
jual cv joint as roda as kopel suzuki,Spare Part Mobil
jual original master rem set selang honda cbr,Lainnya
jual karet stoper stopper bumper rubber hyundai,Spare Part Mobil
jual regulator fuel pressure bensin regulator bensin pressure,Spare Part Mobil
jual original master rem set selang honda cbr,Lainnya
jual regulator fuel pressure bensin regulator bensin pressure,Spare Part Mobil
jual popor match tiger inova setelan coklat dop custom aneka,Spare Part Mobil
jual sarung mobil baleno polos biru body cover,Aksesoris Eksterior
jual ban mobil pajero fortuner ford dunlop grandtrek,Spare Part Mobil
tabung minyak power steering tabung minyak rem tabung power,Spare Part Mobil
jual cv joint as roda as kopel suzuki,Spare Part Mobil
tabung minyak power steering tabung minyak rem tabung power,Spare Part Mobil
jual lock hook pengait tutup tangki solar,Spare Part Mobil
jual cv joint as roda as kopel suzuki,Spare Part Mobil
jual original master rem set selang honda cbr,Lainnya
jual karet stoper stopper bumper rubber hyundai,Spare Part Mobil
jual kabel parkir kabel rem tangan kanan toyota hiace commuter,Spare Part Mobil
jual door lock pintu handle pintu toyota,Spare Part Mobil
jual toyota forklift second sewa jakarta jakarta utara,Spare Part Mobil
jual stiker dop roda sticker velg mobil honda,Aksesoris Eksterior
jual as delco as distributor guvernur as delco daihatsu espas,Spare Part Mobil
jual pompa oli minyak pelumas oil pump mesin daihatsu gran,Spare Part Mobil
jual spion sigra manual terlengkap harga murah mei,Spare Part Mobil
jual dudukan trans mounting monting zebra hijet,Spare Part Mobil
jual selang tangki bensin jimny katana fuel tank hose,Lainnya
jual aki basah mobil ayla incoe premium kota,Spare Part Mobil
jual oli terlengkap harga murah mei cicil,Oli dan Penghemat BBM
jual sensor oksigen oxygen honda brio,Spare Part Mobil
jual noken as honda crv gen cr-v gen original jakarta utara,Spare Part Mobil
jual emblem tulisan brio satya honda prospect motor,Aksesoris Eksterior
honda brv at harga terbaru spesifikasi terlengkap,Kendaraan
jual paket peredam vtech kap mesin interior honda brio,Aksesoris Eksterior
jual regulator kaca jendela power window assy kanan,Spare Part Mobil
jual lower arm sebelah kiri kapak kapak hyundai,Spare Part Mobil
jual buku booklet iklan mobil hyundai trajet kab sukoharjo,Lainnya
jual air filter filter udara kijang jakarta barat,Spare Part Mobil
jual aki mobil kijang innova matic bensin gs astra mf aki,Spare Part Mobil
jual cover mobil sarung mobil jimny katana outdoor polos,Aksesoris Eksterior
jual pengeriting rambut panas lembut delapan cakar alat,Lainnya
jual kabel aki accu negatif original bmw thn,Spare Part Mobil
jual keong coil spring shockbreaker bmw,Spare Part Mobil
jual stir karbon model bmw,Spare Part Mobil
jual tutup airbag pilar plastik bmw jakarta selatan,Spare Part Mobil
jual cover jok motor bagasi motor bmw ninet,Lainnya
jual dinamo ampere cas lancer dangan alternator,Spare Part Mobil
jual suara knalpot racing mobil terlengkap harga murah mei,Spare Part Mobil
jual led headlamp mobil terbaik harga murah mei cicil,Spare Part Mobil
jual bohlam lampu kabut foglamp bulb fog lamp mobil,Spare Part Mobil
jual karet membran sampa bis mercymercedez,Spare Part Mobil
jual gigi maet bis truk mercy,Spare Part Mobil
jual behel belton bis mercymercedez,Spare Part Mobil
jual gear gir kawasaki klx best quality,Lainnya
jual velg mobil bekas baut ssr type-c ring pcd,Spare Part Mobil
jual metal scale model diecast minaiatur mobil sedan sport skala,Lainnya
jual timing chain set rantai kamprat keteng suzuki ertiga diesel,Spare Part Mobil
jual penahan engsel pintu stop door pintu ertiga,Spare Part Mobil
jual kaca spion suzuki grand vitara pake sen asli sgp kanan,Spare Part Mobil
jual ban mobil suzuki katana terlengkap harga murah,Spare Part Mobil
jual lampu stoplamp stop lamp suzuki ertiga gx,Spare Part Mobil
jual aki mobil mitsubishi kuda incoe gold,Spare Part Mobil
jual tutup radiator cap radiator mitsubishi fuso fm,Spare Part Mobil
jual kisi kisi lubang angin ac plafon mitsubishi pajero sport,Spare Part Mobil
jual hot wheels mazda savanna hijau kota,Lainnya
jual selang radiator mazda injection ori,Lainnya
jual original ori packing paking tutup klep ford lynx premacy,Spare Part Mobil
jual stir karbon model bmw,Spare Part Mobil
jual sarung jok mobil paten lederlux primo mobil voxy kab,Aksesoris Eksterior
jual paket peredam vtech kap mesin interior honda brio,Aksesoris Eksterior
jual buku booklet iklan mobil hyundai trajet kab sukoharjo,Lainnya
jual tiang penyangga kap mesin corolla altis old,Spare Part Mobil
jual sarung jok mobil paten lederlux primo mobil voxy kab,Aksesoris Interior
jual air filter filter udara kijang jakarta barat,Spare Part Mobil
jual keong coil spring shockbreaker bmw,Spare Part Mobil
jual karpet mobil mie bihun warna ford ecosport non,Aksesoris Interior
promo gasket cover valve-paking tutup klep toyota innova diesel,Spare Part Mobil
jual radiator toyota corona absolute manual seller,Spare Part Mobil
jual karburator kijang original terbaru harga,Spare Part Mobil
jual transmisi sienta terbaru harga termurah,Spare Part Mobil
jual knalpot racing mobil kotak chrome bass empuk adem size,Spare Part Mobil
promo seal debu seal dust diskon seller,Spare Part Mobil
jual bak oli avanza terbaru harga termurah blibli,Spare Part Mobil
jual kampas rem suzuki gsx elig,Lainnya
promo bushing bosh rack steering calya diskon seller,Spare Part Mobil
jual aki mobil daihatsu ayla incoe premium astra aki basah,Spare Part Mobil
jual stop lampu mobil sigra terbaru harga termurah,Spare Part Mobil
jual shock bubut terbaru harga termurah,Spare Part Mobil
promo gasket cover valve-paking tutup klep toyota innova diesel,Spare Part Mobil
jual piringan cakram terios terbaru harga,Spare Part Mobil
jual motor wiper terbaru harga termurah,Spare Part Mobil
jual sensor mobil honda city terbaru harga termurah,Spare Part Mobil
jual aki mobil honda hrv gs astra aki kering ah,Spare Part Mobil
jual cover dek mesin brio mobilio terbaru harga,Spare Part Mobil
jual termurah lampu stop honda civic ferio kanan lucid,Spare Part Mobil
jual ect crv gen terbaru harga termurah blibli,Spare Part Mobil
jual pelek mobil ring carry terbaru harga,Spare Part Mobil
jual knalpot racing mobil kotak chrome bass empuk adem size,Spare Part Mobil
jual karpet mobil bludru jazz terbaru harga termurah,Aksesoris Eksterior
jual kaca film hitam anti gores include,Aksesoris Eksterior
jual transmisi sienta terbaru harga termurah,Spare Part Mobil
promo bushing bosh rack steering calya diskon seller,Spare Part Mobil
promo gasket cover valve-paking tutup klep toyota innova diesel,Spare Part Mobil
promo bushing bosh rack steering calya diskon seller,Spare Part Mobil
jual knalpot racing mobil kotak chrome bass empuk adem size,Spare Part Mobil
jual master kopling kia terbaru harga termurah,Spare Part Mobil
jual bluetooth alpine cda terbaru harga termurah,Spare Part Mobil
jual sm sport sm master terbaru harga termurah,Kendaraan
jual vespa lx get batik terbaru harga termurah,Lainnya
jual velg jari jari ring motor mio terbaru harga,Lainnya
jual bearing rasio set beat terbaru harga termurah,Lainnya
jual filter oli bmw terbaru harga termurah,Spare Part Mobil
toko umkm toko beras haji online original harga terbaik,Lainnya
jual ban velg mobil terbaru harga termurah,Spare Part Mobil
promo tongkat persneling assy pemindah gigi hino lohan,Spare Part Mobil
jual oli viar roda terbaru harga termurah blibli,Spare Part Mobil
promo tongkat persneling assy pemindah gigi hino lohan,Spare Part Mobil
jual truk jadul original harga termurah april blibli,Kendaraan
jual aki aspira astra aki basah seller,Spare Part Mobil
promo no brand aki motor suzuki shogun gs aki,Lainnya
jual motor vespa bali terbaru harga termurah,Lainnya
jual pelek mobil ring carry terbaru harga,Spare Part Mobil
jual karet kaca apv terbaru harga termurah,Spare Part Mobil
promo gasket cover valve-paking tutup klep toyota innova diesel,Spare Part Mobil
promo bushing bosh rack steering calya diskon seller,Spare Part Mobil
promo tongkat persneling assy pemindah gigi hino lohan,Spare Part Mobil
jual kampas rem suzuki gsx elig,Lainnya
jual truk jadul original harga termurah april blibli,Kendaraan
jual motor wiper terbaru harga termurah,Spare Part Mobil
jual ban velg mobil terbaru harga termurah,Spare Part Mobil
jual kaca film hitam anti gores include,Aksesoris Eksterior
jual racksteer karimun estilo terbaru harga termurah,Spare Part Mobil
jual radiator mitsubishi diesel manual ply seller,Spare Part Mobil
promo packing tutup klep gasket cover mitsubishi outlander sport,Spare Part Mobil
promo premium oil filter saringan oli mitsubishi colt bensin,Spare Part Mobil
jual metal duduk diesel asli terbaru harga,Spare Part Mobil
jual tutup radiator lancer terbaru harga termurah,Spare Part Mobil
jual knalpot racing mobil kotak chrome bass empuk adem size,Spare Part Mobil
promo seal debu seal dust diskon seller,Spare Part Mobil
jual pelek mobil ring carry terbaru harga,Spare Part Mobil
jual aki mobil honda hrv gs astra aki kering ah,Spare Part Mobil
jual shock bubut terbaru harga termurah,Spare Part Mobil
jual aki mobil honda hrv gs astra aki kering ah,Spare Part Mobil
jual master kopling kia terbaru harga termurah,Spare Part Mobil
promo bushing bosh rack steering calya diskon seller,Spare Part Mobil
promo gasket cover valve-paking tutup klep toyota innova diesel,Spare Part Mobil
jual knalpot racing mobil kotak chrome bass empuk adem size,Spare Part Mobil
promo seal debu seal dust diskon seller,Spare Part Mobil
jual bluetooth alpine cda terbaru harga termurah,Spare Part Mobil
jual karet kaca apv terbaru harga termurah,Spare Part Mobil
jual vespa lx get batik terbaru harga termurah,Lainnya
jual hlm terbaru harga termurah blibli,Spare Part Mobil
jual sm sport sm master terbaru harga termurah,Kendaraan
jual nakasone rotak terbaru harga termurah,Spare Part Mobil
jual cvt racing roller racing vario terbaru harga,Lainnya
jual engsel spion avanza terbaru harga termurah,Spare Part Mobil
jual soket body grand livina terbaru harga termurah,Spare Part Mobil
jual block ninja superkips original terbaru harga,Lainnya
jual velg jari jari ring motor mio terbaru harga,Lainnya
jual gagang tarik avanza terbaru harga termurah,Spare Part Mobil
jual motor fan peugeot terbaru harga termurah,Spare Part Mobil
jual stang seher klx ori terbaru harga termurah,Lainnya
jual bearing gearbox set beat terbaru harga termurah,Lainnya
jual bearing rasio set beat terbaru harga termurah,Lainnya
jual metal duduk diesel asli terbaru harga,Spare Part Mobil
jual baut titanium cvt beat terbaru harga termurah,Lainnya
jual body vario cbs terbaru harga termurah,Lainnya
jual yokohama geolandar terbaru harga,Spare Part Mobil
jual packing set komplit toyota prado lapak automart global,Spare Part Mobil
jual kompresor compressor ac mobil toyota vios,Spare Part Mobil
jual headlamp head lamp lampu toyota kijang efi,Spare Part Mobil
jual cv joint as roda as kopel suzuki,Spare Part Mobil
jual sarung mobil baleno polos biru body cover,Aksesoris Eksterior
jual klakson bosch germany ori klakson jeep willys,Spare Part Mobil
jual modul remot alarm avanza sd lapak,Spare Part Mobil
jual coil ignition koil kuil coil pengapian daihatsu xenia,Spare Part Mobil
jual cv joint as roda as kopel suzuki,Spare Part Mobil
jual kompresor compressor ac mobil toyota vios,Spare Part Mobil
jual plastik cover tutup reclining handle handel kursi bangku jok,Spare Part Mobil
jual kampas rem accord prestige honda part,Spare Part Mobil
jual plastik cover tutup reclining handle handel kursi bangku jok,Spare Part Mobil
jual headlamp head lamp lampu toyota kijang efi,Spare Part Mobil
jual cv joint as roda as kopel suzuki,Spare Part Mobil
jual sarung mobil baleno polos biru body cover,Aksesoris Eksterior
jual kompresor compressor ac mobil toyota vios,Spare Part Mobil
jual produk kit karburator binter termurah terlengkap mei,Spare Part Mobil
jual beli mesin merk murah mei halaman,Lainnya
jual kompresor compressor ac mobil toyota vios,Spare Part Mobil
jual produk cop busi shogun shogun termurah,Lainnya
jual klakson bosch germany ori klakson jeep willys,Spare Part Mobil
jual produk kit karburator binter termurah terlengkap mei,Spare Part Mobil
jual zap monster mainan mobil jip anak off road drive inertial,Lainnya
jual reflektor lampu headlight set cover batok honda tiger,Lainnya
jual sarung mobil baleno polos biru body cover,Aksesoris Eksterior
jual cv joint as roda as kopel suzuki,Spare Part Mobil
jual kompresor compressor ac mobil toyota vios,Spare Part Mobil
jual lock hook pengait tutup tangki solar,Spare Part Mobil
jual cv joint as roda as kopel suzuki,Spare Part Mobil
jual kompresor compressor ac mobil toyota vios,Spare Part Mobil
jual produk kit karburator binter termurah terlengkap mei,Spare Part Mobil
jual kompresor compressor ac mobil toyota vios,Spare Part Mobil
jual emblem logo toyota calya jakarta pusat putra,Aksesoris Eksterior
jual wiper arm gagang tiang wiper toyota kijang kapsul,Spare Part Mobil
jual karet gantungan knalpot toyota corolla twincam,Spare Part Mobil
jual konektor klem terminal positif aki mobil nissan toyota,Spare Part Mobil
jual bohlam lampu rem-bohlam stop toyota,Spare Part Mobil
jual aki mobil toyota kijang lgx incoe gold,Spare Part Mobil
jual saringan filter udara toyota innova,Spare Part Mobil
jual ecu komputer toyota fortuner bensin jakarta,Spare Part Mobil
jual karet kaca kanan starlet kapsul original toyota,Spare Part Mobil
jual perseneleng gearbox manual toyota sienta,Spare Part Mobil
jual hot wheels toyota murah terbaik harga terbaru mei,Lainnya
jual tutup filter udara toyota dyna saurus,Spare Part Mobil
jual door key set kunci pintu toyota kijang superkf,Spare Part Mobil
jual bearing bambu forklift toyota kota,Spare Part Mobil
jual ecu toyota fortuner diesel jakarta,Spare Part Mobil
jual lampu sein toyota fender samping vios yaris etios kota,Spare Part Mobil
jual karet seal packing sudut pojok pilar pintu kiri toyota,Spare Part Mobil
jual bak carter karter oli mesin daihatsu gran max,Spare Part Mobil
jual oil seal roda daihatsu delta canter colt diesel ps,Spare Part Mobil
jual saklar lampu daihatsu espass original asli ori jakarta pusat,Spare Part Mobil
jual tutup head daihatsu xenia li ej jakarta barat,Spare Part Mobil
jual kopling set komplit avanza daihatsu xenia ori original,Spare Part Mobil
jual saringan filter udara toyota innova,Spare Part Mobil
jual kisi kisi ac dashboard taft gt feroza independent rocky,Spare Part Mobil
jual rumah filter saringan udara zebra espass espas asli ori,Spare Part Mobil
jual karpet lumpur espass trd jakarta timur speed,Aksesoris Eksterior
jual radiator agya ayla matic asli ori original jakarta,Spare Part Mobil
jual clutch master kopling cowok grandmax grand gran,Spare Part Mobil
jual lower arm sayap granmax grand max luxio ori,Spare Part Mobil
jual kabel transmisi kabel perseneling espass,Spare Part Mobil
jual packing paking knalpot zebra,Spare Part Mobil
jual selang radiator sirion set asli ori original jakarta pusat,Spare Part Mobil
jual lampu sen sein bumper bemper diahatsu zebra vana astrea,Spare Part Mobil
jual switch saklar tombol power window pintu kaca brio,Spare Part Mobil
jual lemari plastik brio susun kota surabaya star,Lainnya
jual terminal battery fuse sekring sekering aki honda brio,Spare Part Mobil
jual rear wheel cylinder master rem silinder roda,Spare Part Mobil
jual dinamo amper alternator dinamo honda civic fd kota depok,Spare Part Mobil
jual ban mobil yokohama advan db ban civic,Spare Part Mobil
jual cover tutup engsel roof atap pintu bagasi,Spare Part Mobil
jual engine mounting karet dudukan mesin transmisi kiri,Spare Part Mobil
jual nozzle nozle semprotan air wiper kaca honda crv,Spare Part Mobil
jual karet list lis roof atap kanan kiri honda brio,Spare Part Mobil
jual cooling fan daun baling kipas ac condensor kondensor,Spare Part Mobil
jual cap karet tutup mur shock breaker damper,Spare Part Mobil
jual lower bulkhead bullhead besi rangka tulang radiator brio,Spare Part Mobil
jual stiker pintu mobil honda no good racing kab tangerang,Aksesoris Eksterior
jual lampu sein sen corner lamp kanan rh honda,Spare Part Mobil
jual kampas rem honda crv re gen crv gen ori asli,Spare Part Mobil
jual velg racing weld ring pcd velg mobil brio,Spare Part Mobil
jual pipa selang leher tabung tangki air wiper brio mobilio,Spare Part Mobil
jual ignition kuil koil honda crv original kota,Spare Part Mobil
jual switch saklar tombol power window pintu kaca brio,Spare Part Mobil
jual stabil stabilizer honda mobilio brio brv japan,Spare Part Mobil
jual karet channel kaca pintu kanan civic fd original asli,Spare Part Mobil
jual ring set piston seher honda crv gen ori,Spare Part Mobil
jual brake pad kampas rem honda crv,Spare Part Mobil
jual handel handle tarikan pintu kanan honda grand,Spare Part Mobil
jual tank cover tutup bensin mobil honda brio chrome combinasi,Spare Part Mobil
jual stiker mobil honda murah type stiker sisi samping type,Aksesoris Eksterior
jual velg mobil ssr type velg ring terios rush xpander,Spare Part Mobil
jual tabung radiator reservoir assy radiator,Spare Part Mobil
jual tank cover stargazer tutup tangki bensin mobil hyundai,Spare Part Mobil
jual seal as roda transmisi hyundai atoz kia visto automatic,Spare Part Mobil
jual terori switch lampu mundur swit lampu atret,Spare Part Mobil
jual kabel busi hyundai atoz kia visto asli ori original,Spare Part Mobil
jual original ori karpet lumpur kiri hyundai atoz,Aksesoris Eksterior
jual bearing sensor roda santa fe sportage kab,Spare Part Mobil
jual karpet mobil mie bihun hyundai full set bagasi bahan,Aksesoris Interior
jual karpet mobil kia picanto picanto kota cimahi,Aksesoris Interior
jual window regulator kaca jendela fuso kiri jakarta,Spare Part Mobil
jual karet tutup lampu kijang kijang kapsul,Spare Part Mobil
jual kabel spiral klakson chevrolet optra estate spiral clock,Spare Part Mobil
jual lembaran poster iklan jadul lawas mobil bmw kab,Lainnya
jual coil solenoid jakarta pusat cipta makmur,Spare Part Mobil
jual seal psd seal hdy seal piston pneumatic,Spare Part Mobil
jual mesin las listrik terbaik terbaik harga murah april,Lainnya
jual mobil mobilan aki pmb tipe bmw kota depok,Lainnya
jual filter bensin bmw merk bosch jakarta pusat,Spare Part Mobil
jual fuse sekring original bmw kota depok shem,Spare Part Mobil
jual beras bmw kg kota tangerang selatan fikri shop,Lainnya
jual lembaran poster iklan jadul lawas mobil bmw kab,Lainnya
jual lembaran poster iklan jadul lawas mobil bmw kab,Lainnya
jual ybc kit perbaikan barel silinder kunci pintu cocok,Spare Part Mobil
jual beras saigon bandung cap jambu jakarta,Lainnya
jual mobil aki forklift mainan anak ban karet kota depok,Lainnya
jual pakan cupang pelet ikan betta kids kota depok,Lainnya
jual terori switch lampu mundur swit lampu atret,Spare Part Mobil
jual brake pad kampas rem honda crv,Spare Part Mobil
jual roda gila mobil terlengkap harga murah mei cicil,Spare Part Mobil
jual stabil mercedes mercy,Spare Part Mobil
jual slack adjustador kanan eckisil bis mercy,Spare Part Mobil
jual filter udara mercedes,Spare Part Mobil
jual hot wheels mercedes-benz sl diorama loose kota,Lainnya
jual buku manual book pedoman mercy mercedes c-class,Lainnya
jual diecast mobil realtoy mercedes jakarta pusat pixelfigure,Lainnya
jual ban pirelli ban mobil pzero ring std mercedez,Spare Part Mobil
jual tikar lantai spons gulung mercy bentol murah tebal,Lainnya
jual usb port charger led armrest khusus mobil toyota sienta,Aksesoris Interior
jual dinamo alternator ampere nissan forklift,Spare Part Mobil
jual mobil mobilan aki pmb tipe bmw kota depok,Lainnya
jual poster rangka manusia skeleton ready stock campur,Lainnya
jual garpu ketapel mitsubishi fuso tayo copotan asli,Spare Part Mobil
jual lampu nissan quester original kiri jakarta barat,Spare Part Mobil
jual cover silikon kunci remote mobil suzuki ertiga,Lainnya
jual seal kruk as escudo grand vitara asli sgp,Spare Part Mobil
jual karpet lantai ertiga karet karpet mobil karet ertiga set,Aksesoris Interior
jual selang radiator suzuki carry ori,Spare Part Mobil
jual bushing stang seher piston carry extra jimny jangkrik,Spare Part Mobil
jual as klep noken as suzuki jimny katana original asli ori,Lainnya
jual keong suzuki carry futura asli sgp jakarta utara,Spare Part Mobil
jual stik colokan oli mesin suzuki grand vitara jakarta,Spare Part Mobil
jual bosh tongkat persneling suzuki escudo asli,Spare Part Mobil
jual karet chanel kaca baleno jakarta utara,Spare Part Mobil
jual motor fan kipas radiator baleno th denso ori original,Spare Part Mobil
jual aki mobil merk fleet avanza xenia carry,Spare Part Mobil
jual lampu sein fender sen samping baleno apv ertiga,Spare Part Mobil
jual shockbreaker shock breaker carry cary isi aspira,Spare Part Mobil
jual dop bohlam lampu rem mundur avanza xenia agya ayla,Spare Part Mobil
jual kopling set ertiga suzuki genuine partdealer komplit asli ori,Spare Part Mobil
jual frame tape panel hu suzuki ignis sgp asli ori original,Spare Part Mobil
jual tutup laci dashboard carry futura ori original jakarta pusat,Spare Part Mobil
jual lembaran brosur iklan mobil suzuki ciaz kab sukoharjo,Lainnya
jual over fender trim lis list ban mobil suzuki apv,Aksesoris Eksterior
jual ban mobil standar veloz ertiga livina,Spare Part Mobil
jual tmc karet master rem carry seiken tmc ori,Spare Part Mobil
jual timing teming belt set carry futura,Spare Part Mobil
jual sensor knalpot sensor oxygen grand vitara,Spare Part Mobil
jual stiker mobil suzuki swift stiker mobil swift keren striker mobil ignis,Aksesoris Eksterior
jual stiker mobil pickup tulisan kaca granmax carry,Aksesoris Eksterior
jual kunci konci kontak set mitsubishi triton asli jakarta pusat,Spare Part Mobil
jual etacs asli mitsubishi pajero sport jakarta pusat,Spare Part Mobil
jual exhaust fan dinding mitsubishi jakarta,Spare Part Mobil
jual manifol intake manipol minyak mitsubishi xpander jakarta,Spare Part Mobil
jual thermostat termostat mitsubishi old karburator,Spare Part Mobil
jual gantungan ban serep jeep mitsubishi original kota bandar,Aksesoris Eksterior
jual boxy mitsubishi pulpen original pcs hitam kota,Lainnya
jual kunci kontak assy mitsubishi jakarta pusat rkp,Spare Part Mobil
jual piston kaliper mitsubishi pajero genuine part,Spare Part Mobil
jual laci dashbor asli mitsubishi pajero sport triton jakarta pusat,Spare Part Mobil
jual garpu ketapel mitsubishi fuso tayo copotan asli,Spare Part Mobil
jual tabung tangki pompa air mitsubishi hitachi sanyo,Lainnya
jual pully pulley puly ker as crankshaft crank shaft mitsubishi,Spare Part Mobil
jual garpu kopling mitsubishi colt diesel ori original asli,Spare Part Mobil
jual karet boot as roda asroda cv joint kopel kokel,Spare Part Mobil
jual water separator pompa solar mitsubishi triton original,Spare Part Mobil
jual sensor crankshaft mitsubishi triton pajero original asli ori,Spare Part Mobil
jual packing paking set mitsubishi colt diesel disel ps,Spare Part Mobil
jual turbo mitsubishi jakarta barat,Spare Part Mobil
jual tutup bak softlid carryboy mitsubishi triton jakarta,Aksesoris Eksterior
review spring pin pen polos mitsubishi ps,Spare Part Mobil
jual aki kering mobil mazda sky active,Spare Part Mobil
jual nichirin japan selang rem mazda vantrend,Spare Part Mobil
jual original ori asli fuse aki mazda skyactive,Spare Part Mobil
jual risgin busi mazda garansi ori asli original jakarta pusat,Spare Part Mobil
jual tutup lampu mazda penutup lensa lampu,Spare Part Mobil
jual dinamo amper alternator dinamo honda civic fd kota depok,Spare Part Mobil
jual bearing sensor roda santa fe sportage kab,Spare Part Mobil
jual tank cover stargazer tutup tangki bensin mobil hyundai,Spare Part Mobil
jual sarung jok mobil paten lederlux primo mobil voxy kab,Aksesoris Interior
jual kopling set matahari kampas bearing ori,Spare Part Mobil
jual baut stud cover tutup engine mesin tutup mesin xpander,Spare Part Mobil
jual timing teming belt set carry futura,Spare Part Mobil
jual packing paking gasket full set triton cc bahan besi plat,Spare Part Mobil
jual knuckle knukle as roda kijang grand kijang kapsul,Spare Part Mobil
jual kebaya batik baju couple pasangan mahala kekinian,Lainnya
jual nozzle nozle semprotan air wiper kaca honda crv,Spare Part Mobil
jual aki mobil kia carnival pregio sedona travello truk gs,Spare Part Mobil
jual karpet mobil kia picanto picanto kota cimahi,Aksesoris Interior
jual pelampung bensin tangki tengki kia carnival bensin jakarta,Spare Part Mobil
jual tabung radiator reservoir assy radiator,Spare Part Mobil
jual seal as roda transmisi hyundai atoz kia visto automatic,Spare Part Mobil
jual tutup filter udara toyota dyna saurus,Spare Part Mobil
jual insulator fender kanan kia picanto kota,Spare Part Mobil
jual karpet mobil mie bihun hyundai full set bagasi bahan,Aksesoris Interior
jual mika sein wuling convero mika sein spion wuling confero sein,Spare Part Mobil
jual kunci kontak power lock set sepeda listrik sunrace,Lainnya
jual karpet mobil mie vios gen bahan warna full bagasi,Aksesoris Interior
jual cover silikon kunci remote mobil suzuki ertiga,Lainnya
jual kabel gas jakarta barat,Spare Part Mobil
jual ban pirelli ban mobil pzero ring std mercedez,Spare Part Mobil
jual sarung jok mobil paten lederlux primo mobil voxy kab,Aksesoris Interior
jual tank cover tutup bensin mobil honda brio chrome combinasi,Spare Part Mobil
jual velg mobil hsr klg ring velg hsr klg,Spare Part Mobil
istilah game ff pemula,Lainnya
inpirasi model baju imlek cheongsam,Lainnya
jual kopling set matahari kampas bearing ori,Spare Part Mobil
jual dompet gantungan kunci stnk mobil isuzu panther,Lainnya
jual sensor crankshaft mitsubishi triton pajero original asli ori,Spare Part Mobil
jual sensor knalpot sensor oxygen grand vitara,Spare Part Mobil
jual aki mobil toyota kijang innova gs astra premium aki,Spare Part Mobil
promo lahar roda espass lahar roda,Spare Part Mobil
promo paking packing gasket cylinder head bensin diskon,Spare Part Mobil
jual racor fuel water separator seller,Spare Part Mobil
jual waterpump water pump pompa air innova fortuner hilux,Spare Part Mobil
jual recommended kampas kopling dutro dyna disc,Spare Part Mobil
jual aki mobil daihatsu terios gs astra premium aki,Spare Part Mobil
jual aki mobil daihatsu terios gs astra premium aki,Spare Part Mobil
jual kunci tutup tangki bensin daihatsu grand max gran max,Spare Part Mobil
promo aki mobil daihatsu grand max gs premium astra aki,Spare Part Mobil
jual busi iridium luxio terbaru harga termurah,Spare Part Mobil
jual aki mobil toyota kijang innova gs astra premium aki,Spare Part Mobil
promo lahar roda espass lahar roda,Spare Part Mobil
promo paking packing gasket cylinder head bensin diskon,Spare Part Mobil
jual racor fuel water separator seller,Spare Part Mobil
jual waterpump water pump pompa air innova fortuner hilux,Spare Part Mobil
recommended kampas kopling set matic accord odyssei civic crv,Spare Part Mobil
jual aki mobil toyota kijang innova gs astra premium aki,Spare Part Mobil
promo lahar roda espass lahar roda,Spare Part Mobil
jual meja baca quran rehal rekal taktakan alquran disetel,Lainnya
jual win filter termurah harga grosir terupdate blibli,Lainnya
promo stut operan gigi scorpio stut bearing tiang perseneling,Lainnya
mobil listrik wuling harga otr promo mei spesifikasi,Kendaraan
jual kunci tutup tangki bensin daihatsu grand max gran max,Spare Part Mobil
jual waterpump water pump pompa air innova fortuner hilux,Spare Part Mobil
jual racor fuel water separator seller,Spare Part Mobil
jual recommended kampas kopling dutro dyna disc,Spare Part Mobil
jual jok latex vario terbaru harga termurah blibli,Lainnya
promo stut operan gigi scorpio stut bearing tiang perseneling,Lainnya
jual aki motor jupiter burhan burung hantu dry plus,Lainnya
jual sticker buku warna ungu original harga termurah mei,Lainnya
promo stut operan gigi scorpio stut bearing tiang perseneling,Lainnya
jual kunci tutup tangki bensin daihatsu grand max gran max,Spare Part Mobil
jual recommended kampas kopling dutro dyna disc,Spare Part Mobil
jual racor fuel water separator seller,Spare Part Mobil
jual waterpump water pump pompa air innova fortuner hilux,Spare Part Mobil
promo stut operan gigi scorpio stut bearing tiang perseneling,Lainnya
jual aki mobil toyota kijang innova gs astra premium aki,Spare Part Mobil
jual busi iridium luxio terbaru harga termurah,Spare Part Mobil
promo lahar roda espass lahar roda,Spare Part Mobil
promo paking packing gasket cylinder head bensin diskon,Spare Part Mobil
jual racor fuel water separator seller,Spare Part Mobil
jual rc drift original harga termurah mei blibli,Lainnya
jual aki mobil toyota kijang innova gs astra premium aki,Spare Part Mobil
promo lahar roda espass lahar roda,Spare Part Mobil
jual aki mobil daihatsu terios gs astra premium aki,Spare Part Mobil
promo aki mobil daihatsu grand max gs premium astra aki,Spare Part Mobil
jual recommended kampas kopling set matic accord odyssei,Spare Part Mobil
jual recommended kampas kopling dutro dyna disc,Spare Part Mobil
jual racor fuel water separator seller,Spare Part Mobil
jual kunci tutup tangki bensin daihatsu grand max gran max,Spare Part Mobil
jual waterpump water pump pompa air innova fortuner hilux,Spare Part Mobil
promo stut operan gigi scorpio stut bearing tiang perseneling,Lainnya
mobil listrik wuling harga otr promo mei spesifikasi,Kendaraan
jual mika wuling terbaru harga termurah blibli,Aksesoris Eksterior
jual busi pemanas elf terbaru harga termurah,Spare Part Mobil
jual yamaha fazzio otr lampung terbaru harga termurah,Lainnya
jual motor lelang pegadaian terbaru harga termurah,Lainnya
jual gagang batang spion toyota dyna rino saurus tusuk,Spare Part Mobil
jual kompresor compressor ac mobil toyota vios,Spare Part Mobil
jual headlamp head lamp lampu toyota kijang efi,Spare Part Mobil
jual produk modul airbag toyota rush modul termurah,Spare Part Mobil
jual produk stoplamp altis termurah terlengkap mei,Spare Part Mobil
jual bearing roda agya ayla sensor abs,Spare Part Mobil
jual seal coil sil koil tutup klep cylinder head avanza,Spare Part Mobil
jual ring kuningan tebal hub gigi transmisi avanza original,Spare Part Mobil
jual modul remot alarm avanza sd lapak,Spare Part Mobil
jual produk modul airbag toyota rush modul termurah,Spare Part Mobil
jual beli sarung jok mobil trim murah april halaman,Aksesoris Interior
jual gagang batang spion toyota dyna rino saurus tusuk,Spare Part Mobil
jual replektor bemper luxio lapak azka auto bukalapak,Aksesoris Eksterior
jual bearing roda agya ayla sensor abs,Spare Part Mobil
jual kompresor compressor ac mobil toyota vios,Spare Part Mobil
jual plastik cover tutup reclining handle handel kursi bangku jok,Spare Part Mobil
jual plastik cover tutup reclining handle handel kursi bangku jok,Spare Part Mobil
jual centerpipe knalpot mobil honda brio bahan pipa monel,Spare Part Mobil
jual beli sarung jok mobil trim murah april halaman,Aksesoris Interior
jual garnish list bagasi innova reborn facelift trunk lid,Aksesoris Eksterior
jual bearing roda agya ayla sensor abs,Spare Part Mobil
jual headlamp head lamp lampu toyota kijang efi,Spare Part Mobil
jual steering knuckle as roda kiri diesel,Spare Part Mobil
jual kompresor compressor ac mobil toyota vios,Spare Part Mobil
jual replektor bemper luxio lapak azka auto bukalapak,Aksesoris Eksterior
jual steering knuckle as roda kiri diesel,Spare Part Mobil
jual kompresor compressor ac mobil toyota vios,Spare Part Mobil
jual bearing roda agya ayla sensor abs,Spare Part Mobil
jual bearing roda agya ayla sensor abs,Spare Part Mobil
jual reflektor lampu headlight set cover batok honda tiger,Lainnya
jual list pelipit pintu kaca futura carry,Spare Part Mobil
jual beli sarung jok mobil trim murah april halaman,Aksesoris Interior
jual bearing roda agya ayla sensor abs,Spare Part Mobil
jual steering knuckle as roda kiri diesel,Spare Part Mobil
jual clutch master blok kopling isuzu dmax d-max th,Spare Part Mobil
jual kompresor compressor ac mobil toyota vios,Spare Part Mobil
jual pipa oli samping pendek ninja ss rr kgp,Lainnya
jual produk sensor mundur original mitsubishi mirage termurah,Spare Part Mobil
jual produk matic torqon asli termurah terlengkap mei,Spare Part Mobil
jual garnish list bagasi innova reborn facelift trunk lid,Aksesoris Eksterior
jual kompresor compressor ac mobil toyota vios,Spare Part Mobil
jual bearing roda agya ayla sensor abs,Spare Part Mobil
jual beli sarung jok mobil trim murah april halaman,Aksesoris Interior
jual proyektor harga rb gratis ongkir mei halaman,Lainnya
jual list pelipit pintu kaca futura carry,Aksesoris Eksterior
jual clutch master blok kopling isuzu dmax d-max th,Spare Part Mobil
jual kompresor compressor ac mobil toyota vios,Spare Part Mobil
jual pipa oli samping pendek ninja ss rr kgp,Lainnya
jual shockbreaker asli toyota avanza xenia,Spare Part Mobil
jual grill model apollo mobil toyota raize ferrari variasi merah,Aksesoris Eksterior
jual crossmember radiator toyota kijang super kota bekasi,Spare Part Mobil
jual lampu plafon toyota fortuner legender gr sport,Spare Part Mobil
jual daihatsu ori karet zebra espass jetstar,Spare Part Mobil
jual lampu stop lamp lampu daihatsu classy,Spare Part Mobil
jual engine mounting monting kiri daihatsu ceria original asli ori,Spare Part Mobil
jual bemper bumper daihatsu taruna kab bekasi a'suki,Spare Part Mobil
jual ban mobil bekas daihatsu xenia kota batam,Spare Part Mobil
jual cover bungkus jok mobil daihatsu espass pick up cover jok,Aksesoris Interior
jual stiker kaca mobil daihatsu penikmat rpm stiker variasi kaca,Aksesoris Eksterior
jual shockbreaker asli toyota avanza xenia,Spare Part Mobil
jual cover tutup rumah filter saringan udara xenia ori,Spare Part Mobil
jual velg standar avanza terlengkap harga murah april,Spare Part Mobil
jual cowok kit master kopling seiken jpn crv hr-v,Spare Part Mobil
jual sensor abs kiri honda hrv original jakarta,Spare Part Mobil
promo sticker pelindung sill plate pijakan lantai pintu mobil,Aksesoris Eksterior
jual bohlam lampu honda brio mobilio rs osram,Spare Part Mobil
jual karpet mobil honda hrv premium hitam cream,Aksesoris Interior
jual cover battery plate plat besi penahan aki honda brio,Spare Part Mobil
jual hotwheels honda civic si hitam hot item kota depok hachi,Lainnya
jual cover ecu electronic control unit honda brio civic crv,Spare Part Mobil
jual katalik katalis knalpot honda freed brio jazz jakarta barat,Spare Part Mobil
jual return spring retainer kopling matic metik honda crv cr-v,Spare Part Mobil
jual karet pelipit kaca pintu brio rs gen,Spare Part Mobil
jual karet tutup minyak rem master rem honda hrv accord freed,Spare Part Mobil
jual ic regulator alternator altenator honda accord maestro ori,Spare Part Mobil
jual lower arm sayap honda brio asli ori original,Spare Part Mobil
jual karet seal pintu honda hrv ori original asli,Spare Part Mobil
jual kunci busi hyundai kota bandung centralautopart tokopedia,Spare Part Mobil
jual karpet mobil honda hrv premium hitam cream,Aksesoris Interior
jual mesin stamper terbaik harga murah mei cicil,Lainnya
jual pelindung leher cross terlengkap harga murah,Lainnya
jual grill model apollo mobil toyota raize ferrari variasi merah,Aksesoris Eksterior
jual mesin duplikat kunci mobil otomatis xhorse panda,Lainnya
jual sakazuki polo shirt kaos kerah motor yamaha grand,Lainnya
jual grease nipple steel fitting grease lurus mm,Spare Part Mobil
jual kancing klip mobil bos wiper futura kota depok,Aksesoris Eksterior
jual modul ews bmw jakarta selatan kampakan,Spare Part Mobil
jual rumah lampu bohlam stoplamp bmw kota,Spare Part Mobil
jual thermostat termostat bmw,Spare Part Mobil
jual kartu flazz bca gen amg mercy jakarta barat fyglory,Lainnya
jual suggo tulban multi pan loyang cetakan kue bolu,Lainnya
jual spion nemo xmax pnp honda honda kab sleman hujat,Lainnya
jual iklan mobil mercedes-benz family kota malang kertas abc,Lainnya
jual mainan anak mobil aki pmb khusus warna,Lainnya
jual hst kawat bulupipe cleaner bulu mercy kota malang,Lainnya
jual cover tangki bagasi mercedes benz kota bekasi rize,Aksesoris Eksterior
jual kartu flazz bca gen amg mercy jakarta barat fyglory,Lainnya
jual miniatur diecast mobil mercedes benz maybach skala,Lainnya
jual iklan mobil mercedes-benz family kota malang kertas abc,Lainnya
jual selang udara air mass flow caravelle,Lainnya
jual mainan anak mobil aki toyota hilux lisensi kota,Lainnya
jual hqd puffs disposable pod vape stick kota denpasar,Lainnya
jual pelek mobil standar copotan avanza old ring,Spare Part Mobil
jual lampu sein spion suzuki grand vitara asli sgp kiri jakarta,Spare Part Mobil
jual velg mobil copotan oem ertiga ring lubang ban,Spare Part Mobil
jual karpet lantai ertiga karet karpet mobil karet ertiga set,Aksesoris Interior
jual headlamp lampu kiri suzuki apv old mega carry,Spare Part Mobil
jual cover tutup mesin kolong suzuki baleno,Spare Part Mobil
jual handle pintu kiri aerio,Spare Part Mobil
jual key cover sarung kunci kulit suzuki xl alpha beta,Aksesoris Eksterior
jual kampas kopling mega carry plat kopling mega carry ori,Spare Part Mobil
jual karet rem apv grand vitara,Spare Part Mobil
jual water outlet rumah thermostat baleno,Spare Part Mobil
jual motor fan kipas kipas radiator suzuki aerio baleno next,Lainnya
jual kampas kopling clutch disc suzuki ertiga exedy original asli,Spare Part Mobil
jual bodykit lips ertiga sporty plus cat kab sidoarjo andre,Aksesoris Eksterior
jual lampu stop ertiga type gxxl kiri,Spare Part Mobil
jual pintu mitsubishi ragasa rhlh colt diesel kiri,Spare Part Mobil
jual tutup radiator caps radiator mitsubishi kuda,Spare Part Mobil
jual glow plug mitsubishi diesel hkt,Spare Part Mobil
jual karet strud strut bar mitsubishi kuda diesel,Spare Part Mobil
jual dop roda velg tutup as roda mitsubishi kuda ori original asli,Spare Part Mobil
jual original ori asli lampu sen sein mazda familia versi,Spare Part Mobil
jual karet gromet grommet stir mazda familia kiri kanan,Spare Part Mobil
jual velg copotan mobil standar mazda ring pcd velg,Spare Part Mobil
jual engine mounting kanan biante skyactiv oem jakarta timur,Spare Part Mobil
jual kunci busi hyundai kota bandung centralautopart tokopedia,Spare Part Mobil
jual karet tutup minyak rem master rem honda hrv accord freed,Spare Part Mobil
jual water outlet rumah thermostat baleno,Spare Part Mobil
jual kampas kopling clutch disc suzuki ertiga exedy original asli,Spare Part Mobil
jual pcs logo emblem sayap honda plat logam premium,Aksesoris Eksterior
jual velg mobil celong tapak lebar mg zs hsr,Spare Part Mobil
jual velg mobil celong tapak lebar mg zs hsr,Spare Part Mobil
jual metal duduk kuda size kota tangerang,Spare Part Mobil
jual key cover sarung kunci kulit suzuki xl alpha beta,Aksesoris Eksterior
jual karpet mobil honda hrv premium hitam cream,Aksesoris Interior
jual klip bemper klip baut mud guard klip kancing mobil sigra,Spare Part Mobil
promo sticker pelindung sill plate pijakan lantai pintu mobil,Aksesoris Eksterior
jual lampu rem spoiler mobil avanza xenia dg,Spare Part Mobil
jual lower arm sayap honda brio asli ori original,Spare Part Mobil
jual jual ban mobil merk maxxis ring kuat,Spare Part Mobil
istilah game ff pemula,Lainnya
inpirasi model baju imlek cheongsam,Lainnya
promo lampu sen sein kanan toyota starlet kapsul,Spare Part Mobil
promo kotak tisu kulit mobil toyota avanza toyota veloz,Lainnya
jual aki mobil toyota rush incoe premium astra aki basah,Spare Part Mobil
jual radiator toyota starlet kotak manual seller shop,Spare Part Mobil
jual oli toyota tmo filter oli avanza xenia rush,Spare Part Mobil
promo shaft as sayap isuzu panther diskon seller,Spare Part Mobil
jual shock breaker hiace commuter orisinil,Spare Part Mobil
jual pipa water inlet thermostat suzuki swift asli sgp seller,Spare Part Mobil
jual limited emblem zip drive kia visto terbaru seller topsmant,Aksesoris Eksterior
jual karet penutup lubang body pintu bagasi daihatsu taft,Spare Part Mobil
jual karet kaca zebra terbaru harga termurah,Spare Part Mobil
promo shaft as sayap isuzu panther diskon seller,Spare Part Mobil
jual pipa water inlet thermostat suzuki swift asli sgp seller,Spare Part Mobil
jual radiator toyota starlet kotak manual seller shop,Spare Part Mobil
jual oli toyota tmo filter oli avanza xenia rush,Spare Part Mobil
jual honda brio satya seller mobil honda thamrin jambi,Spare Part Mobil
jual sensor oksigen honda city terbaru harga termurah,Spare Part Mobil
jual promo aki mobil honda hrv crv gs mf aki kering,Spare Part Mobil
jual oli toyota tmo filter oli avanza xenia rush,Spare Part Mobil
jual limited emblem zip drive kia visto terbaru seller topsmant,Aksesoris Eksterior
jual terlaris grosir tweeter mobil alpine dome crossover,Aksesoris Interior
jual dop velg kaleng pcd model sahara seller shanum oto,Spare Part Mobil
jual corsair thunderbolt dock seller chemicy gaming,Lainnya
promo center dop velg kaleng pcd diskon seller,Spare Part Mobil
jual karet stabilizer terbaru harga termurah,Spare Part Mobil
promo shaft as sayap isuzu panther diskon seller,Spare Part Mobil
jual pipa water inlet thermostat suzuki swift asli sgp seller,Spare Part Mobil
jual shock breaker hiace commuter orisinil,Spare Part Mobil
jual gunting galah-gunting tarik-gergaji dahan pohon-tree pruner,Lainnya
jual radiator toyota starlet kotak manual seller shop,Spare Part Mobil
jual oli transmisi truck hino terbaru harga termurah,Spare Part Mobil
jual limited emblem zip drive kia visto terbaru seller topsmant,Aksesoris Eksterior
jual selancar kolong vixion terbaru harga termurah,Lainnya
jual tesser ultrasonic cleaner terbaru harga termurah,Lainnya
jual tas rubicon terbaru harga termurah blibli,Lainnya
jual matahari hijet terbaru harga termurah,Spare Part Mobil
jual ban terbaru harga termurah blibli,Spare Part Mobil
jual spakbor motor costum terbaru harga,Lainnya
jual tas rubicon terbaru harga termurah blibli,Lainnya
jual karung transparan kg original murah harga diskon mei,Lainnya
jual parfum botol bentuk apel apple mobil kamar kamar,Lainnya
jual aki mobil ford focus faster aki kering,Spare Part Mobil
promo kotak tisu kulit mobil toyota avanza toyota veloz,Aksesoris Interior
jual kacang koro termurah harga grosir terupdate,Lainnya
ciri ciri sandal carvil original simak yuk,Lainnya
promo shaft as sayap isuzu panther diskon seller,Spare Part Mobil
jual pipa water inlet thermostat suzuki swift asli sgp seller,Spare Part Mobil
jual shock breaker hiace commuter orisinil,Spare Part Mobil
jual radiator toyota starlet kotak manual seller shop,Spare Part Mobil
promo kotak tisu kulit mobil toyota avanza toyota veloz,Aksesoris Interior
jual oli toyota tmo filter oli avanza xenia rush,Spare Part Mobil
jual rollbar mitsubishi strada gladiator seller fury pasar,Spare Part Mobil
jual pedal kopling mitsubishi ragasa original seller,Spare Part Mobil
jual oli atf xpander terbaru harga termurah,Spare Part Mobil
jual oli toyota tmo filter oli avanza xenia rush,Spare Part Mobil
jual limited emblem zip drive kia visto terbaru seller topsmant,Aksesoris Eksterior
promo shaft as sayap isuzu panther diskon seller,Spare Part Mobil
jual terlaris grosir tweeter mobil alpine dome crossover,Aksesoris Interior
jual pipa water inlet thermostat suzuki swift asli sgp seller,Spare Part Mobil
jual shock breaker hiace commuter orisinil,Spare Part Mobil
jual promo master kopling asli canter ps,Spare Part Mobil
jual karet stabilizer terbaru harga termurah,Spare Part Mobil
jual kopling set kampas kopling dekrup matahari kijang,Spare Part Mobil
jual oli toyota tmo filter oli avanza xenia rush,Spare Part Mobil
jual promo aki mobil honda hrv crv gs mf aki kering,Spare Part Mobil
jual aki mobil toyota rush incoe premium astra aki basah,Spare Part Mobil
jual kopling set kampas kopling dekrup matahari kijang,Spare Part Mobil
jual promo master kopling asli canter ps,Spare Part Mobil
jual honda brio satya seller mobil honda thamrin jambi,Spare Part Mobil
promo shaft as sayap isuzu panther diskon seller,Spare Part Mobil
jual shock breaker hiace commuter orisinil,Spare Part Mobil
jual pipa water inlet thermostat suzuki swift asli sgp seller,Spare Part Mobil
jual radiator toyota starlet kotak manual seller shop,Spare Part Mobil
jual aki mobil ford focus faster aki kering,Spare Part Mobil
wuling harga otr promo mei spesifikasi review blibli,Kendaraan
jual honda brio satya seller mobil honda thamrin jambi,Kendaraan
jual limited emblem zip drive kia visto terbaru seller topsmant,Aksesoris Eksterior
jual list striping crf terbaru harga termurah blibli,Lainnya
jual kul stater jupiter terbaru harga termurah,Lainnya
jual helm kyt terbaru harga termurah blibli,Lainnya
jual selancar kolong vixion terbaru harga termurah,Lainnya
jual leopard terbaru harga termurah blibli,Lainnya
jual noken as smash racing terbaru harga termurah,Lainnya
jual matahari hijet terbaru harga termurah,Spare Part Mobil
jual tas rubicon terbaru harga termurah blibli,Lainnya
jual jbl gran terbaru harga termurah blibli,Aksesoris Interior
jual brush set stater jupiter terbaru harga termurah,Lainnya
jual ban terbaru harga termurah blibli,Spare Part Mobil
jual step foot nissan xtrail terbaru harga termurah,Aksesoris Eksterior
jual karet vacum karburator terbaru harga termurah,Spare Part Mobil
jual noken as recing gl pro terbaru harga termurah,Spare Part Mobil
jual kuku bucket kobelco terbaru harga termurah,Spare Part Mobil
jual vanbelt yamaha fazzio terbaru harga termurah,Lainnya
jual gagang batang spion toyota dyna rino saurus tusuk,Spare Part Mobil
jual corner lamp lampu riting sein sen kiri,Spare Part Mobil
jual bohlam lampu sein sen-bohlam lampu reting toyota kijang,Spare Part Mobil
jual produk pompa bensin toyota yaris termurah terlengkap,Spare Part Mobil
jual produk metal duduk toyota termurah terlengkap mei,Spare Part Mobil
jual beli stir mobil aksesoris interior mobil murah halaman,Spare Part Mobil
jual selang tangki bensin solar innova reborn fortuner vrz,Spare Part Mobil
jual produk shockbreaker kijang termurah,Spare Part Mobil
jual produk metal duduk fortuner vrz termurah terlengkap,Spare Part Mobil
jual beli interior mobil online murah april halaman,Aksesoris Interior
jual lampu plafon lampu kabin mobil led putih universal brio,Aksesoris Interior
jual bearing roda agya ayla sensor abs,Spare Part Mobil
jual beli sarung jok mobil trim murah mei halaman,Aksesoris Interior
jual seal coil sil koil tutup klep cylinder head avanza,Spare Part Mobil
jual ring kuningan tebal hub gigi transmisi avanza original,Spare Part Mobil
kategori jual beli aksesoris onderdil sparepart mobil halaman,Spare Part Mobil
jual produk box rack stir daihatsu termurah terlengkap april,Spare Part Mobil
jual brake lever kit stelan setelan rem tangan taft badak kiri,Spare Part Mobil
jual beli stir mobil aksesoris interior mobil murah halaman,Spare Part Mobil
jual gagang batang spion toyota dyna rino saurus tusuk,Spare Part Mobil
jual bearing roda agya ayla sensor abs,Spare Part Mobil
jual bohlam lampu sein sen-bohlam lampu reting toyota kijang,Spare Part Mobil
jual lampu plafon lampu kabin mobil led putih universal brio,Spare Part Mobil
jual produk rack steering honda crv termurah terlengkap,Spare Part Mobil
jual lampu plafon lampu kabin mobil led putih universal brio,Spare Part Mobil
jual produk pelek racing hsr ring termurah terlengkap,Spare Part Mobil
jual produk putih termurah terlengkap mei,Spare Part Mobil
jual produk pelek terbaru hsr termurah terlengkap mei,Spare Part Mobil
jual beli sarung jok mobil trim murah mei halaman,Aksesoris Eksterior
jual garnish list bagasi innova reborn facelift trunk lid,Aksesoris Eksterior
jual bearing roda agya ayla sensor abs,Spare Part Mobil
jual produk pompa bensin toyota yaris termurah terlengkap,Spare Part Mobil
jual beli interior mobil online murah april halaman,Aksesoris Interior
jual jemuran pakaian dinding lipat serbaguna gantungan baju,Lainnya
jual selang tangki bensin solar innova reborn fortuner vrz,Spare Part Mobil
jual produk pelek terbaru hsr termurah terlengkap mei,Spare Part Mobil
jual bearing roda agya ayla sensor abs,Spare Part Mobil
jual beli stir mobil aksesoris interior mobil murah halaman,Spare Part Mobil
jual beli stir mobil aksesoris interior mobil murah halaman,Spare Part Mobil
jual beli interior mobil online murah april halaman,Aksesoris Interior
jual beli alat pelindung diriperalatan lengkap murah,Lainnya
jual bearing roda agya ayla sensor abs,Spare Part Mobil
jual selang tangki bensin solar innova reborn fortuner vrz,Spare Part Mobil
jual produk pelek racing hsr ring termurah terlengkap,Spare Part Mobil
jual visco fan escudo asli sgp lapak sparepart,Lainnya
jual produk pelek racing hsr ring termurah terlengkap,Spare Part Mobil
jual bohlam lampu sein sen-bohlam lampu reting toyota kijang,Spare Part Mobil
jual beli sarung jok mobil trim murah mei halaman,Aksesoris Eksterior
jual brake lever kit stelan setelan rem tangan taft badak kiri,Spare Part Mobil
jual beli stir mobil aksesoris interior mobil murah halaman,Aksesoris Interior
jual brake lever kit stelan setelan rem tangan taft badak kiri,Spare Part Mobil
jual bearing roda agya ayla sensor abs,Spare Part Mobil
jual produk putih termurah terlengkap mei,Spare Part Mobil
jual lampu plafon lampu kabin mobil led putih universal brio,Spare Part Mobil
kategori jual beli aksesoris onderdil sparepart mobil halaman,Spare Part Mobil
jual bodykit jazz vitek lapak zaitun variasi bukalapak,Aksesoris Eksterior
jual produk stir mitsubishi kuda bensin termurah terlengkap,Spare Part Mobil
jual komputer mesin ecu asli mitsubishi lancer evo,Spare Part Mobil
jual produk stang seher mitsubishi termurah terlengkap april,Spare Part Mobil
jual produk stir kuda bensin kuda termurah terlengkap mei,Spare Part Mobil
jual produk ker as asli termurah terlengkap april,Spare Part Mobil
jual garnish list bagasi innova reborn facelift trunk lid,Aksesoris Eksterior
jual brake lever kit stelan setelan rem tangan taft badak kiri,Spare Part Mobil
jual beli mesin produksi makanan minuman rumah tangga,Lainnya
jual bearing roda agya ayla sensor abs,Spare Part Mobil
jual produk shockbreaker kijang termurah,Spare Part Mobil
jual beli stir mobil aksesoris interior mobil murah halaman,Spare Part Mobil
jual bodykit jazz vitek lapak zaitun variasi bukalapak,Aksesoris Eksterior
jual produk pelek racing hsr ring termurah terlengkap,Spare Part Mobil
jual beli interior mobil online murah april halaman,Aksesoris Interior
jual produk pelek terbaru hsr termurah terlengkap mei,Spare Part Mobil
jual brake lever kit stelan setelan rem tangan taft badak kiri,Spare Part Mobil
jual tangki tengki tank bensin toyota kijang kapsul kualitas,Spare Part Mobil
jual dop roda tutup velg toyota yaris crom kota bekasi lubas,Spare Part Mobil
jual rear brake drum sub-assy tromol rem,Spare Part Mobil
jual panggangan sate lubang angin toyota hardtop fj bj hj,Lainnya
jual baut knalpot toyota innova reborn ori original asli,Spare Part Mobil
jual bak oli sub pan oil toyota calya daihatsu sigra kota,Spare Part Mobil
jual kisi ac kiri kanan toyota land cruiser vx jakarta barat,Aksesoris Eksterior
jual hendel handle pintu kanan kiri toyota hiace,Spare Part Mobil
jual karet kap mesin daihatsu taft gt rocky hiline,Spare Part Mobil
jual rel pintu kiri original daihatsu grandmax jakarta pusat,Spare Part Mobil
jual bak oli sub pan oil toyota calya daihatsu sigra kota,Spare Part Mobil
jual kunci kontak daihatsu delta ori original asli jakarta,Spare Part Mobil
jual daihatsu taft taft badak isi gardan set standard diesel,Spare Part Mobil
jual filter saringan oli avanza xenia veloz grand dual vvti ori,Spare Part Mobil
jual karet pelipit list kaca wheater strip zebra,Spare Part Mobil
jual gasket packing paking tutup cover tutup klep sirion original ori,Aksesoris Eksterior
jual timing belt xenia asli ori original jakarta pusat,Spare Part Mobil
jual pulley puley pully power steering ori original asli taruna,Spare Part Mobil
jual door lock pintu granmax grandmax gran max kanan,Spare Part Mobil
jual knuckle as main kiri honda accord original jakarta,Spare Part Mobil
jual knuckle as main nakel honda crv turbo asli,Spare Part Mobil
promo sticker pelindung sill plate pijakan lantai pintu mobil,Aksesoris Eksterior
promo sticker pelindung sill plate pijakan lantai pintu mobil,Aksesoris Eksterior
jual master kopling manual accord vti vtil nabco,Spare Part Mobil
jual karet support shock honda crv gen crv gen ori,Spare Part Mobil
jual caliper kaliper kit seal sil rem cakram honda jazz brio,Spare Part Mobil
jual velg bekas surabaya std brio,Spare Part Mobil
jual hose air intake selang udara orisinil hyundai accent cakra,Spare Part Mobil
jual handle pintu kiri hyundai accent tarikan pintu,Aksesoris Interior
jual selang radiator hyundai getz kota surabaya,Spare Part Mobil
jual shockbreaker set hyundai getz jakarta pusat,Spare Part Mobil
jual ban mobil forceum mobil hyundai accent kota,Spare Part Mobil
jual karpet mobil hyundai creta karpet mobil,Aksesoris Interior
promo karpet mobil universal karpet continental,Aksesoris Interior
jual mounting transmisi bmw jakarta timur,Spare Part Mobil
jual uppertank radiator bmw kota bekasi yanto part,Spare Part Mobil
jual plastik beras tebal merk lele bunga ramos bmw,Lainnya
jual lampu sein sen kiri lh mitsubishi lancer sl,Spare Part Mobil
jual filter oli mercedes benz,Spare Part Mobil
jual nepel pompa solar sampa bis mercy,Spare Part Mobil
jual laher roda fag bis,Spare Part Mobil
jual manipol binter mercy bdm kota malang lengkap jaya,Spare Part Mobil
jual velg mercy jari jari velg racing hsr wheel elegant kota,Spare Part Mobil
jual ujung braket bumper buah mercedes,Spare Part Mobil
jual rokok surya slop kab lamongan shandi khoirizad,Lainnya
jual ban mobil pirelli scorpion veas kota bandung,Spare Part Mobil
jual kisi ac plafon double blower ertiga apv suzuki,Spare Part Mobil
jual velg std ertiga cocok mobil grand max carry,Spare Part Mobil
jual emblem logo mobil tulisan suzuki chrome apv ertiga,Aksesoris Eksterior
jual tupperware small carry set kotak rantang susun jakarta,Lainnya
jual kisi ac plafon double blower ertiga apv suzuki,Spare Part Mobil
jual aki mobil suzuki aerio yuasa aki basah,Spare Part Mobil
jual tabung oli power steering suzuki grand vitara,Spare Part Mobil
jual fuel pump pompa bensin rotak carry ori original,Spare Part Mobil
jual kunci laci dashboard grand vitara original asli ori jakarta,Spare Part Mobil
jual switch selenoid karburator langsam idle carry extra,Spare Part Mobil
jual rack end long tie rod non power steering apv mega carry,Spare Part Mobil
jual kabel spiral klakson ignis asli original ori jakarta pusat,Spare Part Mobil
jual tupperware small carry set rantang pegangan,Lainnya
jual karpet kepet karet lumpur variasi roda mobil,Aksesoris Eksterior
jual karpet lantai avanza xenia karet karpet mobil,Aksesoris Interior
jual kipas radiator fuso kipas radiator mitsubishi,Spare Part Mobil
jual gantungan ban serep mitsubishi colt diesel,Aksesoris Eksterior
jual keong coil spring suzuki futura mitsubishi colt,Spare Part Mobil
jual tabung minyak rem futura mitsubishi asli sgp,Spare Part Mobil
promo tabung air radiator original mitsubishi xpander,Spare Part Mobil
jual mobil anak dorongan tolo car mitsubishi pajero sport,Lainnya
jual trans mounting dudukan transmisi mitsubishi kuda diesel ori,Spare Part Mobil
jual lampu sein sen kiri lh mitsubishi lancer sl,Spare Part Mobil
jual transistor set mitsubishi jakarta utara,Spare Part Mobil
jual camshaft noken as klep gear mitsubishi fuso,Spare Part Mobil
jual garpu kopling mitsubishi colt diesel ori original asli,Spare Part Mobil
jual knalpot mobil mitsubishi triton allnew mesin,Spare Part Mobil
jual sensor air flow mitsubishi kuda grandia original asli ori,Spare Part Mobil
jual as roda asroda cv joint kanan mitsubishi xpander,Spare Part Mobil
jual original ori asli karet pintu kanan mazda trendy,Spare Part Mobil
jual original ori asli list kaca mazda astina pintu,Spare Part Mobil
jual upper tank radiator mobil mazda tipis,Spare Part Mobil
jual baut stabil baut tunjang stabil pajero sport kota,Spare Part Mobil
jual cover sarung mobil plastik transparan anti air innova,Aksesoris Eksterior
jual selang radiator hyundai getz kota surabaya,Spare Part Mobil
jual knuckle as main kiri honda accord original jakarta,Spare Part Mobil
jual sarung jok mobil baan cardova baris model,Aksesoris Eksterior
jual kaos kerah pria polo shirt otomotif wuling hitam xl jakarta,Lainnya
jual ujung pipa knalpot mobil alphard vellfire muffler,Spare Part Mobil
jual relay fuse box bloc kaki chevrolet captiva bensin diesel,Spare Part Mobil
promo sticker pelindung sill plate pijakan lantai pintu mobil,Aksesoris Eksterior
jual paket hemat bemper bemper calya,Spare Part Mobil
jual velg std ertiga cocok mobil grand max carry,Spare Part Mobil
kelebihan kekurangan drone dji tello tokopedia blog,Lainnya
jual rel pintu kiri original daihatsu grandmax jakarta pusat,Spare Part Mobil
jual sarung jok mobil surabaya terlengkap harga murah,Aksesoris Eksterior
tips ketahui ukuran cincin mudah akurat tokopedia blog,Lainnya
merk sneakers murah berkualitas terbaik tokopedia blog,Lainnya
jual sensor posisi poros engkol aksesori interior suku kota,Spare Part Mobil
jual aki mobil toyota fortuner vrz diesel faster aki kering,Spare Part Mobil
jual aki mobil toyota innova diesel incoe premium aki,Spare Part Mobil
jual aki mobil toyota fortuner incoe premium aki,Spare Part Mobil
jual aki mobil toyota grand kijang aspira astra aki,Spare Part Mobil
jual aki mobil toyota harrier gs hybrid astra aki basah,Spare Part Mobil
promo metal trust bearing toyota hilux hilux,Spare Part Mobil
jual aki mobil toyota kijang kapsul gs astra mf aki kering,Spare Part Mobil
jual aki mobil toyota raize incoe premium astra aki basah,Spare Part Mobil
promo bearing roda alphard toyota vellfire previa,Spare Part Mobil
promo soket sensor isc toyota avanza xenia rush terios,Spare Part Mobil
jual cv joint as roda toyota altis wish seller,Spare Part Mobil
promo snap ring toyota kijang diskon seller adelio,Spare Part Mobil
jual clutch master assy master kopling toyota hiace,Spare Part Mobil
promo baut mur roda toyota innova fortuner hilux original,Spare Part Mobil
jual special aki mobil toyota yaris gs astra mf aki kering,Spare Part Mobil
karet pelipit kaca water strip kaca universal crom toyota,Spare Part Mobil
jual kabel kopling toyota calya sigra tsk kjlex seller,Spare Part Mobil
promo hampers toyota payung lipat tombol otomatis keychain,Lainnya
promo diecast innova miniatur toyota kijang welly warna,Lainnya
promo dijual buah baut roda mur roda toyota kijang kapsul,Spare Part Mobil
jual kaki tangkai dudukan spion toyota rush daihatsu terios,Spare Part Mobil
jual buku panduan toyota terbaru harga termurah,Spare Part Mobil
promo jual buah kaca spion toyota kijang kapsul kiri kanan,Spare Part Mobil
jual kampas cakram starlet terbaru harga termurah,Spare Part Mobil
promo klip talang air bmw diskon,Spare Part Mobil
jual packing set hyundai accent verna avega seller,Spare Part Mobil
jual spoiler garnish kap bagasi original pajero sport,Aksesoris Eksterior
jual condensor kondensor ac mobil agya ayla seller tamsa,Spare Part Mobil
jual oli transmisi gearbox manual mtf castrol liter,Oli dan Penghemat BBM
jual kabel kopling daihatsu classy kabel kopling classy seller,Spare Part Mobil
jual aki mobil daihatsu taruna gs mf astra aki,Spare Part Mobil
jual kunci tutup tangki bensin daihatsu grand max gran max,Spare Part Mobil
jual kaki tangkai dudukan spion toyota rush daihatsu terios,Spare Part Mobil
promo premium brake pad kampas rem daihatsu grand,Spare Part Mobil
jual membran injeksi taft original murah harga diskon mei,Spare Part Mobil
promo rumah lampu sein lampu sen kijang grand,Spare Part Mobil
promo metal trust bearing toyota hilux hilux,Spare Part Mobil
jual packing set hyundai accent verna avega seller,Spare Part Mobil
jual sebeng sepatu rem fuso,Spare Part Mobil
promo bearing roda alphard toyota vellfire previa,Spare Part Mobil
jual condensor kondensor ac mobil agya ayla seller tamsa,Spare Part Mobil
jual oli transmisi gearbox manual mtf castrol liter,Oli dan Penghemat BBM
jual clutch master assy master kopling toyota hiace,Spare Part Mobil
jual clutch master assy master kopling toyota hiace,Spare Part Mobil
jual cv joint as roda toyota altis wish seller,Spare Part Mobil
promo dijual buah baut roda mur roda toyota kijang kapsul,Spare Part Mobil
jual aki mobil honda mobilio incoe premium astra aki,Spare Part Mobil
jual aki mobil honda crv gs mf aki kering ah,Spare Part Mobil
jual shroud fan assy rumah kipas motor fan radiator honda,Spare Part Mobil
promo baut roda mobil honda made in japan long diskon,Spare Part Mobil
promo premium filter udara saringan udara air filter honda civic,Spare Part Mobil
jual recommended aki mobil honda crv gs mf aki kering,Spare Part Mobil
jual mobil honda wrv rs terbaru harga termurah,Kendaraan
jual kaca spion civic lx frame harga satuan,Spare Part Mobil
promo gt radial champiro eco ban mobil ayla sigra,Spare Part Mobil
promo dunlop sp touring ukuran ban mobil,Spare Part Mobil
jual spoiler garnish kap bagasi original pajero sport,Aksesoris Eksterior
promo bearing roda alphard toyota vellfire previa,Spare Part Mobil
jual foot step kijang kapsul footstep kijang kapsul injakan kaki,Aksesoris Eksterior
jual cover spion nissan x-trail kiri kanan harga satuan,Spare Part Mobil
promo baut mur roda toyota innova fortuner hilux original,Spare Part Mobil
promo aspira filter oli for avanza xenia rush granmaz,Spare Part Mobil
promo premium brake pad kampas rem daihatsu grand,Spare Part Mobil
jual kaca spion hiace commuter kiri kanan satuan kanan,Spare Part Mobil
promo jual buah kaca spion toyota kijang kapsul kiri kanan,Spare Part Mobil
jual packing set hyundai accent verna avega seller,Spare Part Mobil
jual aki mobil hyundai getz gs premium astra,Spare Part Mobil
jual oli transmisi gearbox manual mtf castrol liter,Oli dan Penghemat BBM
promo karet pelipit kaca water strip kaca universal crom,Spare Part Mobil
jual condensor kondensor ac mobil agya ayla seller tamsa,Spare Part Mobil
jual sebeng sepatu rem fuso,Spare Part Mobil
jual aki mobil toyota kijang kapsul gs astra mf aki kering,Spare Part Mobil
jual radiator kijang kapsul diesel racing full aluminium seller,Spare Part Mobil
jual cv joint as roda toyota altis wish seller,Spare Part Mobil
jual solid dudukan senar potong rumput seller garage teknik,Lainnya
jual clutch master assy master kopling toyota hiace,Spare Part Mobil
jual kabel kopling toyota calya sigra tsk kjlex seller,Spare Part Mobil
jual arit baja gagang besi babat taman kebun sawah,Lainnya
promo premium filter udara saringan udara air filter honda civic,Spare Part Mobil
promo karet gromet dudukan selang hawa rumah filter udara,Spare Part Mobil
jual promo flame trap saringan knalpot truk masuk,Spare Part Mobil
promo dijual buah baut roda mur roda toyota kijang kapsul,Spare Part Mobil
jual maf airmass sensor bmw thn seller,Spare Part Mobil
promo klip talang air bmw diskon,Spare Part Mobil
jual bmw xline mobil black uni at jakarta seller,Kendaraan
jual bmw xline mobil phytonic blue at jakarta,Kendaraan
jual mainan block swat cop diy lego polisi mobil music baterai,Lainnya
jual aki mobil din faster aki kering,Spare Part Mobil
jual handle handel putaran kaca pintu mobil manual universal,Aksesoris Interior
jual aki mobil toyota fortuner vrz diesel faster aki kering,Spare Part Mobil
jual garansi aki mobil mercedes din,Spare Part Mobil
jual garansi aki mobil mercedes din,Spare Part Mobil
jual balljoint lemforder mercedes benz lower,Spare Part Mobil
jual cover mobil sarung mobil mazda mantel selimut mazda,Aksesoris Eksterior
jual mainan pajangan pesawat terbang nasional internasional,Lainnya
promo stop lamp volt lampu rem variasi truk truck led,Spare Part Mobil
jual aki mobil din faster aki kering,Spare Part Mobil
jual aki motor honda beat yuasa original aki kering seller,Lainnya
promo cas original wardah pensil alis coklat diskon,Lainnya
jual episcia faded jade tanaman hias bunga gantung menjuntai,Lainnya
jual aki mobil toyota fortuner vrz diesel faster aki kering,Spare Part Mobil
jual handle handel putaran kaca pintu mobil manual universal,Aksesoris Interior
jual ban mobil hankook kinergy mobil mazda,Spare Part Mobil
promo dunlop sp touring ukuran ban mobil,Spare Part Mobil
jual aki mobil hyundai getz gs premium astra,Spare Part Mobil
jual aki mobil opel optima din amaron aki kering,Spare Part Mobil
jual aki mobil ford focus gs premium astra aki,Spare Part Mobil
jual aki mobil ford ecosport gs premium astra,Spare Part Mobil
ciri ciri sandal carvil original simak yuk,Lainnya
promo pamole tas tote bag bahan kanvas lapis furing carry,Lainnya
jual as intermediate as roda kanan suzuki ertiga matic seller,Spare Part Mobil
ban mobil continental comfort contact ertiga,Spare Part Mobil
jual tanduk pengaman bemper besi stanlist mobil,Aksesoris Eksterior
promo joint kopel as steer stir carry futura diskon,Spare Part Mobil
jual sebeng sepatu rem fuso,Spare Part Mobil
jual packing set hyundai accent verna avega seller,Spare Part Mobil
jual cv joint as roda toyota altis wish seller,Spare Part Mobil
jual radiator toyota calya sigra manual seller letsbuy,Spare Part Mobil
jual bumper mobil apv terbaru harga termurah,Spare Part Mobil
jual kabel kopling toyota calya sigra tsk kjlex seller,Spare Part Mobil
jual condensor kondensor ac mobil agya ayla seller tamsa,Spare Part Mobil
promo karet gromet dudukan selang hawa rumah filter udara,Spare Part Mobil
jual oli transmisi gearbox manual mtf castrol liter,Spare Part Mobil
jual aki mobil toyota kijang kapsul gs astra mf aki kering,Spare Part Mobil
jual radiator kijang kapsul diesel racing full aluminium seller,Spare Part Mobil
jual clutch master assy master kopling toyota hiace,Spare Part Mobil
jual promo flame trap saringan knalpot truk masuk,Spare Part Mobil
promo premium filter udara saringan udara air filter honda civic,Spare Part Mobil
promo dijual buah baut roda mur roda toyota kijang kapsul,Spare Part Mobil
jual oli oil cooler mitsubishi diesel asli original,Spare Part Mobil
promo seal klep mitsubishi xpander asli diskon seller,Spare Part Mobil
promo headlamp lampu mitsubishi kuda head lamp kiri,Spare Part Mobil
jual aki mobil mitsubishi triton incoe premium aki basah,Spare Part Mobil
jual aki mobil mitsubishi pajero sport faster aki kering,Spare Part Mobil
jual aki mobil mitsubishi ss aspira astra aki basah,Spare Part Mobil
jual sale master kopling mitsubishi outlander lancer ex,Spare Part Mobil
jual kulit pintu mitsubishi sebelah kanan,Spare Part Mobil
jual talang air mitsubishi ragasa ps ps model giga,Spare Part Mobil
jual dekrup clutch cover mitsubishi triton matahari,Spare Part Mobil
jual spoiler garnish kap bagasi original pajero sport,Aksesoris Eksterior
promo metal trust bearing toyota hilux hilux,Spare Part Mobil
promo karet pelipit kaca water strip kaca universal crom,Spare Part Mobil
jual cover spion nissan x-trail kiri kanan harga satuan,Spare Part Mobil
jual tanduk pengaman bemper besi stanlist mobil,Aksesoris Eksterior
jual foot step kijang kapsul footstep kijang kapsul injakan kaki,Aksesoris Eksterior
promo premium brake pad kampas rem daihatsu grand,Spare Part Mobil
jual aki mobil toyota kijang kapsul gs astra mf aki kering,Spare Part Mobil
promo aspira filter oli for avanza xenia rush granmaz,Spare Part Mobil
jual packing set hyundai accent verna avega seller,Spare Part Mobil
jual aki mobil mazda biante faster battery aki kering,Spare Part Mobil
jual mazda terbaru harga termurah blibli,Kendaraan
jual dinamo stater starter mazda cx original seller,Spare Part Mobil
jual ban mobil hankook kinergy mobil mazda,Spare Part Mobil
jual cover mobil sarung mobil mazda mantel selimut mazda,Aksesoris Eksterior
promo metal trust bearing toyota hilux hilux,Spare Part Mobil
promo dunlop sp touring ukuran ban mobil,Spare Part Mobil
promo dunlop sp touring ukuran ban mobil,Spare Part Mobil
jual aki mobil honda crv gs mf aki kering ah,Spare Part Mobil
jual aki mobil mitsubishi pajero sport faster aki kering,Spare Part Mobil
jual aki mobil toyota innova diesel incoe premium aki,Spare Part Mobil
jual aki mobil toyota fortuner incoe premium aki,Spare Part Mobil
jual aki mobil toyota harrier gs hybrid astra aki basah,Spare Part Mobil
jual aki mobil mitsubishi triton incoe premium aki basah,Spare Part Mobil
jual special aki mobil toyota yaris gs astra mf aki kering,Spare Part Mobil
jual recommended aki mobil honda crv gs mf aki kering,Spare Part Mobil
jual aki mobil daihatsu taruna gs mf astra aki,Spare Part Mobil
jual kopling set agya ayla matahari deklaher,Spare Part Mobil
jual kunci tutup tangki bensin daihatsu grand max gran max,Spare Part Mobil
promo premium filter udara saringan udara air filter honda civic,Spare Part Mobil
jual condensor kondensor ac mobil agya ayla seller tamsa,Spare Part Mobil
jual radiator toyota calya sigra manual seller letsbuy,Spare Part Mobil
jual packing set hyundai accent verna avega seller,Spare Part Mobil
jual aki mobil mazda biante faster battery aki kering,Spare Part Mobil
jual oli transmisi gearbox manual mtf castrol liter,Oli dan Penghemat BBM
jual sebeng sepatu rem fuso,Spare Part Mobil
jual aki mobil toyota kijang kapsul gs astra mf aki kering,Spare Part Mobil
jual radiator kijang kapsul diesel racing full aluminium seller,Spare Part Mobil
jual cv joint as roda toyota altis wish seller,Spare Part Mobil
jual clutch master assy master kopling toyota hiace,Spare Part Mobil
jual promo flame trap saringan knalpot truk masuk,Spare Part Mobil
jual aki mobil mitsubishi pajero sport faster aki kering,Spare Part Mobil
promo dijual buah baut roda mur roda toyota kijang kapsul,Spare Part Mobil
jual dekrup clutch cover mitsubishi triton matahari,Spare Part Mobil
jual kabel kopling toyota calya sigra tsk kjlex seller,Spare Part Mobil
promo karet gromet dudukan selang hawa rumah filter udara,Spare Part Mobil
jual aki mobil hyundai getz gs premium astra,Spare Part Mobil
jual aki mobil ford focus gs premium astra aki,Spare Part Mobil
jual aki mobil ford ecosport gs premium astra,Spare Part Mobil
jual aki mobil opel optima din amaron aki kering,Spare Part Mobil
promo aspira filter oli for avanza xenia rush granmaz,Spare Part Mobil
jual spoiler garnish kap bagasi original pajero sport,Aksesoris Eksterior
promo klip talang air bmw diskon,Spare Part Mobil
jual cover spion nissan x-trail kiri kanan harga satuan,Spare Part Mobil
jual foot step kijang kapsul footstep kijang kapsul injakan kaki,Aksesoris Eksterior
jual kaca spion hiace commuter kiri kanan satuan kanan,Spare Part Mobil
promo premium brake pad kampas rem daihatsu grand,Spare Part Mobil
jual tanduk pengaman bemper besi stanlist mobil,Aksesoris Eksterior
jual stiker aksesoris motor nmax terbaru harga,Lainnya
jual helm set kyt vision terbaru harga termurah,Lainnya
jual blok bore up gsx terbaru harga termurah,Lainnya
jual bearing seal gardan beat terbaru harga termurah,Lainnya
jual paking karter kijang diesel terbaru harga termurah,Spare Part Mobil
jual emblem honda speedometer beat terbaru harga,Lainnya
jual liner fender innova terbaru harga termurah,Aksesoris Eksterior
jual scopy terbaru harga termurah,Lainnya
jual colokan charger scoopy terbaru harga termurah,Lainnya
jual arm kaze rx king terbaru harga termurah,Lainnya
jual corner lamp lampu riting sein sen kiri,Spare Part Mobil
jual kopling set matahari kampas kopling bearing ori,Spare Part Mobil
jual ring piston innova hilux bensin original genuine parts,Spare Part Mobil
jual selang tangki bensin solar innova reborn fortuner vrz,Spare Part Mobil
jual tancho minyak rambut pelumas karet rem lapak jk,Aksesoris Eksterior
jual sensor abs kanan sensor speed rear,Aksesoris Interior
jual produk spion rush termurah terlengkap april,Spare Part Mobil
jual lampu plafon lampu kabin mobil led putih universal brio,Spare Part Mobil
jual selang tangki bensin avanza xenia vvti,Spare Part Mobil
jual beli grill bumper mobil online murah mei halaman,Aksesoris Eksterior
jual cover spion lampu carbon mobil avanza vvt-i tipe,Spare Part Mobil
jual beli sarung jok mobil trim murah mei halaman,Aksesoris Eksterior
jual brake lever kit stelan setelan rem tangan taft badak kiri,Spare Part Mobil
jual kopling set matahari kampas kopling bearing ori,Spare Part Mobil
jual beli grill bumper mobil online murah mei halaman,Aksesoris Eksterior
jual produk spion rush termurah terlengkap april,Spare Part Mobil
jual tancho minyak rambut pelumas karet rem lapak jk,Aksesoris Eksterior
jual sensor abs kanan sensor speed rear,Aksesoris Interior
jual lampu plafon lampu kabin mobil led putih universal brio,Spare Part Mobil
jual modul cdi espass feroza ori garansi,Spare Part Mobil
jual lampu plafon lampu kabin mobil led putih universal brio,Spare Part Mobil
jual bearing lahar roda honda ferio city genio,Spare Part Mobil
jual kopling set matahari kampas kopling bearing ori,Spare Part Mobil
jual ban mobil ring murah forceum ecosa,Spare Part Mobil
jual sensor abs kanan sensor speed rear,Aksesoris Interior
jual produk merah logo hitam termurah terlengkap mei,Aksesoris Eksterior
jual beli sarung jok mobil trim murah mei halaman,Aksesoris Eksterior
jual beli sarung jok mobil trim murah mei halaman,Aksesoris Eksterior
jual spion assy kanan neo baleno asli sgp lapak,Spare Part Mobil
jual selang tangki bensin avanza xenia vvti,Spare Part Mobil
jual beli grill bumper mobil online murah mei halaman,Aksesoris Eksterior
jual beli shift knob handbrake mobil murah april halaman,Spare Part Mobil
jual selang tangki bensin solar innova reborn fortuner vrz,Spare Part Mobil
jual beli sarung jok mobil trim murah mei halaman,Aksesoris Eksterior
jual beli grill bumper mobil online murah mei halaman,Aksesoris Eksterior
jual beli grill bumper mobil online murah mei halaman,Aksesoris Eksterior
jual beli sarung jok mobil trim murah mei halaman,Aksesoris Eksterior
jual as roda vespa ps px tua,Lainnya
jual selang tangki bensin solar innova reborn fortuner vrz,Spare Part Mobil
jual repairkit repair kit parkit spuyer main pilot jet zet karbu,Spare Part Mobil
jual spion assy kanan neo baleno asli sgp lapak,Spare Part Mobil
jual kunci bak handel bak carry,Spare Part Mobil
jual beli sarung jok mobil trim murah mei halaman,Aksesoris Eksterior
jual brake lever kit stelan setelan rem tangan taft badak kiri,Spare Part Mobil
jual paket did keteng lapis tiger megapro gl gir tensioner,Lainnya
jual tancho minyak rambut pelumas karet rem lapak jk,Aksesoris Eksterior
jual sensor abs kanan sensor speed rear,Aksesoris Interior
jual upper arm sayap kijang kotak kanan lapak,Spare Part Mobil
jual selang tangki bensin avanza xenia vvti,Spare Part Mobil
jual beli sarung jok mobil trim murah mei halaman,Aksesoris Eksterior
jual lampu plafon lampu kabin mobil led putih universal brio,Spare Part Mobil
jual ban mobil termurah terlengkap mei halaman,Spare Part Mobil
jual cones bearing diesel lapak rejeki bearing,Spare Part Mobil
jual bodykit jazz vitek lapak zaitun variasi bukalapak,Spare Part Mobil
jual bearing roda colt diesel,Spare Part Mobil
jual engine flush mitsubishi original kuras oli lapak andi,Spare Part Mobil
jual produk spion triton termurah terlengkap mei,Spare Part Mobil
jual kopling set matahari kampas kopling bearing ori,Spare Part Mobil
jual sensor abs kanan sensor speed rear,Aksesoris Interior
jual cones bearing diesel lapak rejeki bearing,Spare Part Mobil
jual brake lever kit stelan setelan rem tangan taft badak kiri,Spare Part Mobil
jual bodykit jazz vitek lapak zaitun variasi bukalapak,Spare Part Mobil
jual bodykit jazz vitek lapak zaitun variasi bukalapak,Spare Part Mobil
jual spion assy kanan neo baleno asli sgp lapak,Spare Part Mobil
jual beli grill bumper mobil online murah mei halaman,Aksesoris Eksterior
jual paket did keteng lapis tiger megapro gl gir tensioner,Lainnya
jual sensor abs kanan sensor speed rear,Aksesoris Interior
jual brake lever kit stelan setelan rem tangan taft badak kiri,Spare Part Mobil
jual kopling set matahari kampas kopling bearing ori,Spare Part Mobil
jual beli grill bumper mobil online murah mei halaman,Aksesoris Eksterior
jual beli sarung jok mobil trim murah mei halaman,Aksesoris Eksterior
jual beli sarung jok mobil trim murah mei halaman,Aksesoris Eksterior
jual kabel kopling toyota avanza asli,Spare Part Mobil
jual tutup radiator caps radiator toyota,Spare Part Mobil
jual karpet lumpur hardtop toyota kab malang partop sparepart,Aksesoris Eksterior
jual matahari dekrup clutch cover toyota kijang,Spare Part Mobil
jual karet stabil toyota kijang kapsul asli,Spare Part Mobil
jual mika headlamp lampu toyota innova reborn kiri,Spare Part Mobil
jual bearing roda mitsubishi toyota hiace,Spare Part Mobil
jual karet kaca toyota kijang kapsul kota tangerang,Spare Part Mobil
jual filter udara kabin ac mobil toyota rush,Spare Part Mobil
jual bohlam lampu senja toyota fortuner trd,Spare Part Mobil
jual body coversarung mobil toyota sienta warna hitam+oren,Aksesoris Eksterior
jual kampas rem cakram toyota cressida,Spare Part Mobil
jual liner fender toyota yaris lele kiri jakarta timur sparepart,Aksesoris Eksterior
jual soket sensor map toyota corolla great jakarta pusat,Spare Part Mobil
jual cermin kaca spion mobil toyota inova rebon kanan jakarta,Spare Part Mobil
jual kopling set kijang kapsul cc original toyota kualitas,Spare Part Mobil
jual stiker body toyota agya gr sport original kota bekasi,Aksesoris Eksterior
jual lampu plafon toyota innova zenix tipe original,Spare Part Mobil
jual motor power window kanan alphard,Spare Part Mobil
jual kabel switch kunci kontak ign cable switch toyota kijang,Spare Part Mobil
jual set shockbreaker kanan kiri toyota,Spare Part Mobil
jual sarung cover perseneling knob sift matic toyota,Spare Part Mobil
jual velg ban ori toyota fortuner satuan dop kota bekasi,Spare Part Mobil
jual lampu mobil led toyota agya sepasang super terang,Spare Part Mobil
jual alternator dinamo cas toyota dyna rino,Spare Part Mobil
jual ring stabilizer toyota nav original jakarta utara,Spare Part Mobil
jual dudukan panggon kaki spion toyota hiace kanan terlaris,Spare Part Mobil
jual engine mounting dudukan mesin toyota hiace,Spare Part Mobil
jual matahari asli daihatsu xenia,Spare Part Mobil
jual brake shoe kampas rem daihatsu ceria,Spare Part Mobil
jual switch sensor suhu daihatsu ceria impor kab mojokerto,Spare Part Mobil
jual packing set daihatsu ferozaespass,Spare Part Mobil
jual busi denso daihatsu xenia jakarta pusat,Spare Part Mobil
jual logo depanbelakang daihatsu ukuran ayla terios,Aksesoris Eksterior
jual srumbung gardan daihatsu granmax kota surabaya karya,Spare Part Mobil
jual alternator dinamo ampere daihatsu taft gt,Spare Part Mobil
jual paking set daihatsu ceria merek turbo jakarta pusat sarana,Spare Part Mobil
jual peredam plafon mobil daihatsu espass jakarta timur,Aksesoris Interior
jual soket konektor lampu plat nomor daihatsu,Aksesoris Eksterior
jual kabel speedometer kilometer daihatsu classy jakarta pusat,Spare Part Mobil
jual jok mobil daihatsu sigra original,Aksesoris Interior
jual speedometer daihatsu xenia matic kota bekasi win 's teknik,Spare Part Mobil
jual karet pintu bagasi toyota avanza daihatsu xenia,Spare Part Mobil
jual stiker cutting mobil sigra hitam promo list stiker mobil sigra,Aksesoris Eksterior
jual sticker mobil toyota yaris honda brio agya agra jazz,Aksesoris Eksterior
jual cover tutup stir meja dasboard feroza taft gt rokky gen asli,Spare Part Mobil
jual soket pin female toyota lengkap full terisi pin,Spare Part Mobil
jual kopling set kijang kapsul cc original toyota kualitas,Spare Part Mobil
jual kampas rem cakram toyota cressida,Spare Part Mobil
jual karpet dasar mobil espass jakarta utara kartika jaya,Spare Part Mobil
jual kabel kopling toyota avanza asli,Spare Part Mobil
jual kancing klip original kremcoklat kabin plafon mobil honda,Aksesoris Interior
jual mika headlamp lampu toyota innova reborn kiri,Spare Part Mobil
jual tutup dop roda dop velg xenia terios taruna,Spare Part Mobil
jual soket dinamo starter honda kota,Spare Part Mobil
jual karet stabilizer honda brio original,Spare Part Mobil
jual aki kering mobil agyaaylajazzbrio aokly mf,Spare Part Mobil
jual mk kashiyama kampas rem brakepad honda,Spare Part Mobil
jual gearbox transmisi matic honda crv kota depok,Spare Part Mobil
jual aper teng upper tank radiator honda crv re gen kota,Spare Part Mobil
jual brake pad kampas kanvas rem cakram civic,Spare Part Mobil
jual kancing klip pilar garnish accord original jakarta utara,Aksesoris Interior
jual buckle colokan safety seat belt brio rs,Spare Part Mobil
jual paket upgrade brio spoiler diffuser brio aksesoris mobil,Aksesoris Eksterior
jual karpet lantai mobil honda stream lembar dtb,Aksesoris Interior
jual kancing klip original kremcoklat kabin plafon mobil honda,Aksesoris Interior
jual stoplamp lampu kiri mobil honda odyssey,Spare Part Mobil
jual sticker variasi mobil honda jazz superman jakarta,Aksesoris Eksterior
jual kampas kopling set honda crv gen gen original asli ori,Spare Part Mobil
jual sticker mobil toyota yaris honda brio agya agra jazz,Aksesoris Eksterior
jual karet ujung pinggir kap mesin honda io facelift brio,Spare Part Mobil
jual kampas rem hyundai trajet mando jakarta barat,Spare Part Mobil
jual door lock pintu geser sliding kiri hyundai jakarta,Spare Part Mobil
jual kabel rem tangan kanan kia picanto karya jaya hyundai,Spare Part Mobil
jual sticker pelindung pintu bagasi door sill,Aksesoris Eksterior
jual keong coil spring hyundai jakarta utara ley,Spare Part Mobil
jual karpet mobil premium hyundai palisade mie bihun,Aksesoris Interior
jual gasoline chainsaw hyundai hdc leo mesin gergaji,Spare Part Mobil
jual engine mounting sebelah kiri dudukan mesin,Spare Part Mobil
jual gearbox transmisi matic honda crv kota depok,Spare Part Mobil
jual kunci roda kunci ban kuda colt futura carry,Spare Part Mobil
jual muffler jakarta pusat gtrac,Spare Part Mobil
jual soket konektor lampu plat nomor daihatsu,Aksesoris Eksterior
jual karet stoper bak truk orisinil,Spare Part Mobil
jual jok mobil bekas terlengkap harga murah mei cicil,Aksesoris Interior
jual modul airbag pilar kiri bmw seri kota depok,Spare Part Mobil
jual sensor oli mesin carter mesin bmw,Spare Part Mobil
jual selang pipa air bengkok bmw,Spare Part Mobil
jual baut oli matic jakarta selatan bmw ku,Spare Part Mobil
jual bmw flasher sein kota tangerang selatan europejunkyard,Spare Part Mobil
jual karet seal tabung minyak rem mercy bmw jakarta pusat,Spare Part Mobil
jual beras bmw kota tangerang selatan,Lainnya
jual baut blader radiator bmw plastik jakarta timur bmw auto,Spare Part Mobil
jual beras bmw super pandan wangi kg kg,Lainnya
jual pipa conector air bmw jakarta selatan,Spare Part Mobil
jual saklar lampu bmw kota bandung,Spare Part Mobil
jual shockbreaker bmw original kiri kanan,Spare Part Mobil
jual topi puma bmw mms fb cap puma black kota,Lainnya
jual jual grill isuzu panther kapsul gen bmw berkualitas jakarta,Aksesoris Eksterior
jual velg mobil berkualitas mobil mercy bmw vw golf,Spare Part Mobil
jual emblem timbul logo bmw motor nmax lexi aerox,Lainnya
jual terdekat harga murah grosir mei tokopedia,Spare Part Mobil
jual stopper fortuner terlengkap harga murah mei cicil,Spare Part Mobil
jual glass stand rak gelas multifungsi rak gelas plastik premium,Spare Part Mobil
jual emblem berlian bak triton kota depok green,Aksesoris Eksterior
jual jok mobil bekas terlengkap harga murah mei cicil,Aksesoris Interior
jual mainan motor aki anak sport pacific jr pt,Lainnya
jual aki mf yuasa kering mobil kia carnival diesel kota,Spare Part Mobil
jual cover cap baut tutup velg ban serap serep mazda jakarta,Spare Part Mobil
jual cincin couple pernikahan emas asli kadar toko emas,Lainnya
jual arm balljoint aluminium mercy,Spare Part Mobil
jual ductail mercy cat jakarta pusat indah auto,Spare Part Mobil
jual bushing stabil front mercy oh.p bus suporte rei kab,Spare Part Mobil
jual regulator power window kanan,Spare Part Mobil
jual karet seal tabung minyak rem mercy bmw jakarta pusat,Spare Part Mobil
jual sticker dealer mercedes benz newcastle uk jakarta timur,Aksesoris Eksterior
jual hst buah kawat bulu mercy bulu mercy gliter,Spare Part Mobil
jual velg mercy jari jari velg racing hsr wheel elegant kota,Spare Part Mobil
jual murbaut roda mercy gemuk pendek hsr,Spare Part Mobil
jual velg mobil berkualitas mobil mercy bmw vw golf,Spare Part Mobil
jual motor blower mobil mercedes benz mersy copotan kota,Spare Part Mobil
jual terdekat harga murah grosir mei tokopedia,Spare Part Mobil
jual set alat bdsm alat borgol cambuk bulu penutup mata,Spare Part Mobil
jual filter solar fuso fighter asli jakarta,Spare Part Mobil
jual hampers lebaran bandung senyata kota bandung,Lainnya
jual wuling almaz stir mobil executive style cover anti-slip setir,Aksesoris Interior
jual johnny lightning skala metro jaya polisi,Lainnya
jual kaca spion mirror bulat cembung truk mobil,Spare Part Mobil
jual alternator dinamo ampere daihatsu taft gt,Spare Part Mobil
jual dinamo starter assy hino jakarta timur central,Spare Part Mobil
jual kampas rem hino rkrg kota surabaya ud,Spare Part Mobil
jual alternator scania,Spare Part Mobil
jual aki mf yuasa kering mobil kia carnival diesel kota,Spare Part Mobil
jual tumbuk lada karo mini kab karo buluhduri corner tokopedia,Lainnya
jual indahnya pengasugan theraplayastrid wenbentang,Lainnya
anal plug bulu ekor rubahplug ekor bulu rubah cosplay plug,Lainnya
jual backdrop tv tangga kota tangerang,Lainnya
jual sarung jok terlengkap harga murah mei cicil,Aksesoris Interior
jual speaker cello pnp pintu mobil suzuki ertiga,Aksesoris Interior
jual cap fuel tutup tangki bensin suzuki apv pick up mega carry,Spare Part Mobil
jual kancing dudukan tiang kap mesin ertiga asli sgp jakarta,Aksesoris Interior
jual karet pelipit list kaca wheater strip carry extra,Spare Part Mobil
jual master kopling suzuki esteem jakarta pusat,Spare Part Mobil
jual kabel persneling transmisi manual baleno hatchback asli sgp,Spare Part Mobil
jual filter saringan udara suzuki carry futura,Spare Part Mobil
jual paking knalpot carry efi injeksi asli kota,Spare Part Mobil
jual olympic multibed vincet baleno kota,Spare Part Mobil
jual lampu led plafon kabin avanza xenia ertiga calya sigra,Spare Part Mobil
jual wheeldop carry futura kab bogor,Aksesoris Eksterior
promo karpet mobil suzuki s-presso jakarta barat cipta raya,Aksesoris Interior
jual brake pad kampas rem ertiga,Spare Part Mobil
jual pelipit list kaca mobil carry futura hijet lapis,Spare Part Mobil
jual outlet rumah housing rumah thermostat termostat sx neo,Spare Part Mobil
jual suzuki jimny samurai sumbu lebar longfield as,Spare Part Mobil
jual water outlet rumah termostat baleno thn,Spare Part Mobil
jual boot as roda ertiga manual calya sigra yaris rbi ori,Spare Part Mobil
jual bm brake booster boster rem apv apv arena mega carry,Spare Part Mobil
jual tutup thermostat apv jakarta pusat auto_variasi tokopedia,Spare Part Mobil
jual velg mobil racing ring raize rocky,Spare Part Mobil
jual talang air model lebar mobil suzuki escudo,Spare Part Mobil
jual wiper mobil suzuki ertiga sepasang kiri kanan wurth kab,Spare Part Mobil
jual front grill jakarta pusat neni variasi tokopedia,Aksesoris Eksterior
jual transmisi gearbox persneling suzuki esteem original,Spare Part Mobil
jual bantal mobil sandaran leher headrest suzuki ertiga,Aksesoris Interior
jual kunci roda kunci ban kuda colt futura carry,Spare Part Mobil
jual garnis pintu mitsubishi canter kiri,Aksesoris Eksterior
jual sticker stiker label super speed mitsubishi,Aksesoris Eksterior
jual filter solar mitsubishi canter fuel filter,Spare Part Mobil
jual blok rem kiri mitsubishi triton wheel,Spare Part Mobil
jual lampu stop lamp mitsubishi triton kanan,Spare Part Mobil
jual trunk mat bagasi cover mobil lftech frontier mitsubishi,Spare Part Mobil
jual mainan mobil aki anak mitsubishi xpander dorong,Lainnya
jual ring piston ring seher mitsubishi merek iti,Spare Part Mobil
jual master kopling mitsubishi kuda diesel,Spare Part Mobil
jual mitsubishi plc kota,Spare Part Mobil
jual bearing roda mitsubishi toyota hiace,Spare Part Mobil
jual ring piston set ukuran mitsubishi colt jakarta,Spare Part Mobil
jual selang tabung minyak mitsubishi pajero genuine part,Spare Part Mobil
jual karet kaca original asli mitsubishi xpander expander,Spare Part Mobil
jual glow plug busi pijar pemanas original mitsubishi diesel,Spare Part Mobil
jual metal bosh pen piston stang seher mitsubishi,Spare Part Mobil
jual karet balon pintu bagasi mitsubishi grandis mivec original,Spare Part Mobil
jual switch oli oil mitsubishi diesel ori original,Spare Part Mobil
jual karet stopper mitsubishi kuda original,Spare Part Mobil
jual cutting sticker stiker mobil mitsubishi mirage terlaris kab,Aksesoris Eksterior
jual selang radiator mitsubishi fuso,Spare Part Mobil
jual saringan solar fuel filter mitsubishi triton gls,Spare Part Mobil
jual putaran kaca colt minicab ori mitsubishi handle,Spare Part Mobil
jual filter udara sakura mitsubishi outlander jakarta,Spare Part Mobil
jual peringan kopling mitsubishi kuda jakarta,Spare Part Mobil
jual kunci pintu mobil mitsubishi kuda pintu model kunci gepeng,Spare Part Mobil
jual as roda mitsubishi canter turbo ktb,Spare Part Mobil
jual plate cover tutup plat as roda mitsubishi strada triton,Spare Part Mobil
jual rotor delco mitsubishi yec original ori asli jakarta,Spare Part Mobil
jual kaos anak mitsubishi evolution anak tshirt kaos baju mobil,Lainnya
jual kampas rem lancer evo evo brake shoe,Spare Part Mobil
jual switch tombol starter start engine mazda skyactiv,Spare Part Mobil
jual stiker label mazda,Aksesoris Eksterior
jual cover cap baut tutup velg ban serap serep mazda jakarta,Spare Part Mobil
jual karet stabil karet roti belah mazda,Spare Part Mobil
jual handle pintu ford ranger mazda kiri jakarta utara,Aksesoris Eksterior
jual gigi boh gear side gigi gardan gigi bolu ford rangermazda,Spare Part Mobil
jual headlamp lampu mazda type tipe original,Spare Part Mobil
jual lampu mazda type jakarta utara bems,Spare Part Mobil
jual mazda biante cover tutup lampu kabut foglamp fog lamp,Spare Part Mobil
jual daun mobil mazda mr vantrend kondisi std,Spare Part Mobil
jual rotor platina mazda kota depok dmi_motor,Spare Part Mobil
jual tutup noken as cap metal set kuda diesel,Spare Part Mobil
jual srumbung gardan daihatsu granmax kota surabaya karya,Spare Part Mobil
jual kampas rem xpander original asli brake,Spare Part Mobil
jual mk kashiyama kampas rem brakepad honda,Spare Part Mobil
jual alternator dinamo ampere daihatsu taft gt,Spare Part Mobil
jual keong coil spring hyundai jakarta utara ley,Spare Part Mobil
jual velg ban ori toyota fortuner satuan dop kota bekasi,Spare Part Mobil
jual paketan velg ban mobil bekas oem standar toyota rush,Spare Part Mobil
jual topi baret coklat kotak-kotak cewek wanita cewek keren,Lainnya
jual cap dop tutup gemuk roda lancer,Spare Part Mobil
jual papan abs volkswagen ford,Lainnya
jual aki mf yuasa kering mobil kia carnival diesel kota,Spare Part Mobil
jual engine mounting sebelah kiri dudukan mesin,Spare Part Mobil
jual kampas rem hyundai trajet mando jakarta barat,Spare Part Mobil
jual gearbox transmisi matic honda crv kota depok,Spare Part Mobil
jual terbaik air radiator mobil-motor radiator,Oli dan Penghemat BBM
jual emblem berlian bak triton kota depok green,Aksesoris Eksterior
jual karpet dasar mobil espass jakarta utara kartika jaya,Aksesoris Interior
jual brake shoe kampas rem daihatsu ceria,Spare Part Mobil
jual seal transmisi roda perseneling fortuner hilux,Spare Part Mobil
jual kampas kopling set matahari toyota dyna rino,Spare Part Mobil
jual sticker pelindung pintu bagasi door sill,Aksesoris Eksterior
promo rabbani kerudung instan quaila putih kota bandung,Lainnya
jual dinamo starter assy hino jakarta timur central,Spare Part Mobil
jual rotor delco mitsubishi yec original ori asli jakarta,Spare Part Mobil
jual tutup noken as cap metal set kuda diesel,Spare Part Mobil
jual karpet mobil mie bihun warna panther touring non,Aksesoris Interior
jual kampas kopling matahari wuling confero ori kota tangerang,Spare Part Mobil
jual molding pintu kanan kiri wuling confero kota,Aksesoris Eksterior
jual sarung jok mobil terbaru wuling air ev mobil listrik bahan,Aksesoris Interior
jual paket hemat velg mobil racing wuling air ev,Spare Part Mobil
jual wuling almaz stir mobil executive style cover anti-slip setir,Aksesoris Interior
jual sticker stiker mobil wuling confero almaz stiker,Aksesoris Eksterior
jual kampas kopling set matahari dek laher avanza,Spare Part Mobil
jual switch sensor suhu daihatsu ceria impor kab mojokerto,Spare Part Mobil
jual sticker pelindung pintu bagasi door sill,Aksesoris Eksterior
jual lampu mazda type jakarta utara bems,Spare Part Mobil
jual kampas kopling set matahari toyota dyna rino,Spare Part Mobil
jual karpet dasar innova zenix jakarta utara citra,Aksesoris Interior
jual ban mobil maxxis ban mobil berkualitas razr,Spare Part Mobil
jual filter udara kabin ac mobil toyota rush,Spare Part Mobil
jual sarung jok terlengkap harga murah mei cicil,Aksesoris Interior
jual set shockbreaker kanan kiri toyota,Spare Part Mobil
jual velg mobil hsr pente ring model hsr pente,Spare Part Mobil
jual gantungan kunci bentuk borgol polisi kreatif jakarta,Spare Part Mobil
jual liner fender spakbor kiri avanza veloz xenia matic,Aksesoris Eksterior
jual aki kering mobil agyaaylajazzbrio aokly mf,Spare Part Mobil
kelebihan kekurangan drone dji tello tokopedia blog,Spare Part Mobil
arti sayang hubungan cinta,Lainnya
kenali perbedaan perasaan cinta sayang,Lainnya
jual sarung cover perseneling knob sift matic toyota,Aksesoris Interior
romantis pria wanita,Lainnya
jual sale paket hidrolik kap mesin avanzaxenia old,Spare Part Mobil
merk sneakers murah berkualitas terbaik tokopedia blog,Spare Part Mobil
jual jok mobil bekas terlengkap harga murah mei cicil,Aksesoris Interior
jual velg ban ori toyota fortuner satuan dop kota bekasi,Spare Part Mobil
jual kelapa hibrida gading kelapa wulung hijau tanam,Lainnya
jual velg mobil berkualitas mobil mercy bmw vw golf,Spare Part Mobil
jual arm balljoint aluminium mercy,Spare Part Mobil
jual stabilizer stabil toyota innova seller,Spare Part Mobil
jual kunci busi toyota daihatsu nissan suzuki,Spare Part Mobil
jual radiator toyota soluna matic at seller tamsa shop,Spare Part Mobil
jual toyota calya cover lampu kabut ring fog lamp cover,Spare Part Mobil
promo toyota avanza daihatsu xenia cross jointjoint kopel,Spare Part Mobil
jual seal transmisi kijang kapsul,Spare Part Mobil
jual klep valve kijang kapsul terbaru harga termurah,Spare Part Mobil
jual terpal rak bagasi mobil roof rack terpal universal,Aksesoris Eksterior
jual emblem tulisan seller sky auto variasi gunung,Aksesoris Eksterior
jual piringan cakram kijang kapsul terbaru harga,Spare Part Mobil
jual towing isuzu dmax seller kresna jaya abadi,Aksesoris Eksterior
jual kaca refill spion honda accord cielo satuan,Spare Part Mobil
jual towing bar arb kijang kapsul seller juljol saller bengkel,Aksesoris Eksterior
jual kunci busi toyota daihatsu nissan suzuki,Spare Part Mobil
jual busi oem daihatsu xenia arena,Spare Part Mobil
jual door guard pelindung pintu mobil bravo daihatsu sigra hitam,Aksesoris Eksterior
jual special promo kopling set daihatsu grandmax luxio,Spare Part Mobil
promo toyota avanza daihatsu xenia cross jointjoint kopel,Spare Part Mobil
jual seal transmisi kijang kapsul,Spare Part Mobil
jual radiator toyota soluna matic at seller tamsa shop,Spare Part Mobil
jual kaca refill spion honda accord cielo satuan,Spare Part Mobil
jual silinder head crv terbaru harga termurah,Spare Part Mobil
jual kunci busi toyota daihatsu nissan suzuki,Spare Part Mobil
jual terpal rak bagasi mobil roof rack terpal universal,Aksesoris Eksterior
jual ban mobil accelera eco plush murah awet,Spare Part Mobil
jual emblem tulisan seller sky auto variasi gunung,Aksesoris Eksterior
jual towing isuzu dmax seller kresna jaya abadi,Aksesoris Eksterior
jual towing bar arb kijang kapsul seller juljol saller bengkel,Aksesoris Eksterior
promo tombol keypad pompa tatsuno diskon seller,Lainnya
promo baterai original lenovo ideapad,Lainnya
promo baterai batre cmos laptop dell inspiron diskon,Lainnya
promo toyota avanza daihatsu xenia cross jointjoint kopel,Spare Part Mobil
jual seal transmisi kijang kapsul,Spare Part Mobil
jual radiator toyota soluna matic at seller tamsa shop,Spare Part Mobil
jual terpal rak bagasi mobil roof rack terpal universal,Aksesoris Eksterior
jual emblem tulisan seller sky auto variasi gunung,Spare Part Mobil
jual clutch boster assy mm terbaru harga termurah,Spare Part Mobil
jual towing bar arb kijang kapsul seller juljol saller bengkel,Aksesoris Eksterior
jual hunter outlaw terbaru harga termurah blibli,Kendaraan
promo slip ring slipring stir clock spring bmw,Spare Part Mobil
promo reflektor mazda skyactiv blibli blibli.com,Spare Part Mobil
promo aki motor gs beat vario karisma mio soul,Lainnya
promo no brand aki motor yamaha nmax itobatt aki,Lainnya
jual seal transmisi kijang kapsul,Spare Part Mobil
promo slip ring stir bmw thn diskon,Spare Part Mobil
promo toyota avanza daihatsu xenia cross jointjoint kopel,Spare Part Mobil
jual sensor temperatur apv terbaru harga termurah,Spare Part Mobil
promo reflektor mazda skyactiv blibli blibli.com,Spare Part Mobil
jual jual jimny terbaru harga termurah blibli,Spare Part Mobil
jual emblem tulisan seller sky auto variasi gunung,Aksesoris Eksterior
jual dop velg dop roda suzuki escudo asli sgp seller aa,Spare Part Mobil
jual kunci busi toyota daihatsu nissan suzuki,Spare Part Mobil
jual karet shock outlander terbaru harga termurah,Spare Part Mobil
jual terpal rak bagasi mobil roof rack terpal universal,Aksesoris Eksterior
jual emblem tulisan seller sky auto variasi gunung,Aksesoris Eksterior
jual kaca refill spion honda accord cielo satuan,Spare Part Mobil
jual towing isuzu dmax seller kresna jaya abadi,Aksesoris Eksterior
jual towing bar arb kijang kapsul seller juljol saller bengkel,Aksesoris Eksterior
jual seal transmisi kijang kapsul,Spare Part Mobil
jual busi ngk es terbaru harga termurah,Spare Part Mobil
jual seal klep ford ranger mazda original seller,Spare Part Mobil
promo reflektor mazda skyactiv blibli blibli.com,Spare Part Mobil
promo seal pompa power steering mazda cronos diskon,Spare Part Mobil
jual busi ngk es terbaru harga termurah,Spare Part Mobil
jual jual jimny terbaru harga termurah blibli,Spare Part Mobil
jual seal transmisi kijang kapsul,Spare Part Mobil
jual kamera parkir mobil wuling air ev terbaru harga,Aksesoris Interior
jual emblem tulisan seller sky auto variasi gunung,Aksesoris Eksterior
jual terpal rak bagasi mobil roof rack terpal universal,Aksesoris Eksterior
jual towing bar arb kijang kapsul seller juljol saller bengkel,Aksesoris Eksterior
jual towing isuzu dmax seller kresna jaya abadi,Aksesoris Eksterior
jual hunter outlaw terbaru harga termurah blibli,Kendaraan
jual grill trd avanza xenia terbaru harga termurah,Spare Part Mobil
jual accelera iota st terbaru harga,Spare Part Mobil
jual knalpot racing satria fu ngebas murah terbaru,Lainnya
jual helm kyt full face abu abu terbaru harga termurah,Lainnya
jual spidometer isuzu terbaru harga termurah,Spare Part Mobil
jual payung klep api-valve ex toyota viosyariscorolla altis,Spare Part Mobil
jual klep api-valve ex toyota viosyariscorolla altis,Spare Part Mobil
jual gearbox matic+converter toyota fortuner bensin asli,Spare Part Mobil
jual kopling set matahari kampas lahar ori toyota,Spare Part Mobil
jual shock absorber shockbreaker ori toyota,Spare Part Mobil
jual ring piston innova hilux bensin original genuine parts,Spare Part Mobil
jual gigi gendang fly whell roda gila original toyota,Spare Part Mobil
jual bearing klaher lahar laher roda toyota kijang,Spare Part Mobil
jual kaca pintu kanan kiri toyota hardtop fj bj model one,Spare Part Mobil
jual selang radiator toyota avanza type asli lapak,Spare Part Mobil
jual gigi gendang fly whell roda gila ori toyota calya,Spare Part Mobil
jual produk persneling toyota avanza veloz termurah,Spare Part Mobil
jual throttle body toyota voxy lapak jaya motor,Spare Part Mobil
jual paket outer handle toyota innova zenix tank cover,Aksesoris Eksterior
jual produk tuas persneling toyota avanza termurah,Spare Part Mobil
jual distributor assy delco assy mitsubishi cdi,Spare Part Mobil
jual tancho minyak rambut pelumas karet rem lapak jk,Spare Part Mobil
jual beli sarung jok mobil trim murah mei halaman,Aksesoris Interior
jual kampas rem brake pad asco suzuki swift,Spare Part Mobil
jual produk original gantungan kunci dompet stnk termurah,Lainnya
jual camshaft noken as ertiga diesel asli sgp lapak sparepart,Spare Part Mobil
jual produk shift knob persneling manual avanza termurah,Spare Part Mobil
jual beli sarung jok mobil trim murah april halaman,Aksesoris Interior
jual mur paking topi knalpot drat mm honda astrea,Lainnya
jual produk gantungan kunci mobil wanita termurah,Lainnya
jual water pump pompa air daihatsu feroza taruna,Spare Part Mobil
jual beli sarung jok mobil trim murah april halaman,Aksesoris Interior
jual throttle body toyota voxy lapak jaya motor,Spare Part Mobil
jual shock absorber shockbreaker ori toyota,Spare Part Mobil
jual kopling set matahari kampas lahar ori toyota,Spare Part Mobil
jual gigi gendang fly whell roda gila original toyota,Spare Part Mobil
jual karet mobil termurah terlengkap april halaman,Spare Part Mobil
jual paket outer handle toyota innova zenix tank cover,Aksesoris Eksterior
jual tancho minyak rambut pelumas karet rem lapak jk,Spare Part Mobil
jual distributor assy delco assy mitsubishi cdi,Spare Part Mobil
jual gearbox matic+converter toyota fortuner bensin asli,Spare Part Mobil
jual selang radiator toyota avanza type asli lapak,Spare Part Mobil
jual gigi gendang fly whell roda gila ori toyota calya,Spare Part Mobil
jual lampu kabut batok foglamp jazz rs mmc freed civic fd oem,Aksesoris Eksterior
jual kopling set matahari kampas lahar ori toyota,Spare Part Mobil
jual gigi gendang fly whell roda gila original toyota,Spare Part Mobil
jual gearbox matic+converter toyota fortuner bensin asli,Spare Part Mobil
jual shock absorber shockbreaker ori toyota,Spare Part Mobil
jual distributor assy delco assy mitsubishi cdi,Spare Part Mobil
jual gigi gendang fly whell roda gila ori toyota calya,Spare Part Mobil
jual beli sarung jok mobil trim murah mei halaman,Aksesoris Interior
jual kampas rem brake pad asco suzuki swift,Spare Part Mobil
jual beli sarung jok mobil trim murah april halaman,Aksesoris Interior
jual aneka kertas lengkap mei halaman bukalapak,Lainnya
jual karet mobil termurah terlengkap april halaman,Spare Part Mobil
jual throttle body toyota voxy lapak jaya motor,Spare Part Mobil
jual spakbor suzuki sub minus lapak,Spare Part Mobil
jual produk original gantungan kunci dompet stnk termurah,Lainnya
jual karet peredam pintu kap mesin bagasi mobil peredam kabin,Spare Part Mobil
jual mur paking topi knalpot drat mm honda astrea,Lainnya
jual kaos baju jersey taekwondo indonesia olahraga anak,Lainnya
jual produk original gantungan kunci dompet stnk termurah,Lainnya
jual gearbox matic+converter toyota fortuner bensin asli,Spare Part Mobil
jual pompa oli engine pompa oli mesin mazda skyactiv asli,Spare Part Mobil
jual mur paking topi knalpot drat mm honda astrea,Lainnya
jual produk grill bmw black matte termurah terlengkap,Spare Part Mobil
jual spakbor suzuki sub minus lapak,Spare Part Mobil
jual selang hawa turbo evo cgi pipa udara boot mercy,Spare Part Mobil
jual beli sarung jok mobil trim murah mei halaman,Aksesoris Interior
jual mika lampu sen sein sign riting reting original ori,Spare Part Mobil
jual korek api dupont api duofom lighter lapak arrasyid,Lainnya
jual repairkit repair kit parkit spuyer main pilot jet zet karbu,Spare Part Mobil
jual raket tenis prince bandit black purple lapak,Lainnya
jual celana jeans ripped import full tag lapak,Lainnya
jual camshaft noken as ertiga diesel asli sgp lapak sparepart,Spare Part Mobil
jual modul immobilizer grand vitara asli sgp lapak,Spare Part Mobil
jual talang air suzuki carry model kupu kupu lapak,Spare Part Mobil
jual kunci pintu kunci bagasi apv arena asli lapak,Spare Part Mobil
jual beli sarung jok mobil trim murah april halaman,Aksesoris Interior
jual water pump pompa air daihatsu feroza taruna,Spare Part Mobil
jual karet mobil termurah terlengkap april halaman,Spare Part Mobil
jual kampas rem brake pad asco suzuki swift,Spare Part Mobil
jual paket did keteng lapis tiger megapro gl gir tensioner,Lainnya
jual distributor assy delco assy mitsubishi cdi,Spare Part Mobil
jual rear brake rocket arm paha rem luigy vespa,Lainnya
jual tancho minyak rambut pelumas karet rem lapak jk,Spare Part Mobil
jual gigi gendang fly whell roda gila ori toyota calya,Spare Part Mobil
jual fuel pump bosch rotak pompa bensin kia picanto timor,Spare Part Mobil
jual bracket breket gantungan knalpot stainless rob,Spare Part Mobil
jual distributor assy delco assy mitsubishi cdi,Spare Part Mobil
jual karet kaca mitsubishi pick up lapak subur,Spare Part Mobil
jual engine flush mitsubishi original kuras oli lapak andi,Spare Part Mobil
jual payung klep api-valve ex toyota viosyariscorolla altis,Spare Part Mobil
jual klep api-valve ex toyota viosyariscorolla altis,Spare Part Mobil
jual damper stoper shock breaker mirage asli original karet,Spare Part Mobil
jual kopling set matahari kampas lahar ori toyota,Spare Part Mobil
jual gigi gendang fly whell roda gila original toyota,Spare Part Mobil
jual shock absorber shockbreaker ori toyota,Spare Part Mobil
jual gigi gendang fly whell roda gila ori toyota calya,Spare Part Mobil
jual sepatu slip polos wanita pria hitam maroon sepatu,Lainnya
jual camshaft noken as ertiga diesel asli sgp lapak sparepart,Spare Part Mobil
jual produk original gantungan kunci dompet stnk termurah,Lainnya
harga pensil murah terlengkap mei halaman,Lainnya
jual produk gantungan kunci mobil wanita termurah,Lainnya
jual throttle body toyota voxy lapak jaya motor,Spare Part Mobil
jual pompa oli engine pompa oli mesin mazda skyactiv asli,Spare Part Mobil
jual paket did keteng lapis tiger megapro gl gir tensioner,Lainnya
jual rear brake rocket arm paha rem luigy vespa,Lainnya
jual kunci pintu kunci bagasi apv arena asli lapak,Spare Part Mobil
jual camshaft noken as ertiga diesel asli sgp lapak sparepart,Spare Part Mobil
jual karet mobil termurah terlengkap april halaman,Spare Part Mobil
jual beli sarung jok mobil trim murah mei halaman,Aksesoris Interior
jual gigi gendang fly whell roda gila ori toyota calya,Spare Part Mobil
jual gigi gendang fly whell roda gila ori toyota calya,Spare Part Mobil
jual kopling set matahari kampas lahar ori toyota,Spare Part Mobil
jual gigi gendang fly whell roda gila original toyota,Spare Part Mobil
jual bracket breket gantungan knalpot stainless rob,Spare Part Mobil
jual fuel pump bosch rotak pompa bensin kia picanto timor,Spare Part Mobil
jual throttle body toyota voxy lapak jaya motor,Spare Part Mobil
jual mur paking topi knalpot drat mm honda astrea,Lainnya
jual produk original gantungan kunci dompet stnk termurah,Lainnya
jual air filter filter udara toyota vios yaris,Spare Part Mobil
jual aki mobil toyota raize gs astra mf aki,Spare Part Mobil
jual dinamo starter toyota forklift toyota ton,Spare Part Mobil
jual klep cilinder head toyota dyna hino dutro asli,Spare Part Mobil
jual kampas kopling racing bk clutch toyota kijang innova,Spare Part Mobil
jual valve bimetal kijang kapsul original toyota jakarta selatan jy,Spare Part Mobil
jual ring syncromes forklift toyota jakarta barat,Spare Part Mobil
jual lifter valve botol klep tappet toyota kijang super,Spare Part Mobil
jual dudukan mesin toyota dyna asli,Spare Part Mobil
jual talang air mobil toyota corolla kab bandung,Spare Part Mobil
jual ecu komputer engine toyota innova bensin manual,Spare Part Mobil
jual seher piston set pen toyota efi std,Spare Part Mobil
jual dinamo ampere alternator toyota kijang diesel,Spare Part Mobil
jual motor fan radiator ac toyota alphard vellfire ukuran asli,Spare Part Mobil
jual remote kunci lipat flip key toyota agya tombol jakarta,Spare Part Mobil
jual selang radiator hose radiator hartop hardtop bensin kota,Spare Part Mobil
jual flasher sen sein toyota dyna saurus kaki,Spare Part Mobil
jual gardan rush terios avanza xenia original toyota asli bawaan,Spare Part Mobil
jual aktuator kunci pintu kiri toyota corolla altis,Spare Part Mobil
jual kunci kontak forklift toyota ton kab karawang,Spare Part Mobil
jual clip klip atap roof lining toyota,Spare Part Mobil
jual spakbor kanan kiri toyota dyna hino dutro,Spare Part Mobil
jual karpet roda toyota dyna karpet lumpur truk,Spare Part Mobil
toyota perintis marchandise medan petisah kota medan,Lainnya
jual tabung minyak rem toyota dyna hino dutro,Spare Part Mobil
jual kampas rem calya sigra toyota kota,Spare Part Mobil
jual footstep mobil toyota avanza tipe pijakan kaki,Aksesoris Eksterior
jual filter udara air filter toyota agya daihatsu ayla ori,Spare Part Mobil
jual gagang spion tusuk toyota dyna saurus original,Spare Part Mobil
jual buku manual panduan toyota alphard atpm jakarta utara,Lainnya
jual promo stiker mobil toyota innova sport cutting,Aksesoris Eksterior
jual dompet stnk mobil carbon mercedes-benz jakarta pusat,Lainnya
jual gasket cylinder kop asli daihatsu xenia cc,Spare Part Mobil
jual motor power window daihatsu xenia original denso pintu,Spare Part Mobil
jual af selang hawa daihatsu feroza jakarta barat al,Spare Part Mobil
jual fuel filter saringan minyak filter bensin daihatsu taruna,Spare Part Mobil
jual oli daihatsu sn liter filter mobil ayla sigra,Oli dan Penghemat BBM
jual metal duduk std daihatsu zebra espass cl feroza taruna,Spare Part Mobil
jual filter udara air filter toyota agya daihatsu ayla ori,Spare Part Mobil
jual karet sentral rem karet master rem daihatsu taruna ori,Spare Part Mobil
jual lampu sein sen bumper bemper daihatsu taft gt old kuning,Spare Part Mobil
jual filter bensin asli daihatsu espass efi,Spare Part Mobil
jual terpal cover mobil bak pick up variasi aksesoris pickup,Aksesoris Eksterior
jual gasket oli pan paking kalter espass zebra ori daihatsu,Spare Part Mobil
jual casing kunci mobil daihatsu xenia terios jakarta utara,Lainnya
jual bm sun visor kanan pelindung sinar matahari taft gt,Spare Part Mobil
jual bumper original daihatsu taft gt feroza set,Spare Part Mobil
toko sasra jaya grosir online produk lengkap harga terbaik,Lainnya
jual blok mesin avanza xenia grandmax sirion kota,Spare Part Mobil
jual duduk mobil sandaran kepala leher mobil bantal,Aksesoris Interior
jual filter bensin saringan bensin fuel filter zebra espass,Spare Part Mobil
jual dompet stnk mobil carbon mercedes-benz jakarta pusat,Lainnya
jual bushing bush bos busing stir feroza taft gt rokky hiline asli,Spare Part Mobil
jual thermostat feroza espass taruna karbu jakarta pusat abadi,Spare Part Mobil
jual ignition starter switch kunci kontak carshow kijang cs,Spare Part Mobil
jual kabel tarikan pembuka tutup tangki bensin calya sigra,Spare Part Mobil
jual kampas rem calya sigra toyota kota,Spare Part Mobil
jual head unit kenwood dipasang bluetooth,Aksesoris Interior
jual list chrome pintu kiri honda brv genuine,Spare Part Mobil
jual engine mounting dudukan mesin odyssey,Spare Part Mobil
jual engine mounting dudukan mesin kanan odyssey accord,Spare Part Mobil
jual klip baut plastik mobil mobilio rivet mur pengencang body,Spare Part Mobil
jual hand brake cover tutup box console,Spare Part Mobil
jual side skirt honda mobilio warna putih jakarta barat erik er,Aksesoris Eksterior
jual moulding lis garnish cover spoiler pintu kiri,Aksesoris Eksterior
jual velg racing palang mobil honda jazz rs kota,Spare Part Mobil
jual velg original honda brio rs ring ban kota,Spare Part Mobil
jual alternator dinamo ampere amper honda civic ferio copotan,Spare Part Mobil
jual velg putih brio agya dasun avanza xenia vleg,Spare Part Mobil
jual kampas kopling set honda crv gen original jakarta utara,Spare Part Mobil
jual alat penghemat bbm bensin solar honda cr-v jakarta utara,Oli dan Penghemat BBM
jual gasoline tiller hyundai hdt mesin traktor bajak,Lainnya
jual seal piston caliper kaliper rem hyundai asli,Spare Part Mobil
jual karet tatakan hyundai verna,Spare Part Mobil
jual selang bensin pressure hyundai cakra accent asli ori original,Spare Part Mobil
jual headlamp custom hyundai avega projektor hella blue lens,Spare Part Mobil
jual switch saklar lampu kombinasi kia timor original asli kota,Spare Part Mobil
jual headlamp lampu kiri mobil hyundai avega sedan,Spare Part Mobil
jual towing hyundai stargazer jakarta utara berkat,Aksesoris Eksterior
jual lampu sen sudut kiri kanan nissan genesis,Spare Part Mobil
jual trunk mat bagasi cover mobil lftech frontier mitsubishi,Aksesoris Interior
jual tutup tabung wiper timor ori cap cadangan tank kota,Spare Part Mobil
promo kaca spion apv arena elektrik original harga satuan kanan,Spare Part Mobil
jual gantungan kunci stnk mobil import motif kotak hitam kab,Lainnya
jual filter udara air filter hawa kia timor dohc sephia,Spare Part Mobil
jual sekun terminal kabel terminal aki skun,Lainnya
kunci kontak kia picanto kunci kontak komplit,Spare Part Mobil
jual shock bagasi hidrolik pintu kia travello,Spare Part Mobil
jual tape mobil kaset full digital remote radio kota,Aksesoris Interior
jual kisi-kisi kisi ac angin kanan suzuki grand,Spare Part Mobil
jual original bmw list bemper kiri kota depok,Spare Part Mobil
jual spion bmw original kota semarang ardi putra part,Spare Part Mobil
jual filter oli mesin bmw jakarta,Spare Part Mobil
jual hot wheels premium bmw auto strasse merah,Lainnya
jual grill bmw kota bekasi kedai mercedes benz,Spare Part Mobil
jual door trim kiri bmw jakarta utara,Spare Part Mobil
jual bumper bmw jakarta pusat zaitun variasi,Spare Part Mobil
promo spion europe beat lexi aerox mio pcx adv vario,Lainnya
jual cover pilar kaca mobil peugeot,Spare Part Mobil
jual hot wheels bmw gtr kota bogor hobbykoleksi,Lainnya
jual velg mobil racing hsr bbs lebar pcd,Spare Part Mobil
jual miniatur motor bmw rr diecast maisto harga murah,Lainnya
jual asbak bmw kota pekanbaru d_junk tokopedia,Aksesoris Interior
jual beras ramos swan bandung jakarta selatan toko,Lainnya
jual headlamp lampu kiri mobil hyundai avega sedan,Spare Part Mobil
jual headlamp lampu kiri mobil hyundai avega sedan,Spare Part Mobil
jual beras burung hong cap burung hong kota,Lainnya
jual arm,Spare Part Mobil
jual karung laminasi beras bunga merah ramos bandung,Lainnya
jual aki kering ktm enduro motobatt kota,Spare Part Mobil
jual stiker plat motor mabes tni sticker plat motor mobil mabes tni,Aksesoris Eksterior
jual mainan anak motor aki honda forza volt putih kota,Lainnya
jual lowering kit mercy jakarta barat distributor velg hsr,Spare Part Mobil
jual rectifier silikon diode alternator mercy volvo,Spare Part Mobil
jual karet setabil mercy bus truck kab,Spare Part Mobil
jual hotwheels mercedes-benz sel jakarta barat,Lainnya
jual karpet spon bentol tebal berkualitas kw mercy,Lainnya
jual emblem mobil tulisan amg logo mercedes benzz jakarta,Aksesoris Eksterior
jual filter oli,Spare Part Mobil
jual diecast mercedes benz slk skala jakarta selatan,Lainnya
jual grill mercedes-benz baris kota tangerang,Spare Part Mobil
jual arm,Spare Part Mobil
jual puma sepatu traning puma mercedes amg petronas,Lainnya
jual dinamo ampere amper alternator mercedes class,Spare Part Mobil
jual dompet stnk mobil carbon mercedes-benz jakarta pusat,Lainnya
jual grill bmw kota bekasi kedai mercedes benz,Spare Part Mobil
jual brake lining kampas rem only wb lubang truk,Spare Part Mobil
jual cover pilar kaca mobil peugeot,Spare Part Mobil
jual original bmw list bemper kiri kota depok,Spare Part Mobil
jual kaca spion truk modifikasi actros hino ud truck fuso,Spare Part Mobil
jual canvas plastik lembaran plastik kanvas jaring rajut hitam,Lainnya
jual casing kunci mobil daihatsu xenia terios jakarta utara,Lainnya
jual ikan hias laut polimas kota bogor jingleaquamarine,Lainnya
jual hot wheels bmw gtr kota bogor hobbykoleksi,Lainnya
jual diecast mobil lexus miniatur mobil mobilan skala,Lainnya
jual ic tuts psr,Lainnya
jual karet grommet filter udara ertiga original asli,Spare Part Mobil
jual bumper ertiga dreza kab bekasi,Spare Part Mobil
jual grille ertiga asli sgp jakarta pusat timur jaya,Spare Part Mobil
jual karpet mobil suzuki apv arena luxury logo jakarta,Aksesoris Interior
jual pelek asli bekas mobil nissan livina ring ban pnp carry,Spare Part Mobil
jual filter udara saringan udara suzuki carry katana,Spare Part Mobil
jual pipa air radiator suzuki xover,Spare Part Mobil
jual tutup tangki solar bensin futura carry fuel tank cap,Spare Part Mobil
jual pompa oli suzuki grand vitara escudo asli jakarta utara,Spare Part Mobil
jual filter udara suzuki grand vitara asli sgp,Spare Part Mobil
jual engsel pintu suzuki jimny katana sierra,Spare Part Mobil
jual set ac lengkap suzuki jimny katana kota surabaya eco,Spare Part Mobil
jual bemper bumper suzuki futura carry,Spare Part Mobil
jual pelampung bensin ertiga asli jakarta pusat maju jaya,Spare Part Mobil
jual emblem suzuki carry bagong original jakarta,Spare Part Mobil
jual kondensor condensor ac mobil suzuki karimun kotak,Spare Part Mobil
jual door lock pintu suzuki carry kanan kota,Spare Part Mobil
jual sensor pedal gas suzuki ertiga ori original asli jakarta pusat,Spare Part Mobil
jual terpal cover mobil bak pick up variasi aksesoris pickup carry,Aksesoris Eksterior
jual switch temperatur carry jakarta utara sumber sukses,Spare Part Mobil
jual rack bak stir setir futura carry karburator injeksi,Spare Part Mobil
jual karet stabilizer escudo suzuki original ori,Spare Part Mobil
jual lampu headlamp ertiga eagle eyes murah jakarta,Spare Part Mobil
jual jam digital mobil suzuki sidekick vitara escudo,Aksesoris Interior
jual velg oem mobil ertiga+ban luxio ertiga,Spare Part Mobil
jual suzuki kabel rem tangan original,Spare Part Mobil
jual tatakan dudukan plat nomor selip mobil double dinas,Spare Part Mobil
jual seal roda mitsubishi wtb,Spare Part Mobil
jual mesin bensin serba mitsubishi hp tipe,Spare Part Mobil
jual knob tongkat persneling mitsubishi canter,Spare Part Mobil
jual set air outlet angin angin kisi angin mitsubishi kab,Spare Part Mobil
jual aspira filter solar fuel filter mitsubishi,Spare Part Mobil
jual dinamo starter mitsubishi xpander jakarta utara,Spare Part Mobil
jual trunk mat bagasi cover mobil lftech frontier mitsubishi,Aksesoris Interior
jual as kopling gigi truck mitsubishi fuso jakarta,Spare Part Mobil
jual u-bolt baut klem daun mitsubishi strada triton,Spare Part Mobil
jual bearing kopling triton gls asli mitsubishi kota,Spare Part Mobil
jual trans mounting dudukan transmisi mitsubishi,Spare Part Mobil
jual busi mitsubishi pajero sport bensin jakarta pusat king,Spare Part Mobil
jual logo gril berlian mitsubishi pajero original kota bekasi,Aksesoris Eksterior
jual nepel angin rem drat halus mitsubishi fuso,Spare Part Mobil
jual dinamo starter stater mitsubishi mirage original asli,Spare Part Mobil
jual kabel rem tangan mitsubishi ragasa,Spare Part Mobil
jual bemper asli mitsubishi strada jakarta pusat,Spare Part Mobil
jual filter udara air mitsubishi ragasa oem,Spare Part Mobil
jual transmisi manual mitsubishi pajero glx,Spare Part Mobil
jual busi pijar hkt japan mitsubishi pajero triton gen,Spare Part Mobil
jual gigi gear transmisi persneling st mitsubishi,Spare Part Mobil
jual karpet lantai kabin ragasa,Aksesoris Interior
jual map sensor mitsubishi pajero sport dakar,Spare Part Mobil
jual master kopling cowok assy mitsubishi canter ps,Spare Part Mobil
jual modul landak relay extrafen kipas radiator mitsubishi galant,Spare Part Mobil
jual coil spring spiral mitsubishi diesel kota,Spare Part Mobil
jual brake pad kampas rem solar ori mitsubishi,Spare Part Mobil
jual seal power steering kit low mitsubishi kuda diesel ori,Spare Part Mobil
jual pangkon mesin mitsubishi colt kota semarang utama,Spare Part Mobil
jual kampas rem mitsubishi euro,Spare Part Mobil
jual kampas rem lancer evo jakarta utara,Spare Part Mobil
jual cover handle pintu pajero sport original kanan driver,Aksesoris Eksterior
jual karpet mobil mie bihun warna mitsubishi xpander,Aksesoris Interior
jual tutup support shockbreaker mazda jakarta pusat,Spare Part Mobil
jual emblem logo mazda jakarta utara gt motor,Aksesoris Eksterior
jual sakura filter oli mazda biante skyactive mazda,Spare Part Mobil
jual karet stoper karet kepak karet sayap ford ranger,Spare Part Mobil
jual radiator mazda eliteford laser ford telstar bahan kuningan,Spare Part Mobil
jual sekring kepala aki mazda mazda,Spare Part Mobil
jual kampas rem mazda ford fiesta bendix gct,Spare Part Mobil
jual handel handle pintu kiri mazda capella,Spare Part Mobil
jual lampu sen sudut kiri kanan nissan genesis,Spare Part Mobil
jual breket bracket kaliper cakram ford ranger kota jambi,Spare Part Mobil
jual buku owners pedoman petunjuk manual book mazda,Lainnya
jual bumper ertiga dreza kab bekasi,Spare Part Mobil
jual spion bmw original kota semarang ardi putra part,Spare Part Mobil
jual gantungan kunci stnk mobil import motif kotak hitam kab,Lainnya
jual kaca bagasi suzuki karimun estilo kota tangerang,Spare Part Mobil
jual tutup tabung wiper timor ori cap cadangan tank kota,Spare Part Mobil
jual mobil listrik mobil patroli electric patrol,Kendaraan
kunci kontak kia picanto kunci kontak komplit,Spare Part Mobil
jual dekrup matahari opel blazer sohc dohc original asli kota,Spare Part Mobil
jual karet tatakan hyundai verna,Spare Part Mobil
jual soket fitting lampu mobil type kab tangerang,Spare Part Mobil
jual lampu sen sudut kiri kanan nissan genesis,Spare Part Mobil
jual talang air mobil timor kab bandung barat rejekik oe,Spare Part Mobil
jual tutup tabung wiper timor ori cap cadangan tank kota,Spare Part Mobil
jual duduk mobil sandaran kepala leher mobil bantal,Aksesoris Interior
jual headlamp lampu kiri mobil hyundai avega sedan,Spare Part Mobil
jual mobil listrik mobil patroli electric patrol,Kendaraan
jual kampas rem mazda ford fiesta bendix gct,Spare Part Mobil
jual towing hyundai stargazer jakarta utara berkat,Aksesoris Eksterior
jual velg original oem mobil ford fiesta ring bekas murah aman,Spare Part Mobil
jual karet tutup lubang lantai lubang body mobil universal kota,Spare Part Mobil
jual gantungan kunci stnk mobil import motif kotak hitam kab,Lainnya
jual velg racing palang mobil honda jazz rs kota,Spare Part Mobil
promo corong jahat raize rocky mesin turbo na,Spare Part Mobil
jual oli daihatsu sn liter filter mobil ayla sigra,Oli dan Penghemat BBM
arti sayang hubungan cinta,Lainnya
kenali perbedaan perasaan cinta sayang,Lainnya
romantis pria wanita,Lainnya
jual filter udara air filter toyota agya daihatsu ayla ori,Spare Part Mobil
jual alat penghemat bbm bensin solar honda cr-v jakarta utara,Oli dan Penghemat BBM
jual jasa perbaikan airbag mobil pecah kota bandung,Spare Part Mobil
jual mika lampu lampu headlamp fortuner vrz,Spare Part Mobil
promo klep silinder head toyota hilux diesel innova diesel,Spare Part Mobil
jual jual toyota landcruiser vx lampu,Spare Part Mobil
jual stiker stiker rubicon tulisan original kap mesin samping,Aksesoris Eksterior
jual busi innova bensin terbaru harga termurah,Spare Part Mobil
jual relay lampu xenia terbaru harga termurah,Spare Part Mobil
jual electric mirror avanza terbaru harga termurah,Spare Part Mobil
jual busi oem daihatsu agyaaylacalyasigra,Spare Part Mobil
jual relay lampu xenia terbaru harga termurah,Spare Part Mobil
promo klep silinder head toyota hilux diesel innova diesel,Spare Part Mobil
promo motul oli mobil tekma turbo power diskon,Oli dan Penghemat BBM
jual jual toyota landcruiser vx lampu,Spare Part Mobil
jual busi oem daihatsu agyaaylacalyasigra,Spare Part Mobil
jual ban mobil accelera eco plush murah awet,Spare Part Mobil
jual stiker stiker rubicon tulisan original kap mesin samping,Aksesoris Eksterior
jual celo tangerang model terbaru harga promo mei blibli,Lainnya
promo klep silinder head toyota hilux diesel innova diesel,Spare Part Mobil
jual jual toyota landcruiser vx lampu,Spare Part Mobil
jual stiker stiker rubicon tulisan original kap mesin samping,Aksesoris Eksterior
jual busi innova bensin terbaru harga termurah,Spare Part Mobil
jual boring fiz terbaru harga termurah blibli,Lainnya
jual boster rem bmw terbaru harga termurah,Spare Part Mobil
jual emblem logo mercy terbaru harga termurah,Aksesoris Eksterior
promo klep silinder head toyota hilux diesel innova diesel,Spare Part Mobil
jual jual toyota landcruiser vx lampu,Spare Part Mobil
promo gigi governor gear assy mesin mitsubishi tipe hp,Spare Part Mobil
jual brake shoe diesel mitsubishi genuine,Spare Part Mobil
jual stiker stiker rubicon tulisan original kap mesin samping,Aksesoris Eksterior
promo klep silinder head toyota hilux diesel innova diesel,Spare Part Mobil
jual jual toyota landcruiser vx lampu,Spare Part Mobil
jual stiker stiker rubicon tulisan original kap mesin samping,Aksesoris Eksterior
jual piston fiz blok terbaru harga termurah blibli,Spare Part Mobil
jual busi innova bensin terbaru harga termurah,Spare Part Mobil
jual blok original fiz terbaru harga termurah,Lainnya
jual roller yamagata mio smile gram terbaru harga,Lainnya
jual blok seher yamaha mio npp terbaru harga,Lainnya
jual blok seher beat fi npp terbaru harga termurah,Lainnya
jual magnet clutch datsun pokka terbaru harga termurah,Spare Part Mobil
jual boring fiz terbaru harga termurah blibli,Lainnya
jual boring beat karbu ori terbaru harga termurah,Lainnya
jual sepasang kunci pintu toyota hardtop land cruiser,Spare Part Mobil
jual piston assy toyota soluna size standar lapak citra,Spare Part Mobil
jual produk motor fan toyota altis termurah terlengkap mei,Spare Part Mobil
jual produk aksesoris mobil toyota innova headrest termurah,Aksesoris Interior
jual kopling set matahari kampas bearing ori toyota,Spare Part Mobil
jual produk toyota altis termurah terlengkap mei,Spare Part Mobil
jual gigi timing crankshaft gear ker as ori toyota,Spare Part Mobil
jual kaca pintu kanan kiri toyota hardtop fj bj model one,Spare Part Mobil
jual toyota motor oil synthetic sn oli mobil bensin liter,Oli dan Penghemat BBM
jual klip kancing list spoiler mobil toyota avanza,Spare Part Mobil
jual produk toyota kijang innova zenix termurah terlengkap,Spare Part Mobil
jual produk innova zenix kijang innova aksesoris termurah,Spare Part Mobil
jual beli interior mobil online murah april halaman,Spare Part Mobil
jual produk seal caliper rem kit kijang termurah terlengkap,Spare Part Mobil
jual rem tangan electric electrik elektric parking brake rem epb,Spare Part Mobil
jual rack reak pawer steering mithubishi galant hiu asli,Spare Part Mobil
jual beli stir mobil aksesoris interior mobil murah halaman,Lainnya
jual beli onderdil sparepart eksterior mobil halaman,Spare Part Mobil
jual ic regulator ic alternator dinamo ampere amper,Spare Part Mobil
jual beli interior mobil online murah april halaman,Spare Part Mobil
jual beli wiper kaca mobil online murah terbaik halaman,Spare Part Mobil
jual beli sarung jok mobil trim murah april halaman,Aksesoris Interior
jual beli onderdil sparepart eksterior mobil halaman,Spare Part Mobil
jual beli onderdil sparepart eksterior mobil halaman,Spare Part Mobil
jual cover tutup trim lampu honda estilo lapak,Spare Part Mobil
jual klip kancing list spoiler mobil toyota avanza,Spare Part Mobil
jual oil filter wuling confero sakura lapak atlas motor mks,Spare Part Mobil
jual gigi timing crankshaft gear ker as ori toyota,Spare Part Mobil
jual kopling set matahari kampas bearing ori toyota,Spare Part Mobil
jual beli onderdil sparepart eksterior mobil halaman,Spare Part Mobil
jual beli onderdil sparepart eksterior mobil halaman,Spare Part Mobil
jual rack reak pawer steering mithubishi galant hiu asli,Spare Part Mobil
jual beli onderdil sparepart eksterior mobil halaman,Spare Part Mobil
jual beli stir mobil aksesoris interior mobil murah halaman,Spare Part Mobil
jual beli wiper kaca mobil online murah terbaik halaman,Spare Part Mobil
jual produk busi iridium honda crv termurah terlengkap mei,Spare Part Mobil
jual rem tangan electric electrik elektric parking brake rem epb,Spare Part Mobil
jual beli interior mobil online murah april halaman,Spare Part Mobil
jual beli stir mobil aksesoris interior mobil murah halaman,Aksesoris Interior
jual kopling set matahari kampas bearing ori toyota,Spare Part Mobil
jual rack reak pawer steering mithubishi galant hiu asli,Spare Part Mobil
jual gigi timing crankshaft gear ker as ori toyota,Spare Part Mobil
jual produk crv turbo tongkat persneling matic termurah,Spare Part Mobil
jual beli sarung jok mobil trim murah april halaman,Aksesoris Interior
jual ic regulator ic alternator dinamo ampere amper,Spare Part Mobil
jual cover tutup trim lampu honda estilo lapak,Spare Part Mobil
jual beli wiper kaca mobil online murah terbaik halaman,Spare Part Mobil
jual cover tutup plat nomor cover pelindung plat nomor,Lainnya
jual klip kancing list spoiler mobil toyota avanza,Spare Part Mobil
jual beli interior mobil online murah april halaman,Spare Part Mobil
jual cargo net double jaring bagasi mobil hyundai,Aksesoris Interior
jual rack reak pawer steering mithubishi galant hiu asli,Spare Part Mobil
jual beli onderdil sparepart eksterior mobil halaman,Spare Part Mobil
jual beli sarung jok mobil trim murah april halaman,Aksesoris Interior
jual beli onderdil sparepart eksterior mobil halaman,Spare Part Mobil
jual beli onderdil sparepart eksterior mobil halaman,Spare Part Mobil
jual case cover sarung kunci mobil smartkey bmw,Lainnya
jual beli interior mobil online murah april halaman,Spare Part Mobil
jual beli onderdil sparepart eksterior mobil halaman,Spare Part Mobil
jual produk decal sangkar murai ebod termurah terlengkap,Spare Part Mobil
jual beli onderdil sparepart eksterior mobil halaman,Spare Part Mobil
jual gear gir gigi rasio transmisi pinion th yamaha yb,Spare Part Mobil
jual gear gir gigi rasio transmisi pinion th susun yamaha rxk rx,Spare Part Mobil
jual beli interior mobil online murah april halaman,Spare Part Mobil
jual piston seher suzuki baleno original iti lapak car,Spare Part Mobil
jual motor fan dinamo extra fan original suzuki,Aksesoris Eksterior
jual talang air suzuki carry model kupu kupu lapak,Spare Part Mobil
jual piston assy toyota soluna size standar lapak citra,Spare Part Mobil
jual beli stir mobil aksesoris interior mobil murah halaman,Aksesoris Interior
jual karet rem seal rem avanza xenia futura,Spare Part Mobil
jual beli onderdil sparepart eksterior mobil halaman,Spare Part Mobil
jual dudukan pangkon panel dasi lampu plat nomer,Lainnya
jual beli interior mobil online murah april halaman,Spare Part Mobil
jual klip kancing list spoiler mobil toyota avanza,Spare Part Mobil
jual ic regulator ic alternator dinamo ampere amper,Spare Part Mobil
jual rem tangan electric electrik elektric parking brake rem epb,Spare Part Mobil
jual beli wiper kaca mobil online murah terbaik halaman,Spare Part Mobil
jual towel set isi pcs handuk mandi bulu tebal lembut,Lainnya
jual filter solar pajero sport dakar,Spare Part Mobil
jual gigi timing crankshaft gear ker as ori toyota,Spare Part Mobil
jual kopling set matahari kampas bearing ori toyota,Spare Part Mobil
jual beli wiper kaca mobil online murah terbaik halaman,Spare Part Mobil
jual beli stir mobil aksesoris interior mobil murah halaman,Aksesoris Interior
jual beli onderdil sparepart eksterior mobil halaman,Spare Part Mobil
jual toyota motor oil synthetic sn oli mobil bensin liter,Oli dan Penghemat BBM
jual beli interior mobil online murah april halaman,Spare Part Mobil
jual beli onderdil sparepart eksterior mobil halaman,Spare Part Mobil
jual beli sarung jok mobil trim murah april halaman,Aksesoris Interior
jual beli onderdil sparepart eksterior mobil halaman,Spare Part Mobil
jual klip kancing list spoiler mobil toyota avanza,Spare Part Mobil
jual ic regulator ic alternator dinamo ampere amper,Spare Part Mobil
jual rem tangan electric electrik elektric parking brake rem epb,Spare Part Mobil
jual piston assy toyota soluna size standar lapak citra,Spare Part Mobil
jual ic regulator ic alternator dinamo ampere amper,Spare Part Mobil
jual beli wiper kaca mobil online murah terbaik halaman,Spare Part Mobil
jual rem tangan electric electrik elektric parking brake rem epb,Spare Part Mobil
jual beli onderdil sparepart eksterior mobil halaman,Spare Part Mobil
jual beli onderdil sparepart eksterior mobil halaman,Spare Part Mobil
jual dudukan pangkon panel dasi lampu plat nomer,Lainnya
jual karet rem seal rem avanza xenia futura,Spare Part Mobil
jual kopling set matahari kampas bearing ori toyota,Spare Part Mobil
jual gigi timing crankshaft gear ker as ori toyota,Spare Part Mobil
jual beli onderdil sparepart eksterior mobil halaman,Spare Part Mobil
jual beli onderdil sparepart eksterior mobil halaman,Spare Part Mobil
jual beli stir mobil aksesoris interior mobil murah halaman,Aksesoris Interior
jual oil filter wuling confero sakura lapak atlas motor mks,Spare Part Mobil
jual beli interior mobil online murah april halaman,Spare Part Mobil
jual beli wiper kaca mobil online murah terbaik halaman,Spare Part Mobil
jual engine mounting insulator karet pangkon mesin,Spare Part Mobil
jual eibach mobil toyota innova bensin onderdil kab,Spare Part Mobil
jual karet kaca toyota corolla jakarta pusat,Spare Part Mobil
jual aki mobil toyota innova diesel hilux amaron,Spare Part Mobil
jual ori baut body toyota hardtop kab tangerang toko,Spare Part Mobil
jual stoplamp lampu toyota ist original jakarta utara,Spare Part Mobil
jual ring piston toyota kijang innova diesel tp,Spare Part Mobil
jual filter udara hiace original toyota jakarta utara,Spare Part Mobil
jual logo emblem lambang toyota hilux asli kota jambi,Aksesoris Eksterior
jual oli toyota tmo transmisi fluid manual,Oli dan Penghemat BBM
jual bearing roda toyota lexus,Spare Part Mobil
jual socket soket fitting lampu sein toyota daihatsu bohlam,Spare Part Mobil
jual caliper assy kaliper rem toyota innova kiri kanan jakarta,Spare Part Mobil
jual seal sil poros transmisi manual toyota,Spare Part Mobil
jual alarm mobil for toyota kijang kapsul model konci lipat,Spare Part Mobil
jual selang rem kijang kapsul lubang cewek,Spare Part Mobil
jual gardan toyota kijang kapsul grand super doyok gigi jakarta,Spare Part Mobil
jual lanyard id card toyota tali jakarta timur,Lainnya
jual paking set innova diesel toyota merk eristic bahan,Spare Part Mobil
jual selang flexible rem toyota hardtop tlc,Spare Part Mobil
jual toyota hardtop indikator panel diesel kota,Aksesoris Interior
jual karet body kabin toyota kijang lgx mini bus ori,Spare Part Mobil
jual ker as kruk as crankshaft toyota vios yaris komplit metal set,Spare Part Mobil
toyota perintis marchandise medan petisah kota medan,Lainnya
jual piston set toyota hilux sakura,Spare Part Mobil
jual setir stir wheel steer assy toyota kijang kapsul lgx,Spare Part Mobil
jual lampu fog lam lampu mobil toyota raize angel eyes,Aksesoris Eksterior
jual socket soket fitting lampu sein toyota daihatsu bohlam,Spare Part Mobil
jual filter oli daihatsu original thailand jakarta pusat,Spare Part Mobil
jual aki mobil daihatsu taruna terios,Spare Part Mobil
jual plat kopling feroza asli daihatsu kota,Spare Part Mobil
jual spoiler led topi sirip daihatsu feroza taft kota,Aksesoris Eksterior
jual transmisi manual daihatsu grandmax luxio,Spare Part Mobil
jual bantal mobil daihatsu luxio hitam kab kediri auto part,Aksesoris Interior
jual piston kaliper grand max daihatsu ori,Spare Part Mobil
jual cv joint daihatsu taft gigi gigi jakarta pusat,Spare Part Mobil
toko sasra jaya grosir online produk lengkap harga terbaik,Lainnya
review bearing tensioner daihatsu xenia cc laher tensioner,Spare Part Mobil
jual roof rack taruna keranjang mobil ukuran lebar jakarta,Aksesoris Eksterior
jual seal sil poros transmisi manual toyota,Spare Part Mobil
jual karpet lumpur mudguard kanan isuzu panther,Aksesoris Eksterior
jual karet body kabin toyota kijang lgx mini bus ori,Spare Part Mobil
jual logo emblem lambang toyota hilux asli kota jambi,Aksesoris Eksterior
jual filter udara charade kab bogor pulsae tokopedia,Spare Part Mobil
jual packing paking set kompresor ac xenia kab bekasi,Spare Part Mobil
jual tutup filter ac-tutup kabin honda jazz-freed-hrv,Spare Part Mobil
jual modul obd auto door lock autolock kunci pintu otomatis,Spare Part Mobil
jual paket shockbreaker honda crv gen,Spare Part Mobil
jual filter udara honda civic,Spare Part Mobil
jual engine mounting kiri honda crv gen jakarta selatan sjm,Spare Part Mobil
jual as roda cv joint at honda brv jakarta pusat asia,Spare Part Mobil
jual stoplamp lampu stop brio putih clear kanan,Spare Part Mobil
jual paket velg mobil honda mobilio ring hsr ban,Spare Part Mobil
jual mobilio lampu tembak mini projie lens lampu,Spare Part Mobil
jual keong coil spring slbm original asli honda brio,Spare Part Mobil
jual pelek mobil henkei hsr velg mobil ring brio,Spare Part Mobil
jual rack end honda brv long tie rod honda brv,Spare Part Mobil
jual boot as roda honda brv original jakarta utara,Spare Part Mobil
jual eibach mobil toyota innova bensin onderdil kab,Spare Part Mobil
jual sensor ker as crankshaft kruk as xenia,Spare Part Mobil
jual dinamo alternator honda hrv petrol,Spare Part Mobil
jual bearing roda hyundai trajet jakarta,Spare Part Mobil
jual karet bagasi pintu bagasi hyundai original kota,Spare Part Mobil
jual water pump trajet pompa air waterpam trajet asli,Spare Part Mobil
jual kisi panel ac kanan mitsubishi jakarta pusat,Spare Part Mobil
jual master kopling chevrolet aveo kalos lova kab sidoarjo,Spare Part Mobil
jual piston set toyota hilux sakura,Spare Part Mobil
jual baut ban serep nissan livina baut ban serep nissan march baut,Aksesoris Eksterior
jual kanvas rem ford ranger dobel,Spare Part Mobil
jual bos arm lmf jakarta selatan bmw ku,Spare Part Mobil
jual original bmw sedan lampu sein sen putih bening,Spare Part Mobil
jual modul abs pump bmw jakarta utara palapa jaya,Spare Part Mobil
jual shock breaker bmw sensor bilstein jakarta,Spare Part Mobil
jual selang bensin injektor bmw,Spare Part Mobil
jual beras bmw pandan wangi kg asli jakarta selatan toko,Lainnya
jual karet boot shockbreaker bmw,Spare Part Mobil
jual logo kap mesin maybach mercedes benz mercy emblem,Aksesoris Eksterior
jual beras slyp super asli cap widuri jakarta pusat,Lainnya
jual pelek mobil velg mobil hsr ring type lopok pcd,Spare Part Mobil
jual baterai battery remote mobil pagar best,Lainnya
jual selang radiator hino jakarta barat,Spare Part Mobil
jual keset welcome alas kaki karet anti selip mie bihun,Lainnya
promo panci kukus langseng nasi ukuran liter jakarta,Lainnya
jual fashion anak dress balet rok tutu warna pink bahan katun,Lainnya
jual subron kuali wajan penggorengan stainless steel,Lainnya
jual cristiano ronaldo topi baseball hip hop aade warna,Lainnya
jual metal duduk std glyco om mercy,Spare Part Mobil
jual original mercedes class selang intercooler kiri mesin,Spare Part Mobil
jual angker stater kancing monark truk,Spare Part Mobil
jual repairkit gigi bolu model laher truk,Spare Part Mobil
jual kaca lampu headlamp glass mercedes benz,Spare Part Mobil
jual alternator iveco,Spare Part Mobil
jual pipa air filter udara mercedes benz,Spare Part Mobil
jual footstep foot step mercy mercedes glc taiwan,Aksesoris Eksterior
jual logo kap mesin maybach mercedes benz mercy emblem,Aksesoris Eksterior
jual wabco jalur bis mercy kota,Spare Part Mobil
jual selang bensin injektor bmw,Spare Part Mobil
jual shock breaker bmw sensor bilstein jakarta,Spare Part Mobil
jual pelek velg mobil ori mercy ring pcd kota,Spare Part Mobil
jual alternator assy prestolite original jakarta,Spare Part Mobil
jual pin karang taruna premium kota semarang dzaka,Lainnya
jual modul abs pump bmw jakarta utara palapa jaya,Spare Part Mobil
jual paking tutup klep suzuki apv futura injeksi apv arena,Spare Part Mobil
jual kampas rem brake shoe apv mega carry,Spare Part Mobil
jual kampas kopling set suzuki ertiga original jakarta pusat sinar,Spare Part Mobil
jual tutup oli mesin katana carry baleno apv,Spare Part Mobil
jual ic dinamo cas carry extra jakarta utara automartglobal,Spare Part Mobil
jual karpet mobil karpet karet lantai mobil suzuki futura dpn,Aksesoris Interior
jual ring syncromis sincronis gigi suzuki baleno karimun,Spare Part Mobil
jual distributor seal sil delco suzuki forsa,Spare Part Mobil
jual holder starter suzuki ertiga bekas kota surabaya,Spare Part Mobil
jual filter saringan oli suzuki carry sakura kota,Spare Part Mobil
jual jam digital grand escudo berkualitas kota bekasi,Aksesoris Interior
jual bushing kolum bos stir mobil suzuki carry futura,Spare Part Mobil
jual spoiler mobil suzuki apv topi mobil suzuki apv,Aksesoris Eksterior
jual engsel pintu suzuki jimny katana original ori asli jakarta,Spare Part Mobil
jual velg mobil hsr kamikaze ring ertiga xpander,Spare Part Mobil
jual kabel pnp head unit soket suzuki carry utk pasang,Aksesoris Interior
jual kereta kencana naga mesin carry odong odong kab,Lainnya
jual thermostat suzuki baleno jakarta pusat aneka diesel,Spare Part Mobil
jual pick up carry futura hitam jakarta barat thunder,Aksesoris Eksterior
jual mi mainan mobil remote control smart rc car smartphone,Lainnya
jual pipi panel canter kiri original mitsubishi jakarta,Spare Part Mobil
jual piston seher mitsubishi jakarta barat hino,Spare Part Mobil
jual metal std mitsubishi,Spare Part Mobil
jual filter oli triton glx asli mitsubishi kota balikpapan,Spare Part Mobil
jual plat kopling kampas kopling mitsubishi,Spare Part Mobil
jual filter oli mitsubishi galant,Spare Part Mobil
jual klep intakeklep minyak mitsubishi pajero sport triton asli,Spare Part Mobil
jual nut nozzle mitsubishi jakarta,Spare Part Mobil
jual ball joint arm mitsubishi galant hiu kota,Spare Part Mobil
jual kisi panel ac kanan mitsubishi jakarta pusat,Spare Part Mobil
jual oil seal kruk as galant hiu esti,Spare Part Mobil
jual kuda lumping mitsubishi colt diesel canter kiri,Spare Part Mobil
jual sakura filter udara mitsubishi kota,Spare Part Mobil
jual lampu senja mitsubishi xpander running sen,Spare Part Mobil
jual kepala babi mitsubishi canter jakarta pusat,Spare Part Mobil
jual ring piston ring seher mitsubishi colt diesel ps,Spare Part Mobil
jual filter oli mitsubishi jakarta barat onestop,Spare Part Mobil
jual selang air pendingin mitsubishi pajero sport genuine part,Spare Part Mobil
jual striker pintu bak strada triton jakarta pusat,Spare Part Mobil
jual washer spring pin kota samarinda mitsubishi,Spare Part Mobil
jual kabel tali kopling mitsubishi colt ss injection,Spare Part Mobil
jual kampas rem pajero asli mitsubishi lokal part,Spare Part Mobil
jual sensor flywheel roda gila mitsubishi fuso,Spare Part Mobil
jual gigi matigigi susun mitsubishi fuso,Spare Part Mobil
jual speedometer spedometer kilometer mitsubishi,Spare Part Mobil
jual headlamp lampu mitsubishi pajero sport exced kota,Spare Part Mobil
jual bearing cones roda mitsubishi strada jakarta,Spare Part Mobil
review seal kit master kopling mitsubishi kuda diesel,Spare Part Mobil
jual filter udara mazda ford escape sakura kab,Spare Part Mobil
jual pin caliper pen caliper kaliper mazda non,Spare Part Mobil
jual motor power window mazda pintu penumpang,Spare Part Mobil
jual kaca bagasi mazda biante kota tangerang,Spare Part Mobil
jual pintu bagasi pintu mazda biante original jakarta,Spare Part Mobil
jual headlamp lampu mazda kota bandung,Spare Part Mobil
jual kanvas rem ford ranger dobel,Spare Part Mobil
jual emblem demio jdm style kota bekasi,Aksesoris Eksterior
jual jam digital grand escudo berkualitas kota bekasi,Aksesoris Interior
jual filter oli daihatsu original thailand jakarta pusat,Spare Part Mobil
jual filter udara honda civic,Spare Part Mobil
jual stoplamp lampu toyota ist original jakarta utara,Spare Part Mobil
jual aki mobil toyota innova diesel hilux amaron,Spare Part Mobil
jual timing belt optibelt industri lebar mm,Spare Part Mobil
jual tapet botol klep kijang asli kota depok cahaya maju,Spare Part Mobil
jual paking gasket manifold manipol jeep bensin kota,Spare Part Mobil
jual dinamo alternator honda hrv petrol,Spare Part Mobil
jual shockbreaker shock breaker kia carens jakarta,Spare Part Mobil
jual aki mobil fortuner turbo dieselmt ah,Spare Part Mobil
jual bantal mobil daihatsu luxio hitam kab kediri auto part,Aksesoris Interior
jual kisi panel ac kanan mitsubishi jakarta pusat,Spare Part Mobil
jual master kopling chevrolet aveo kalos lova kab sidoarjo,Spare Part Mobil
jual kampas kopling honda jazz terlengkap harga murah april,Spare Part Mobil
jual bearing roda hyundai trajet jakarta,Spare Part Mobil
jual pelek mobil henkei hsr velg mobil ring brio,Spare Part Mobil
jual paking tutup klep dmax rhlh jakarta pusat,Spare Part Mobil
jual karpet dasar mobil karpet lantai peredam full,Aksesoris Interior
jual seal sil poros transmisi manual toyota,Spare Part Mobil
jual dongkrak jembatan scissor jack ton mobil wuling confero,Spare Part Mobil
jual speedometer spedometer kilometer mitsubishi,Spare Part Mobil
jual miniatur murah terbaik harga terbaru mei,Lainnya
jual tutup filter ac-tutup kabin honda jazz-freed-hrv,Spare Part Mobil
jual jok datsun go kota tangerang arjawiawijok,Spare Part Mobil
jual pipa bensin tangki ford ecosport jakarta timur,Spare Part Mobil
jual lampu fog lam lampu mobil toyota raize angel eyes,Aksesoris Eksterior
jual jam digital grand escudo berkualitas kota bekasi,Aksesoris Interior
jual air filter saringan udara suzuki karimun old,Spare Part Mobil
jual lampu foglamp mobil vios gen lampu kabut angel eyes,Aksesoris Eksterior
jual sarung jok paten kulit microfiber vision lugano mobil nissan,Aksesoris Interior
jual pelek mobil velg mobil hsr ring type lopok pcd,Spare Part Mobil
jual stoplamp lampu toyota ist original jakarta utara,Spare Part Mobil
jual bantal mobil daihatsu luxio hitam kab kediri auto part,Aksesoris Interior
jual lampu senja mitsubishi xpander running sen,Spare Part Mobil
jual bumper spion door guard pcs pelindung pintu mobil,Aksesoris Eksterior
jual aki mobil incoe astra mf din aki kering,Spare Part Mobil
jual aki mobil incoe astra mf din aki kering,Spare Part Mobil
promo engine mounting kiri toyota calya sigra cc manual,Spare Part Mobil
jual dinamo starter toyota avanza xenia rush terios agya sirion,Spare Part Mobil
jual jual toyota landcruiser vx lampu,Spare Part Mobil
jual kaca lampu sen sein spion innova reborn original toyota,Spare Part Mobil
jual stok terbatas pompa air wiper hardtop motor air wiper,Spare Part Mobil
jual kaca spion panther refill only satuan seller paris auto,Spare Part Mobil
jual kampas rem altis seller,Spare Part Mobil
promo selang bensin pipa plastik pelastik fleksibel pompa bensin,Spare Part Mobil
promo engine mounting kiri toyota calya sigra cc manual,Spare Part Mobil
jual jual toyota landcruiser vx lampu,Spare Part Mobil
jual stok terbatas pompa air wiper hardtop motor air wiper,Spare Part Mobil
jual kaca spion panther refill only satuan seller paris auto,Spare Part Mobil
jual kaca lampu sen sein spion innova reborn original toyota,Spare Part Mobil
promo engine mounting kiri toyota calya sigra cc manual,Spare Part Mobil
jual cover jok mobil avanza standar terbaru harga,Aksesoris Interior
jual stok terbatas pompa air wiper hardtop motor air wiper,Spare Part Mobil
jual jual toyota landcruiser vx lampu,Spare Part Mobil
jual kaca spion panther refill only satuan seller paris auto,Spare Part Mobil
jual kaca lampu sen sein spion innova reborn original toyota,Spare Part Mobil
jual krengkes shogun terbaru harga termurah,Lainnya
jual eka tech terbaru harga termurah blibli,Lainnya
jual id silikon fleksibel selang radiator,Spare Part Mobil
jual fanbelt tali kipas,Spare Part Mobil
promo cover penutup lampu led headlamp mobil bahan karet,Spare Part Mobil
promo jam dinding kaligrafi allah made in turkiye diskon,Lainnya
jual handle pintu carry terbaru harga termurah,Spare Part Mobil
jual jual toyota landcruiser vx lampu,Spare Part Mobil
jual stok terbatas pompa air wiper hardtop motor air wiper,Spare Part Mobil
jual ban dunlop terbaru harga termurah,Spare Part Mobil
promo cover penutup lampu led headlamp mobil bahan karet,Spare Part Mobil
jual cover jok mobil avanza standar terbaru harga,Aksesoris Interior
jual servo mitsubishi lancer terbaru harga termurah,Spare Part Mobil
jual fuel pump pompa solar canter asli,Spare Part Mobil
promo engine mounting kiri toyota calya sigra cc manual,Spare Part Mobil
jual kaca spion panther refill only satuan seller paris auto,Spare Part Mobil
promo engine mounting kiri toyota calya sigra cc manual,Spare Part Mobil
jual cover jok mobil avanza standar terbaru harga,Aksesoris Interior
jual fanbelt tali kipas,Spare Part Mobil
jual jual toyota landcruiser vx lampu,Spare Part Mobil
jual morris garage zs ignite mobil tdp sgmw bunga,Kendaraan
jual karet bagasi peredam pintu wuling confero,Spare Part Mobil
jual kaca spion panther refill only satuan seller paris auto,Spare Part Mobil
jual cover jok mobil avanza standar terbaru harga,Aksesoris Interior
jual kaca lampu sen sein spion innova reborn original toyota,Spare Part Mobil
jual laminating nmax terbaru harga termurah,Lainnya
jual krengkes shogun terbaru harga termurah,Lainnya
jual eka tech terbaru harga termurah blibli,Lainnya
jual tankpad honda coba terbaru harga termurah,Lainnya
jual fuel saver diesel terbaru harga termurah,Oli dan Penghemat BBM
jual ban dunlop terbaru harga termurah,Spare Part Mobil
jual piston assy toyota soluna size standar lapak citra,Spare Part Mobil
jual paking carter toyota hardtop lapak ddsepareparts,Spare Part Mobil
jual kopling set matahari kampas bearing original,Spare Part Mobil
jual toyota motor oil synthetic sn oli mobil bensin liter,Oli dan Penghemat BBM
jual klip kancing list spoiler mobil toyota avanza,Spare Part Mobil
jual kopling set matahari kampas lahar ori toyota,Spare Part Mobil
jual gardan lsd toyota innova diesel reborn lapak,Spare Part Mobil
jual soket sensor map air flow toyota vios limo,Spare Part Mobil
jual soket sensor tps pin toyota vios limo original,Spare Part Mobil
jual produk piringan cakram kijang termurah terlengkap mei,Spare Part Mobil
jual kopling set matahari kampas bearing ori,Spare Part Mobil
jual dinamo motor blower fan kipas angin ac mobil,Spare Part Mobil
jual produk piringan cakram kijang termurah,Spare Part Mobil
jual ic regulator ic alternator dinamo ampere amper,Spare Part Mobil
jual produk biled fortuner termurah terlengkap mei,Spare Part Mobil
jual botol klep tappet klep kijang bensin lapak mk motor,Spare Part Mobil
jual produk anting modifikasi termurah terlengkap mei,Spare Part Mobil
jual produk stiker sticker arah termurah terlengkap mei,Lainnya
jual verlop ring male female drat drat,Spare Part Mobil
jual double tape perekat bolak trim,Lainnya
jual list kaca avanza xenia vvti lapak,Spare Part Mobil
jual doortrim kanan front right lubang speaker,Spare Part Mobil
jual klip kancing list spoiler mobil toyota avanza,Spare Part Mobil
jual kopling set matahari kampas bearing ori,Spare Part Mobil
jual kopling set matahari kampas lahar ori toyota,Spare Part Mobil
jual dinamo motor blower fan kipas angin ac mobil,Spare Part Mobil
jual produk anting modifikasi termurah terlengkap mei,Spare Part Mobil
jual kampas rem corona absolute camry,Spare Part Mobil
jual gardan lsd toyota innova diesel reborn lapak,Spare Part Mobil
jual soket sensor map air flow toyota vios limo,Spare Part Mobil
jual gasket paking tutup klep nissan xtrail lapak,Spare Part Mobil
jual lampu hias gantung premium modern gold tube,Lainnya
jual kampas rem brake pad honda mobilio schenker,Spare Part Mobil
jual gardan lsd toyota innova diesel reborn lapak,Spare Part Mobil
jual produk seal kit piston rem termurah terlengkap,Spare Part Mobil
jual kopling set matahari kampas lahar ori toyota,Spare Part Mobil
jual kopling set matahari kampas bearing ori,Spare Part Mobil
jual ic regulator ic alternator dinamo ampere amper,Spare Part Mobil
jual soket sensor map air flow toyota vios limo,Spare Part Mobil
jual klip kancing list spoiler mobil toyota avanza,Spare Part Mobil
jual dinamo motor blower fan kipas angin ac mobil,Spare Part Mobil
jual produk selimut mobil freed warna termurah terlengkap,Aksesoris Eksterior
jual double tape perekat bolak trim,Lainnya
jual selang rem tiger revo ori copotan lapak tirev part,Lainnya
jual piston seher suzuki baleno original iti lapak car,Spare Part Mobil
jual verlop ring male female drat drat,Spare Part Mobil
jual lampu hias gantung premium modern gold tube,Lainnya
jual gasket paking tutup klep nissan xtrail lapak,Spare Part Mobil
jual produk selimut mobil freed warna termurah terlengkap,Aksesoris Eksterior
jual produk seal kit piston rem termurah terlengkap,Spare Part Mobil
jual dinamo motor blower fan kipas angin ac mobil,Spare Part Mobil
jual verlop ring male female drat drat,Spare Part Mobil
jual gardan lsd toyota innova diesel reborn lapak,Spare Part Mobil
jual pembersih penggilap orange pledge,Lainnya
jual korek api bara model api las br lapak,Lainnya
jual produk pisau dapur kayu termurah terlengkap mei,Lainnya
jual lampu hias gantung premium modern gold tube,Lainnya
jual dinamo motor blower fan kipas angin ac mobil,Spare Part Mobil
jual gear gir gigi rasio transmisi pinion nd output kawasaki,Lainnya
jual gear gir gigi rasio transmisi pinion th counter shaft honda,Spare Part Mobil
jual piston seher suzuki baleno original iti lapak car,Spare Part Mobil
jual joint kopel carry futura bensin jepang,Spare Part Mobil
jual dinamo motor blower fan kipas angin ac mobil suzuki,Spare Part Mobil
jual produk selimut mobil freed warna termurah terlengkap,Aksesoris Eksterior
jual kampas rem corona absolute camry,Spare Part Mobil
jual produk anting modifikasi termurah terlengkap mei,Spare Part Mobil
jual piston assy toyota soluna size standar lapak citra,Spare Part Mobil
jual damper air shroud karet bantalan tutup kipas block blok,Spare Part Mobil
jual tutup tabung cadangan air radiator avanza xenia rush,Spare Part Mobil
jual gear gir gigi rasio transmisi pinion nd output kawasaki,Lainnya
jual klip kancing list spoiler mobil toyota avanza,Spare Part Mobil
jual ic regulator ic alternator dinamo ampere amper,Spare Part Mobil
jual soket sensor map air flow toyota vios limo,Spare Part Mobil
jual dinamo motor blower fan kipas angin ac mobil,Spare Part Mobil
jual produk batik tangan pria termurah terlengkap,Lainnya
jual double tape perekat bolak trim,Lainnya
jual kopling set matahari kampas bearing ori,Spare Part Mobil
jual kopling set matahari kampas bearing ori,Spare Part Mobil
jual filter solar pajero sport dakar,Spare Part Mobil
jual kopling set matahari kampas lahar ori toyota,Spare Part Mobil
jual soket sensor map air flow toyota vios limo,Spare Part Mobil
jual produk anting modifikasi termurah terlengkap mei,Spare Part Mobil
jual toyota motor oil synthetic sn oli mobil bensin liter,Oli dan Penghemat BBM
jual dinamo motor blower fan kipas angin ac mobil,Spare Part Mobil
jual double tape perekat bolak trim,Lainnya
jual klip kancing list spoiler mobil toyota avanza,Spare Part Mobil
jual ic regulator ic alternator dinamo ampere amper,Spare Part Mobil
jual piston assy toyota soluna size standar lapak citra,Spare Part Mobil
jual produk mazda mazda biante termurah,Spare Part Mobil
jual ic regulator ic alternator dinamo ampere amper,Spare Part Mobil
jual kampas kopling clutch disc prodo plat,Spare Part Mobil
jual gasket paking tutup klep nissan xtrail lapak,Spare Part Mobil
jual damper air shroud karet bantalan tutup kipas block blok,Spare Part Mobil
jual gear gir gigi rasio transmisi pinion nd output kawasaki,Lainnya
jual tutup tabung cadangan air radiator avanza xenia rush,Spare Part Mobil
jual kopling set matahari kampas lahar ori toyota,Spare Part Mobil
jual kopling set matahari kampas bearing ori,Spare Part Mobil
jual botol klep tappet klep kijang bensin lapak mk motor,Spare Part Mobil
jual soket sensor map air flow toyota vios limo,Spare Part Mobil
jual double tape perekat bolak trim,Lainnya
jual lampu hias gantung premium modern gold tube,Lainnya
jual master rem wheel cylinder kia carnival single,Spare Part Mobil
jual gasket paking tutup klep nissan xtrail lapak,Spare Part Mobil
jual dinamo motor blower fan kipas angin ac mobil,Spare Part Mobil
jual verlop ring male female drat drat,Spare Part Mobil
jual toyota innova bensin sensor crankshaftckpkruk as,Spare Part Mobil
jual gasket cylinder kop asli toyota innova bensin,Spare Part Mobil
jual karet cowl cup kap mesin toyota avanza xenia rush terios,Spare Part Mobil
jual aki mobil toyota kijang grand gs gold shine,Spare Part Mobil
jual kunci tutup tangki bensin toyota hardtop landcruiser jakarta,Spare Part Mobil
jual kampas rem hiace premio,Spare Part Mobil
jual kampas rem brake pad rear toyota,Spare Part Mobil
jual kunci pintu set kijang kapsul original grand toyota,Spare Part Mobil
jual ken filter oli mobil hino toyota jakarta utara,Spare Part Mobil
jual shock bagasi hidrolik sok pintu kap mesin toyota,Spare Part Mobil
jual filter solar toyota hilux corolla,Spare Part Mobil
jual kaca film crystalline kaca toyota alphard vellfire,Aksesoris Eksterior
jual pintu pintu toyota innova reborn original,Spare Part Mobil
jual tombol stir rush terios tombol setir toyota rush,Spare Part Mobil
jual toyota avanza kasur mobil matras tidur travel bed,Aksesoris Interior
jual toyota calya kasur mobil matras tidur travel bed,Aksesoris Interior
jual ac double blower toyota kijang kapsul mitsubishi kuda denso,Spare Part Mobil
jual brake master assymaster rem toyota kijang super,Spare Part Mobil
jual steer lingkaran stir setir toyota rush kulit jakarta,Spare Part Mobil
jual tutup kipas radiator toyota hardtop ori jakarta barat jp,Spare Part Mobil
jual kepet lumpur air kepet ban roda mud guard universal,Aksesoris Eksterior
jual gantungan kunci mobil toyota hardtop kab kediri auto part,Lainnya
jual toyota alphard kasur mobil matras tidur travel bed,Aksesoris Interior
jual cat oles mobil daihatsu super white xenia,Aksesoris Eksterior
jual matahari asli daihatsu espass,Spare Part Mobil
jual kancing klip tiang kap mesin xenia daihatsu,Spare Part Mobil
jual bahan kunci mobil daihatsu luxio jakarta utara general,Spare Part Mobil
jual switch atret sensor mundur daihatsu zebra murah,Spare Part Mobil
jual kulit pintu sebelah kiri daihatsu espass kota,Spare Part Mobil
jual iklan jadul mobil daihatsu feroza taft original iklan majalah,Lainnya
jual baut roda blk kanan daihatsu delta engkel jakarta,Spare Part Mobil
jual kunci laci asli original ori taft gt espass espas jakarta pusat,Spare Part Mobil
jual kampas kopling asli isuzu panther cc,Spare Part Mobil
jual tanduk besi stanlist mobil daihatsu zebra neo espass full,Aksesoris Eksterior
jual gasket cylinder kop asli toyota innova bensin,Spare Part Mobil
jual kabel gas asli mitsubishi ps canter pita putih,Spare Part Mobil
jual tombol stir rush terios tombol setir toyota rush,Spare Part Mobil
jual paking silinder head hino dutro ht jakarta pusat,Spare Part Mobil
jual karpet karet lantai mobil truck truk hino lohan,Aksesoris Interior
jual soket step down kamera calya sigra soket stepdown kamera,Spare Part Mobil
jual rumah tongkat transmisi grandmax original bergaransi kota,Spare Part Mobil
jual gantungan kunci mobil toyota hardtop kab kediri auto part,Lainnya
jual lembar iklan mobil toyota kijang dijual sepaket kab sukoharjo,Lainnya
promo karpet dasar peredam mobil kijang lgx sgx hitam,Lainnya
jual karet ver merk merah,Spare Part Mobil
jual mata itik kit pompa solar jakarta barat hino,Spare Part Mobil
jual trunkboard papan bagasi civic ferio kab,Spare Part Mobil
jual sideskirt bodykit samping brio model rs kota,Spare Part Mobil
jual oli mobil honda jakarta barat lorenzo,Oli dan Penghemat BBM
jual keong yss coil spring lowering jazz ge gk brio mobilio,Spare Part Mobil
jual cover engine plastik tutup deck dek mesin,Spare Part Mobil
jual sarung jok mobil honda brv bahan oscar,Aksesoris Interior
jual steam motor mesin cuci motor mobil honda gx,Spare Part Mobil
jual kamera mobil kamera mundur mobil,Aksesoris Interior
jual rear spring keong shock breaker civic fd,Spare Part Mobil
jual setelan rem honda civic wonder kanan kiri,Spare Part Mobil
jual velg hsr tjh brio agya jazz mobilio pelek ring warna,Spare Part Mobil
jual modul abs honda brv original jakarta pusat nusantara,Spare Part Mobil
jual shroud fan rumah kipas radiator honda mobilio,Spare Part Mobil
jual civic estilo genio manual book buku manual honda,Spare Part Mobil
jual velg bekas mobil ring oz racing baut cocok,Spare Part Mobil
jual kampas rem hyundai frixa by hankook kota,Spare Part Mobil
jual oli seal roda hyundai truck mighty,Spare Part Mobil
jual tutup tangki bensin tank cover mobil hyundai creta hitam,Spare Part Mobil
jual kampas kopling hyundai tucson kia sportage ii,Spare Part Mobil
jual kampas kopling set hyundai starex mover diesel,Spare Part Mobil
jual lampu rem interior kaca,Spare Part Mobil
jual aki genset silent bensin watt watt jakarta barat,Spare Part Mobil
jual filter udara ps canter merek denso jakarta barat toko,Spare Part Mobil
jual gear set gigi gardan hijet kota bekasi one,Spare Part Mobil
jual steam motor mesin cuci motor mobil honda gx,Lainnya
jual tali kipas pajero dakar original bando,Spare Part Mobil
jual stiker sticker alat berat excavator kab cirebon,Aksesoris Eksterior
jual unik rotor blower alternator gp mitsubishi ps,Spare Part Mobil
jual toyota kijang innova kasur mobil matras tidur travel,Aksesoris Interior
jual bmw set panci teflon wajan teko beverly stainless,Lainnya
jual bemper bmw m-tech m-performance,Spare Part Mobil
jual original bmw xenon light bulb bohlam lampu,Spare Part Mobil
jual original bmw fan shroud bingkai rumah,Spare Part Mobil
jual velg vossen ring bmw lebar belang,Spare Part Mobil
jual seal sensor oli carter bmw jakarta selatan,Spare Part Mobil
jual plastik sliding rail rantai keteng bmw,Spare Part Mobil
jual baut buangan carter oli mesin bmw jakarta pusat,Spare Part Mobil
jual sensor abs bmw kanan,Spare Part Mobil
jual tensioner bmw jakarta timur bmw auto,Spare Part Mobil
jual aki mobil bmw gs mf aki kering,Spare Part Mobil
jual stiker strip mobil bmw,Aksesoris Eksterior
jual thermostat bmw kota bandung,Spare Part Mobil
jual anak kunci kontak tumbler mercy jakarta pusat tbm,Spare Part Mobil
jual beras saigon bandung jakarta pusat ogrosir,Lainnya
jual sticker honda crv lis badan kiri kanan matt black,Aksesoris Eksterior
jual klakson keong telolet echo suara isi motor mobil,Spare Part Mobil
jual emblem kap mesin innova zenix merah jakarta utara,Aksesoris Eksterior
jual karet oil pump laso om mercymercedez,Spare Part Mobil
jual kampas rem depanbelakang mercy of kota,Spare Part Mobil
jual anak kunci kontak tumbler mercy jakarta pusat tbm,Spare Part Mobil
jual matchbox mercedes-benz wagon hijau kota bogor,Lainnya
jual stoplamp stop lamp kanan suzuki aerio kota bekasi,Spare Part Mobil
jual dop roda tutup velg datsun go original kota bekasi aura,Spare Part Mobil
jual pulser kapsul mesin tempel yamaha fmhl,Spare Part Mobil
jual piringan rem depandisc brake suzuki carry,Spare Part Mobil
jual caliper rem kiri apv arena mega carry asli sgp,Spare Part Mobil
jual blok mesin ertiga carry asli sgp jakarta pusat,Spare Part Mobil
jual ban gt radial champiro ecotec ertiga livina,Spare Part Mobil
jual filter accabinkabin toyqsf ertigaapvjazz,Spare Part Mobil
jual sarung jok mobil ertiga dreza kota semarang,Aksesoris Interior
jual mika lampu plafon baleno sebelah asli sgp kota,Spare Part Mobil
jual winglet bumper plus hidrolik mobil suzuki swift kab,Aksesoris Eksterior
jual goodyear ban mobil ertiga freed,Spare Part Mobil
jual dinamo alternator amper bekas bahan carry,Spare Part Mobil
jual door trim pintu kanan aerio,Spare Part Mobil
jual stiker sticker mobil variasi cutting avanza xenia,Aksesoris Eksterior
jual arm rest universal lapis kulit sandaran tangan armrest ertiga,Aksesoris Interior
jual minyak rem dot ecstar original suzuki kab,Spare Part Mobil
jual cover ban sarung ban serep avanza ertiga xpander xenia,Aksesoris Eksterior
review stoplamp lampu zebra carry hijet colt jetstar,Spare Part Mobil
jual ver spiral keong merk indospring colt,Spare Part Mobil
jual master kopling colt diesel ragasa original mitsubishi,Spare Part Mobil
jual dinamo starter mitsubishi import jakarta,Spare Part Mobil
jual kopling set asli mitsubishi pajero bensin jakarta,Spare Part Mobil
jual kabel gas asli mitsubishi ps canter pita putih,Spare Part Mobil
jual seal asli mitsubishi strada triton,Spare Part Mobil
jual karet ganjelan jok mitsubishi diesel original garansi,Spare Part Mobil
jual lampu mountain bagasi asli mitsubishi xpander xpander,Spare Part Mobil
jual master kopling mitsubishi pajero sport,Spare Part Mobil
jual manipol minyak asli mitsubishi injeksi jakarta pusat,Spare Part Mobil
jual bushing shockbreaker capit udang mitsubishi,Spare Part Mobil
jual kaca spion mitsubishi stang kiri lh,Spare Part Mobil
jual baut gardan crown wheel mitsubishi,Spare Part Mobil
jual headlamp lampu mitsubishi kuda head lamp,Spare Part Mobil
jual over fender mitsubishi kuda model baut variasi kab bogor,Aksesoris Eksterior
jual wheel cylinder silinder roda asli,Spare Part Mobil
jual kompresor mitsubishi compressor ac,Spare Part Mobil
jual diskbrake cakram mitsubishi pajero sport dakar,Spare Part Mobil
jual vakum rem mitsubishi pajero sport dakar exceed triton,Spare Part Mobil
jual brake master rem mitsubishi futura,Spare Part Mobil
jual trim pilar asli mitsubishi xpander xpander cross,Spare Part Mobil
jual logo mitsubishi pajero sport black chrome kota bekasi,Aksesoris Eksterior
jual stator spul gulungan alternator mitsubishi,Spare Part Mobil
jual alternator dinamo charge mitsubishi,Spare Part Mobil
jual ac double blower toyota kijang kapsul mitsubishi kuda denso,Spare Part Mobil
jual cap noken as mitsubishi triton strada,Spare Part Mobil
jual pto assy gigi lurus mitsubishi ps jakarta,Spare Part Mobil
jual kulit pintu mitsubishi fuso asli orisinil ktb kota,Spare Part Mobil
jual paket oli mobil mitsubishi genuine oil filter,Oli dan Penghemat BBM
jual hanger mitsubishi canter kab,Aksesoris Interior
jual airbag air bag penumpang kiri mitsubishi xpander original,Spare Part Mobil
jual unik rotor blower alternator gp mitsubishi ps,Spare Part Mobil
jual buah tutup kaca spion mitsubishi coltdiesel,Spare Part Mobil
jual headlamp lampu mobil mitsubishi pajero,Spare Part Mobil
jual gardan mitsubishi kuda diesel original jakarta,Spare Part Mobil
jual radiator mitsubishi galant hiu kota bekasi lokiboy,Spare Part Mobil
jual oil filter bensin jakarta,Spare Part Mobil
jual kabel sling pintu bak ford ranger,Spare Part Mobil
jual tensioner belt mazda jakarta utara sekawan auto part,Spare Part Mobil
jual caliper kit rem mazda capella kota bekasi,Spare Part Mobil
jual bumper mazda original kab bekasi satria part asuransi,Spare Part Mobil
jual kampas rem brake pad rear toyota,Spare Part Mobil
jual keong yss coil spring lowering jazz ge gk brio mobilio,Spare Part Mobil
jual ban gt radial champiro ecotec ertiga livina,Spare Part Mobil
jual lampu rem interior kaca,Spare Part Mobil
jual gantungan kunci mobil toyota hardtop kab kediri auto part,Lainnya
jual spion retract lipat elektrik rubahan modifikasi kota,Spare Part Mobil
jual stoplamp lampu mobil kia sportage original,Spare Part Mobil
jual oli seal roda hyundai truck mighty,Spare Part Mobil
jual kampas rem hyundai frixa by hankook kota,Spare Part Mobil
jual motor blower fan angin evap ac mobil kijang kapsul,Spare Part Mobil
jual goodyear ban mobil ertiga freed,Spare Part Mobil
jual stoplamp stop lamp kanan suzuki aerio kota bekasi,Spare Part Mobil
jual kampas kopling hyundai tucson kia sportage ii,Spare Part Mobil
jual spion retract lipat elektrik rubahan modifikasi kota,Spare Part Mobil
jual goodyear assurance duraplus adp ukuran,Spare Part Mobil
jual ban gt radial champiro ecotec ertiga livina,Spare Part Mobil
jual jam dinding logo partai perusahaan ormas,Lainnya
jual modul sensor parkir mundur xpander original jakarta pusat,Spare Part Mobil
jual trivindo gas spring shock bagasi wuling cortez,Spare Part Mobil
jual opling set wuling confero set dekrup kain kopling wuling,Spare Part Mobil
jual kampas kopling set hyundai starex mover diesel,Spare Part Mobil
jual gardan mitsubishi kuda diesel original jakarta,Spare Part Mobil
jual bearing alternator avanza xenia xenia jakarta pusat,Spare Part Mobil
jual ban mobil merk maxxis ban mobil berkualitas,Spare Part Mobil
jual paket oli mobil mitsubishi genuine oil filter,Oli dan Penghemat BBM
promo gearbox girbox transmisi perseneleng perseneling manual,Spare Part Mobil
jual filter accabinkabin toyqsf ertigaapvjazz,Spare Part Mobil
jual emblem kap mesin innova zenix merah jakarta utara,Aksesoris Eksterior
jual kampas rem hiace premio,Spare Part Mobil
waspada campak kenali gejala pengobatannya,Lainnya
jual aki mobil bmw gs mf aki kering,Spare Part Mobil
jual saringan oli sakura terbaru harga termurah,Spare Part Mobil
jual pack manipol seller halokita.com jln,Spare Part Mobil
jual special gear set crown wheel gardan mitsubishi,Spare Part Mobil
jual mobil daihatsu xenia terbaru harga termurah,Kendaraan
jual sarung jok mobil taft daihatsu terbaru harga,Aksesoris Interior
jual mobil daihatsu rocky terbaru harga termurah,Kendaraan
jual special gear set crown wheel gardan mitsubishi,Spare Part Mobil
jual brio tdp terbaru harga termurah blibli,Kendaraan
jual klakson honda brio terbaru harga termurah,Spare Part Mobil
promo velg mobil honda freed ring model terbaru toyer,Spare Part Mobil
jual pack manipol seller halokita.com jln,Spare Part Mobil
jual velg racing vorza black lubang pcd seller,Spare Part Mobil
promo velg mobil agya ayla calya sigra ring ban,Spare Part Mobil
jual mangkok tutup plastik termurah harga grosir terupdate,Lainnya
jual idler arm idle arm ranger ford tdci everest,Spare Part Mobil
jual special gear set crown wheel gardan mitsubishi,Spare Part Mobil
jual idler arm idle arm ranger ford tdci everest,Spare Part Mobil
jual pack manipol seller halokita.com jln,Spare Part Mobil
jual wd burgari terbaru harga termurah blibli,Aksesoris Eksterior
jual motor honda beat street terbaru harga,Lainnya
jual katalog warna super penta gloss terbaru harga,Lainnya
jual rose brand gula tebu gula pasir kg seller agen,Lainnya
jual toples bening mika original murah harga diskon mei,Lainnya
jual oli termurah harga grosir terupdate blibli,Oli dan Penghemat BBM
promo poli kruk as pulley cranshaft suzuki carry diskon,Spare Part Mobil
jual velg ring lobang terbaru harga termurah,Spare Part Mobil
jual idler arm idle arm ranger ford tdci everest,Spare Part Mobil
jual special gear set crown wheel gardan mitsubishi,Spare Part Mobil
jual pack manipol seller halokita.com jln,Spare Part Mobil
promo dialogue baby hipseat in gendongan bearie series,Lainnya
jual special gear set crown wheel gardan mitsubishi,Spare Part Mobil
jual sensor ac mitsubishi original seller risa teknik babelan,Spare Part Mobil
jual xylocaine pump spray ml botol seller apotek bona,Lainnya
jual pack manipol seller halokita.com jln,Spare Part Mobil
promo poli kruk as pulley cranshaft suzuki carry diskon,Spare Part Mobil
jual idler arm idle arm ranger ford tdci everest,Spare Part Mobil
jual idler arm idle arm ranger ford tdci everest,Spare Part Mobil
jual special gear set crown wheel gardan mitsubishi,Spare Part Mobil
jual mobil truk original harga termurah mei,Kendaraan
jual pack manipol seller halokita.com jln,Spare Part Mobil
jual ban mobil bekas terbaik mei harga murah,Spare Part Mobil
jual brio tdp terbaru harga termurah blibli,Kendaraan
jual wd burgari terbaru harga termurah blibli,Spare Part Mobil
jual motor honda beat street terbaru harga,Lainnya
jual gzpa sq terbaru harga termurah blibli,Aksesoris Interior
jual batok lampu supra fit ori terbaru harga,Spare Part Mobil
jual bearing rs koyo terbaru harga termurah,Spare Part Mobil
jual lampu ninja modif terbaru harga termurah,Lainnya
jual ban trail ring dunlop geomax terbaru harga,Spare Part Mobil
jual rem jeep willys terbaru harga termurah,Spare Part Mobil
jual katalog warna super penta gloss terbaru harga,Spare Part Mobil
jual ban terbaru harga termurah blibli,Spare Part Mobil
jual pompa vacum pump vacum blower original toyota,Spare Part Mobil
jual kopling set matahari kampas bearing ori toyota,Spare Part Mobil
jual paking carter toyota hardtop lapak ddsepareparts,Spare Part Mobil
jual kampas kopling clutch disc prodo plat toyota,Spare Part Mobil
jual aksesoris toyota kijang innova zenix bantal mobil sandaran,Aksesoris Interior
jual soket sensor map air flow toyota vios limo,Spare Part Mobil
jual soket sensor tps pin toyota vios limo original,Spare Part Mobil
jual final gear land cruiser gigi gardan orisinil,Spare Part Mobil
jual beli stir mobil aksesoris interior mobil murah halaman,Aksesoris Interior
kategori jual beli aksesoris onderdil sparepart mobil halaman,Spare Part Mobil
jual beli sarung jok mobil trim murah april halaman,Aksesoris Interior
jual beli stir mobil aksesoris interior mobil murah halaman,Spare Part Mobil
jual botol klep tappet klep kijang bensin lapak mk motor,Spare Part Mobil
jual besi behel begel besi jok xsr lapak,Lainnya
jual kopling kopling master kopling,Spare Part Mobil
jual beli lampu led hid bohlam mobil murah mei halaman,Spare Part Mobil
jual beli lampu headlamp stoplamp mobil murah mei,Spare Part Mobil
jual kampas rem corona absolute camry,Spare Part Mobil
jual beli sarung jok mobil trim murah mei halaman,Aksesoris Interior
jual beli knalpot mobil exhaust system mei halaman,Spare Part Mobil
jual verlop ring male female drat drat,Spare Part Mobil
jual doortrim kiri lubang speaker kancing,Spare Part Mobil
jual kopling kopling master kopling,Spare Part Mobil
jual kampas kopling clutch disc prodo plat toyota,Spare Part Mobil
jual beli stir mobil aksesoris interior mobil murah halaman,Aksesoris Interior
jual pompa vacum pump vacum blower original toyota,Spare Part Mobil
jual kopling set matahari kampas bearing ori toyota,Spare Part Mobil
jual kampas rem corona absolute camry,Spare Part Mobil
jual beli sarung jok mobil trim murah mei halaman,Aksesoris Interior
jual kabel kopling proton savvy lapak cahaya proton,Spare Part Mobil
jual soket sensor map air flow toyota vios limo,Spare Part Mobil
jual beli stir mobil aksesoris interior mobil murah halaman,Aksesoris Interior
jual karet bushing mobil custom lapak dunia karet bandung,Spare Part Mobil
jual beli lampu headlamp stoplamp mobil murah mei,Spare Part Mobil
jual werstan resistor ac mobil honda crv stream accord,Spare Part Mobil
jual beli knalpot mobil exhaust system mei halaman,Spare Part Mobil
jual beli sarung jok mobil trim murah april halaman,Aksesoris Interior
jual kopling kopling master kopling,Spare Part Mobil
jual pompa vacum pump vacum blower original toyota,Spare Part Mobil
jual beli stir mobil aksesoris interior mobil murah halaman,Aksesoris Interior
jual beli lampu headlamp stoplamp mobil murah mei,Spare Part Mobil
jual kampas kopling clutch disc prodo plat toyota,Spare Part Mobil
jual kopling set matahari kampas bearing ori toyota,Spare Part Mobil
jual soket sensor map air flow toyota vios limo,Spare Part Mobil
jual doortrim kiri lubang speaker kancing,Spare Part Mobil
kategori jual beli aksesoris onderdil sparepart mobil halaman,Spare Part Mobil
jual beli sarung jok mobil trim murah mei halaman,Aksesoris Interior
jual beli knalpot mobil exhaust system april halaman,Spare Part Mobil
jual beli lampu led hid bohlam mobil murah mei halaman,Spare Part Mobil
jual vjm tutup cop cangklong busi,Lainnya
jual beli sarung jok mobil trim murah april halaman,Aksesoris Interior
jual verlop ring male female drat drat,Spare Part Mobil
jual besi behel begel besi jok xsr lapak,Lainnya
jual ball joint ford ranger everest tdci,Spare Part Mobil
jual ball joint ford ranger everest tdci,Spare Part Mobil
jual beli knalpot mobil exhaust system april halaman,Spare Part Mobil
jual kabel kopling proton savvy lapak cahaya proton,Spare Part Mobil
jual besi behel begel besi jok xsr lapak,Lainnya
jual verlop ring male female drat drat,Spare Part Mobil
kategori jual beli aksesoris onderdil sparepart mobil halaman,Spare Part Mobil
jual beli sarung jok mobil trim murah april halaman,Aksesoris Interior
jual beli stir mobil aksesoris interior mobil murah halaman,Aksesoris Interior
jual besi behel begel besi jok xsr lapak,Lainnya
jual beli knalpot mobil exhaust system april halaman,Spare Part Mobil
jual beli sarung jok mobil trim murah mei halaman,Aksesoris Interior
jual beli lampu led hid bohlam mobil murah mei halaman,Spare Part Mobil
jual beli knalpot mobil exhaust system april halaman,Spare Part Mobil
kategori jual beli aksesoris onderdil sparepart mobil halaman,Spare Part Mobil
jual gear gir gigi rasio transmisi pinion rd suzuki rc,Spare Part Mobil
jual lampu sirine rotator led merah ambulance mobil,Aksesoris Eksterior
jual fuel unit pelampung plampung amper tangki tengki tanki bensin,Spare Part Mobil
jual joint kopel carry futura bensin jepang,Spare Part Mobil
jual kampas rem corona absolute camry,Spare Part Mobil
jual kampas kopling clutch disc prodo plat toyota,Spare Part Mobil
jual beli stir mobil aksesoris interior mobil murah halaman,Aksesoris Interior
jual beli stir mobil aksesoris interior mobil murah halaman,Aksesoris Interior
jual doortrim kiri lubang speaker kancing,Spare Part Mobil
jual beli sarung jok mobil trim murah april halaman,Aksesoris Interior
jual beli sarung jok mobil trim murah april halaman,Aksesoris Interior
jual oil seal roda hino jumbo bk,Spare Part Mobil
jual beli sarung jok mobil trim murah mei halaman,Aksesoris Interior
jual kopling kopling master kopling,Spare Part Mobil
jual beli lampu headlamp stoplamp mobil murah mei,Spare Part Mobil
jual beli knalpot mobil exhaust system mei halaman,Spare Part Mobil
jual final gear land cruiser gigi gardan orisinil,Spare Part Mobil
jual soket sensor map air flow toyota vios limo,Spare Part Mobil
jual beli lampu led hid bohlam mobil murah mei halaman,Spare Part Mobil
jual fredrinn elite jewel connoisseur lapak kalbar game store,Lainnya
kategori jual beli aksesoris onderdil sparepart mobil halaman,Spare Part Mobil
jual ball joint ford ranger everest tdci,Spare Part Mobil
jual kampas kopling clutch disc prodo plat toyota,Spare Part Mobil
jual kopling set matahari kampas bearing ori toyota,Spare Part Mobil
jual kopling kopling master kopling,Spare Part Mobil
jual pompa vacum pump vacum blower original toyota,Spare Part Mobil
jual beli sarung jok mobil trim murah april halaman,Aksesoris Interior
jual beli stir mobil aksesoris interior mobil murah halaman,Aksesoris Interior
kategori jual beli aksesoris onderdil sparepart mobil halaman,Spare Part Mobil
jual mesin konstruksi alat berat lengkap april halaman,Kendaraan
jual beli knalpot mobil exhaust system mei halaman,Spare Part Mobil
jual soket sensor map air flow toyota vios limo,Spare Part Mobil
jual karpet karet lantai colt diesel ragasa canter,Aksesoris Interior
jual final gear land cruiser gigi gardan orisinil,Spare Part Mobil
jual lampu sirine rotator led merah ambulance mobil,Aksesoris Eksterior
jual kondensor condensor ac mobil mazda,Spare Part Mobil
jual ball joint ford ranger everest tdci,Spare Part Mobil
kategori jual beli aksesoris onderdil sparepart mobil halaman,Spare Part Mobil
jual beli knalpot mobil exhaust system april halaman,Spare Part Mobil
jual kopling kopling master kopling,Spare Part Mobil
jual beli knalpot mobil exhaust system mei halaman,Spare Part Mobil
jual beli lampu led hid bohlam mobil murah mei halaman,Spare Part Mobil
jual pompa vacum pump vacum blower original toyota,Spare Part Mobil
jual botol klep tappet klep kijang bensin lapak mk motor,Spare Part Mobil
jual soket sensor map air flow toyota vios limo,Spare Part Mobil
jual kampas kopling clutch disc prodo plat toyota,Spare Part Mobil
jual kampas kopling clutch disc prodo plat toyota,Spare Part Mobil
jual beli sarung jok mobil trim murah april halaman,Aksesoris Interior
jual ball joint ford ranger everest tdci,Spare Part Mobil
jual verlop ring male female drat drat,Spare Part Mobil
jual beli knalpot mobil exhaust system april halaman,Spare Part Mobil
jual beli sarung jok mobil trim murah mei halaman,Aksesoris Interior
jual lampu sirine rotator led merah ambulance mobil,Spare Part Mobil
jual platina toyota kijang kijang super kijang kapsul jakarta,Spare Part Mobil
jual master kopling assy toyota innova hilux,Spare Part Mobil
jual condensor toyota jakarta barat cemerlang,Spare Part Mobil
jual sensor mundur toyota harrier putih original,Spare Part Mobil
jual metal duduk set toyota dina rino ori,Spare Part Mobil
jual tengkorak lsd isi gardan toyota rino badak kota,Spare Part Mobil
jual colokan seatbelt anti alarm mobil toyota innova zenix,Spare Part Mobil
jual modul abs toyota rush terios asli jakarta,Spare Part Mobil
jual karet tutup lubang lantai original toyota,Spare Part Mobil
jual birkens master kopling cowok toyota corolla gl kota,Spare Part Mobil
jual packing tutup klep toyota hilux diesel innova diesel fortuner,Spare Part Mobil
jual otekan transmisi manual toyota agya ayla cc,Spare Part Mobil
jual tabung cadangan air wiper wifer toyota avanza original,Spare Part Mobil
jual setelan kampas rem toyota starlet kota bogor,Spare Part Mobil
jual engine mounting dudukan mesin kanan toyota,Spare Part Mobil
jual karet tutup abu wheel cylinder toyota dyna rino,Spare Part Mobil
jual karet stabil roti karet stabilizer toyota,Spare Part Mobil
jual kancing pelipit klip plastik toyota kijang starlet corolla,Spare Part Mobil
jual kabel tali transmisi perseneling toyota dyna ht,Spare Part Mobil
jual cat oles mobil toyota orange metalik agiya,Aksesoris Eksterior
jual oli tmo toyota filter oli avanza xenia jakarta,Oli dan Penghemat BBM
jual kaca segitiga samping kiri kanan toyota alphard,Spare Part Mobil
jual ppd knalpot toyota land cruiser jakarta pusat istana,Spare Part Mobil
jual kabel transmisi maju dyna rino dynasaurus rinosaurus,Spare Part Mobil
jual autophix jobd scanner mobil honda,Lainnya
jual gear gigi plastik dinamo stater starter toyota camry alphard,Spare Part Mobil
jual kampas plat kopling toyota hilux diameter,Spare Part Mobil
jual plipit pintu kanan toyota lc vx,Spare Part Mobil
jual tie rod kiri kanan toyota kijang krista original jakarta barat,Spare Part Mobil
jual silplate garnis pilar tiang kaca samping toyota innova riborn up,Spare Part Mobil
jual emblem logo toyota innova reborn redglos,Aksesoris Eksterior
jual platina kijang carry zebra hijet daihatsu,Spare Part Mobil
jual daihatsu bearing roda asli avanza,Spare Part Mobil
jual sensor oksigen asli daihatsu grand xenia,Spare Part Mobil
jual filter udara asli daihatsu agya ayla,Spare Part Mobil
jual elemen plate speedometer spidometer kilometer daihatsu,Spare Part Mobil
jual thermostat daihatsu xenia,Spare Part Mobil
jual karet pelipit list kaca wheater strip daihatsu hijet,Spare Part Mobil
jual bosh tongkat transmisi bos stang versneling daihatsu,Spare Part Mobil
jual paking kop cylinder head gasket daihatsu hijet,Spare Part Mobil
jual evaporator cooling ac mobil daihatsu espass top,Spare Part Mobil
jual wheel cylinder roda daihatsu,Spare Part Mobil
jual towing besi arb mobil daihatsu xenia,Aksesoris Eksterior
jual coil spring keong daihatsu sirion original,Spare Part Mobil
jual trans mounting karet dudukan transmisi,Spare Part Mobil
jual dop velg mobil daihatsu xenia ring kota surabaya ecobit,Spare Part Mobil
jual lampu stop daihatsu zebra karoseri astrea kanan lucid,Spare Part Mobil
jual renamel daihatsu midget kota bekasi berkah,Aksesoris Eksterior
jual karet spring bushing daihatsu kab,Spare Part Mobil
jual hose vacuum selang vakum mobil toyota daihatsu universal,Spare Part Mobil
jual karet tatakan keong,Spare Part Mobil
jual daihatsu sigra kasur mobil matras tidur travel bed,Aksesoris Interior
jual tutup tangki tanki bensin hijet zebra kota,Spare Part Mobil
jual sensor oksigen asli suzuki carry,Spare Part Mobil
jual bahan kunci mobil taruna oxxy jakarta utara general brand,Spare Part Mobil
jual buku manual book pedoman pemilik panduan petunjuk,Lainnya
jual cat oles mobil toyota orange metalik agiya,Aksesoris Eksterior
jual soket vidio out innova fortuner jakarta timur cl,Aksesoris Interior
jual keong spiral ulir coil spring,Spare Part Mobil
jual karet rem feroza jakarta pusat,Spare Part Mobil
jual radiator taft kebo badak diesel jakarta pusat variasi,Spare Part Mobil
jual filter oli saringan oli kijang kapsul cc,Spare Part Mobil
jual kampas kopling xenia jakarta utara cahaya,Spare Part Mobil
jual master kopling jakarta barat,Spare Part Mobil
jual karet gantungan knalpot jazz brio mobilio,Spare Part Mobil
jual weatherstrip pelipit kaca honda civic ferio set,Spare Part Mobil
jual velg mobil racing hsr kailolo mobil brio avanza,Spare Part Mobil
jual karet lidah spoiler bumper mobil honda brio jakarta,Aksesoris Eksterior
jual disc disk brake piringan rem honda crv gen,Spare Part Mobil
jual karpet mobil honda city hatchback model jdm,Aksesoris Interior
jual velg mobil bbs velg racing innova hrv civic terios,Spare Part Mobil
jual sparepart copotan honda accord prestige kota,Spare Part Mobil
jual muffler buntut knalpot racing plangi lubang mobil honda city,Spare Part Mobil
jual velg mobil bekas ring racing baut cocok accord,Spare Part Mobil
jual stiker carbon pelindung pintu mobil brio pijakan kaki,Aksesoris Eksterior
jual keong honda crv kota,Spare Part Mobil
jual filter hyundai jakarta pusat,Spare Part Mobil
jual karet balon pintu bagasi mobil hyundai original hrg kota,Spare Part Mobil
jual handle pintu hyundai matrix kw korea kanan jakarta,Spare Part Mobil
jual coilspring keong hyundai atoz original kota,Spare Part Mobil
jual sarung jok mobil terbaru hyundai stargazer bahan mbtech,Aksesoris Interior
jual dompet stnk gantungan kunci hyundai stargazer kota,Lainnya
jual sen bemper timor lampu sen bemper timor tokopedia,Spare Part Mobil
jual engine mounting dudukan mesin,Spare Part Mobil
jual stop lamp kia carens kanan lampu kanan,Spare Part Mobil
jual cover quadrant kiri spion type manual hyundai verna,Spare Part Mobil
jual brosur chery tiggo pro jakarta utara blizzard store,Lainnya
jual cat oles t-up white orchid pearl ori warna pabrikan,Aksesoris Eksterior
jual colokan seatbelt anti alarm mobil toyota innova zenix,Spare Part Mobil
jual carfit karpet bagasi mobil universal transparan kota,Aksesoris Interior
jual sensor as kruk crankshaft apvfutura injection jakarta pusat,Spare Part Mobil
jual autophix jobd scanner mobil honda,Lainnya
jual karpet mobil sienta jakarta barat lembaran variasi,Aksesoris Interior
jual seal kruk as bmw jakarta,Spare Part Mobil
jual jok bmw sportseat sedan leather kulit jakarta barat,Spare Part Mobil
jual sus kabel tarikan kap mesin lengkap dgn,Spare Part Mobil
jual sensor abs kanan bmw,Spare Part Mobil
jual beras bmw pandan wangi asli super premium,Lainnya
jual cover dek mesin bmw lci oem taiwan ori,Spare Part Mobil
jual best seller beras cap bunga,Lainnya
jual cover pilar mercedes benz kota surabaya,Spare Part Mobil
jual cebeng radiator pelindung radiator hino,Spare Part Mobil
jual bantalan dinamo isi peugeot lilitan alternator ducellier,Spare Part Mobil
jual ready snack tartsnack tart isi uangsnacktart,Lainnya
jual autophix jobd scanner mobil honda,Lainnya
jual cover pilar mercedes benz kota surabaya,Spare Part Mobil
jual behel belton bis mercymercedez,Spare Part Mobil
jual kawat bulu mercy pipe cleaner bludru warna warni pcs,Lainnya
jual velg ori mercy lbr jakarta utara,Spare Part Mobil
jual keong spiral ulir coil spring mercy,Spare Part Mobil
review lego speed champions mercedes-amg,Lainnya
jual redy stok velg hsr yuniku ring mobil,Spare Part Mobil
jual slinger rumbai-rumbai hiasan kawat bulu ready,Lainnya
jual radiator kobelco import,Spare Part Mobil
jual bearing pinion triton strada,Spare Part Mobil
jual sus kabel tarikan kap mesin lengkap dgn,Spare Part Mobil
jual grosir tikar motif kartun spons,Lainnya
jual wiper blade rwb lexus harga set kode eaeh jakarta,Spare Part Mobil
jual as shaft intermediate as roda kanan suzuki ertiga matic asli sgp,Spare Part Mobil
jual kabel perseneling transmisi ertiga diesel manual,Spare Part Mobil
jual karet stopper carry bahan silicon warna,Spare Part Mobil
jual platina kijang carry zebra hijet daihatsu,Spare Part Mobil
jual selang flexible rem suzuki ertiga,Spare Part Mobil
jual lampu sen sein spion suzuki ertiga asli sgp sepasang,Spare Part Mobil
jual tabung reservoir cadangan radiator grand vitara asli sgp,Spare Part Mobil
jual karet tatakan keong grand vitara asli,Spare Part Mobil
jual sensor oksigen asli suzuki carry,Spare Part Mobil
jual velg mobil kijang kapsul krista lgx carry futura ring pcd,Spare Part Mobil
jual motor fan assy radiator neo baleno asli sgp jakarta,Spare Part Mobil
jual lampu stop ertiga sgp original sebelah,Spare Part Mobil
jual dijual kabel bodi baleno old berkualitas jakarta barat dana,Spare Part Mobil
jual filter oli suzuki carry aspira kota,Spare Part Mobil
jual lifree popok perekat box putih,Lainnya
jual suzuki kasur mobil matras tidur travel bed,Aksesoris Interior
jual lampu sein grand vitara ori sgp kiri penumpang,Spare Part Mobil
jual lampu sein grand vitara ori sgp kiri penumpang,Spare Part Mobil
jual suzuki ertiga cover leather seat kursi jok mobil sarung,Aksesoris Interior
jual jual velg mobil kaleng ss carry tipe ukuran ring,Spare Part Mobil
jual cat oles twilight violet pearl zqy suzuki ertiga dreza ungu,Aksesoris Eksterior
jual ediya beanist original americano gr stick hand carry,Lainnya
jual karet stoper pintu bak apv carry,Spare Part Mobil
jual selang radiator futura injection asli sgp jakarta pusat,Spare Part Mobil
jual master kopling grand vitara kitano,Spare Part Mobil
jual wheel cylinder master rem roda suzuki splash asli,Spare Part Mobil
jual selang pipa bensin tangki mega carry cary-futura injeksi,Spare Part Mobil
jual kaca cermin spion baleno old kiri kota medan sonia,Spare Part Mobil
jual spion mobil apv ertiga universal kota bekasi,Spare Part Mobil
jual stiker cutting mobil suzuki ertiga terbaru keren sticker,Aksesoris Eksterior
jual filter udara mitsubishi canter aspira kota,Spare Part Mobil
jual bushing verseneleng set mitsubishi,Spare Part Mobil
jual lampu sen mitsubishi canter kiri,Spare Part Mobil
jual pipa nozzle mitsubishi,Spare Part Mobil
jual pin krek as mitsubishi ragasa kota,Spare Part Mobil
jual karet kabin mitsubishi canter ragasa asli,Spare Part Mobil
jual kampas rem brake pad asli mitsubishi triton,Spare Part Mobil
jual joint kopel cross joint silang mitsubishi asli,Spare Part Mobil
jual bos tongkat gigi persneling bushing set mitsubishi kuda,Spare Part Mobil
jual glow plugbusi pemanas mitsubishi diesel,Spare Part Mobil
jual ring syc mitsubishi jakarta barat,Spare Part Mobil
jual master kopling colt diesel original mitsubishi,Spare Part Mobil
jual paking tutup klep gasket valve cover mitsubishi,Spare Part Mobil
jual kunci kontak set asli mitsubishi diesel jakarta pusat,Spare Part Mobil
jual alternator assy dinamo jalan dinamo cas,Spare Part Mobil
jual karet body cabin balon pintu ori asli mitsubishi xpander,Spare Part Mobil
jual transmisi gearbox perseneleng manual mitsubishi pajero sport,Spare Part Mobil
jual pedal kopling mitsubishi colt kota padang,Spare Part Mobil
jual baut bolt cover tutup klep mitsubishi kuda diesel ori,Spare Part Mobil
jual window regulator mitsubishi jakarta pusat kenjho,Spare Part Mobil
jual lampu headlamp kiri triton ori asli,Spare Part Mobil
jual stiker mobil mitsubishi fortuner gr sport pelindung pijakan,Aksesoris Eksterior
jual leaf spring daun mitsubishi strada,Spare Part Mobil
jual kampas kopling set matahari deklahar mitsubishi canter,Spare Part Mobil
jual kabel aki mitsubishi original kota bekasi rtk-motor,Spare Part Mobil
jual fuel tank cap tutup tangki solar mitsubishi fm,Spare Part Mobil
jual busi iridium mitsubishi xpander mirage jakarta barat,Spare Part Mobil
jual tie rod end mitsubishi set kanan kiri,Spare Part Mobil
jual sensor oksigen oxygen mazda biante,Spare Part Mobil
jual stabilizer stabil mazda cx asli japan,Spare Part Mobil
jual kaca mazda astina kota tangerang kacamobil.id,Spare Part Mobil
jual selang rem escape oem selang rem mazda tribute,Spare Part Mobil
jual dinamo stater ford ranger bt,Spare Part Mobil
jual hot wheels mazda putih white jakarta timur eon,Lainnya
jual iklan cetak jadul mazda interplay putih kota bandung,Lainnya
jual birkens master kopling cowok toyota corolla gl kota,Spare Part Mobil
jual tutup tabung radiator reservoir ford fiesta ecosport,Spare Part Mobil
jual alternator livina dinamo amper ampere garansi,Spare Part Mobil
jual autophix jobd scanner mobil honda,Lainnya
jual velg mobil bekas ring racing baut cocok accord,Spare Part Mobil
jual engine mounting dudukan mesin,Spare Part Mobil
jual stop lamp kia carens kanan lampu kanan,Spare Part Mobil
jual sensor intake valve iacv kia carnival bensin original bergaransi,Spare Part Mobil
jual engine mounting dudukan mesin,Spare Part Mobil
jual cat oles t-up white orchid pearl ori warna pabrikan,Aksesoris Eksterior
jual brosur chery tiggo pro jakarta utara blizzard store,Lainnya
jual filter hyundai jakarta pusat,Spare Part Mobil
jual sen bemper timor lampu sen bemper timor tokopedia,Spare Part Mobil
jual dompet stnk gantungan kunci hyundai stargazer kota,Lainnya
jual kabel transmisi maju dyna rino dynasaurus rinosaurus,Spare Part Mobil
jual velg pelek mobil wuling air ev ring hsr mirror,Spare Part Mobil
jual kampas rem wuling confero cortez,Spare Part Mobil
jual wuling air ev seat cover leather kursi jok mobil sarung,Aksesoris Interior
jual bearing bering kolahar lahar laher roda,Spare Part Mobil
jual karet gantungan knalpot jazz brio mobilio,Spare Part Mobil
jual velg ori mercy lbr jakarta utara,Spare Part Mobil
jual colokan seatbelt anti alarm mobil toyota innova zenix,Spare Part Mobil
jual kerpet terbaik harga murah april cicil tokopedia,Lainnya
jual stiker carbon pelindung pintu mobil brio pijakan kaki,Aksesoris Eksterior
jual keong datsun go kota tangerang part mobil,Spare Part Mobil
jual tutup tabung air radiator coolant avanza xenia,Spare Part Mobil
jual keong suzuki splash kota tangerang part,Spare Part Mobil
jual mur roda racing baut roda velg mobil,Spare Part Mobil
jual cat oles t-up white orchid pearl ori warna pabrikan,Aksesoris Eksterior
jual dompet stnk gantungan kunci hyundai stargazer kota,Lainnya
jual sarung jok mobil terbaru hyundai stargazer bahan mbtech,Aksesoris Interior
jual sarung jok mobil hilux sc kualitas oke kota tangerang,Aksesoris Interior
resep bolu kukus cokelat lembut anti gagal,Lainnya
jual velg mobil oem cabutan honda jazz rs jari jari,Spare Part Mobil
waspada campak kenali gejala pengobatannya,Lainnya
jual klip mobil terlengkap harga murah mei cicil,Spare Part Mobil
jual mobil aki anak remot kontrol lisensi mainan mobil aki jok,Lainnya
jual busi mobil toyota yaris terbaru harga termurah,Spare Part Mobil
jual attittude black mica terbaru harga termurah,Aksesoris Eksterior
jual tutup bensin rumah fuel pump hyundai tucson kia,Spare Part Mobil
jual delco espas cdi terbaru harga termurah,Spare Part Mobil
jual tutup bensin rumah fuel pump hyundai tucson kia,Spare Part Mobil
perbandingan wuling alvez vs honda hrv bedanya sih,Lainnya
jual ban archiles brio terbaru harga termurah,Spare Part Mobil
jual sarung jok navaro terbaru harga termurah,Aksesoris Interior
sarung jok mobil apv harga terbaru mei gratis ongkir,Aksesoris Interior
jual jok mobil apv terbaru harga murah blibli.com,Spare Part Mobil
jual baut hyundai terbaru harga termurah blibli,Spare Part Mobil
jual tutup bensin rumah fuel pump hyundai tucson kia,Spare Part Mobil
jual otoproject crank guard hyundai stargazer pelindung kolong,Spare Part Mobil
jual pompa oli samping lengkap rx king terbaru harga,Lainnya
jual bodykit espass terbaru harga termurah blibli,Aksesoris Eksterior
jual matchbox porsche original harga termurah mei blibli,Lainnya
jual sarung jok navaro terbaru harga termurah,Aksesoris Interior
sarung jok mobil apv harga terbaru mei gratis ongkir,Aksesoris Interior
jual jok mobil apv terbaru harga murah blibli.com,Spare Part Mobil
jual tutup bensin rumah fuel pump hyundai tucson kia,Spare Part Mobil
jual lampu projector innova reborn terbaru harga,Spare Part Mobil
jual bodykit espass terbaru harga termurah blibli,Aksesoris Eksterior
jual ban achiles ring terbaru harga termurah,Spare Part Mobil
jual tutup bensin rumah fuel pump hyundai tucson kia,Spare Part Mobil
jual poles cat metalik terbaru harga termurah,Aksesoris Eksterior
jual ban archiles brio terbaru harga termurah,Spare Part Mobil
jual konektor pemanas air original murah harga diskon mei,Lainnya
promo handle rem kiri kanan beat karbu beat fi,Lainnya
subaru wrx vs golf gti menurutmu oke blibli,Lainnya
jual tutup bensin rumah fuel pump hyundai tucson kia,Spare Part Mobil
perbandingan wuling alvez vs honda hrv bedanya sih,Lainnya
subaru wrx vs golf gti menurutmu oke blibli,Lainnya
sarung jok mobil apv harga terbaru mei gratis ongkir,Aksesoris Interior
jual lampu stop running led motor beat terbaru harga,Lainnya
jual leafeon tcg terbaru harga termurah blibli,Lainnya
jual pompa oli samping lengkap rx king terbaru harga,Lainnya
jual kaca lcd aerox terbaru harga termurah blibli,Lainnya
jual kop kijang super terbaru harga termurah,Spare Part Mobil
jual bodykit espass terbaru harga termurah blibli,Aksesoris Eksterior
jual lampu projector innova reborn terbaru harga,Spare Part Mobil
jual lampu led vario fi soket terbaru harga,Lainnya
jual blok ninja kiss terbaru harga termurah blibli,Lainnya
jual gear taft terbaru harga termurah,Spare Part Mobil
jual ban achiles ring terbaru harga termurah,Spare Part Mobil
jual brake shoe kampas rem tromol toyota fortuner merk mk,Spare Part Mobil
jual metal set std metal std metal jalan std,Spare Part Mobil
jual aspira kampas rem cakram dispad set supra,Lainnya
jual delco assy platina zebra espass,Spare Part Mobil
jual kabel kopling proton savvy lapak cahaya proton,Spare Part Mobil
jual karet bushing mobil custom lapak dunia karet bandung,Spare Part Mobil
jual kampas rem honda wonder grand civic original,Spare Part Mobil
jual produk led lampu civic turbo model termurah,Spare Part Mobil
jual delco assy platina zebra espass,Spare Part Mobil
jual vjm tutup cop cangklong busi,Lainnya
jual aspira kampas rem cakram dispad set supra,Lainnya
jual stiker sen scoopy motif rgb lapak trias mata elang,Lainnya
jual sepeda united bmx tfs spesial lapak andy bukalapak,Kendaraan
jual kabel kopling proton savvy lapak cahaya proton,Spare Part Mobil
jual aspira kampas rem cakram dispad set supra,Lainnya
jual miniatur bis tunggal jaya kids panda lapak miniatur bis,Lainnya
jual fuel unit pelampung plampung amper tangki tengki tanki bensin,Spare Part Mobil
jual sepeda united bmx tfs spesial lapak andy bukalapak,Lainnya
jual engine mounting dudukan mesin hiace diesel lapak,Spare Part Mobil
jual delco assy platina zebra espass,Spare Part Mobil
jual mur nuts topi crom drat cocok velg vespa,Lainnya
jual sekring aki fusible asli mitsubishi outlander lancer evo,Spare Part Mobil
jual karpet karet lantai colt diesel ragasa canter,Aksesoris Interior
jual kompresor compresor ac mobil mazda astina asli ex copotan,Spare Part Mobil
jual mur nuts topi crom drat cocok velg vespa,Lainnya
jual delco assy platina zebra espass,Spare Part Mobil
jual aspira kampas rem cakram dispad set supra,Lainnya
jual delco assy platina zebra espass,Spare Part Mobil
jual pulley alternator toyota innova diesel,Spare Part Mobil
jual karpet roda karpet lumpur snk toyota,Aksesoris Eksterior
jual air filter filter udara toyota hiace commuter premio,Spare Part Mobil
jual gantungan ban serep toyota kijang super jakarta,Aksesoris Eksterior
jual sensor mundur toyota harrier hitam original,Spare Part Mobil
jual spedometer toyota corolla altis ori jakarta utara palapa jaya,Spare Part Mobil
jual modul abs toyota rush kota tangerang selatan sinar,Spare Part Mobil
jual cat oles t-up khusus toyota grey metalik ori,Aksesoris Eksterior
jual cover dashboard toyota kijang kapsul bulu rasfur kota,Aksesoris Interior
jual mk kashiyama kampas rem brakepad,Spare Part Mobil
jual filter bensin toyota crown cressida jakarta selatan,Spare Part Mobil
jual shock bagasi hidrolik sok pintu kap mesin toyota,Spare Part Mobil
jual hmc tabung motor washer set toyota kijang,Spare Part Mobil
jual filter oli saringan oli toyota innova hilux fortuner,Spare Part Mobil
jual switch sensor tabung minyak rem toyota daihatsu suzuki,Spare Part Mobil
jual specia baut tap carter toyota dyna,Spare Part Mobil
jual flexible hose selang fleksibel rem kiri,Spare Part Mobil
jual gigi dinamo starter bendix gear toyota,Spare Part Mobil
jual selang fleksibel rem toyota starlet,Spare Part Mobil
jual delco distributor pengapian toyota soluna kota tangerang,Spare Part Mobil
jual talang air set biji toyota kijang kapsul lgx lsx lx sgx,Spare Part Mobil
jual gearbox transmisi manual toyota soluna jakarta utara,Spare Part Mobil
jual ring syncronizer gigi singkromis toyota starlet kapsul,Spare Part Mobil
jual karet boot transmisi toyota hardtop kota semarang sdd,Spare Part Mobil
jual lampu sein spion mobil toyota etios valco,Spare Part Mobil
jual motor fan radiator dinamo fan radiator kipas,Spare Part Mobil
jual ket out regulator assy toyota kijang,Spare Part Mobil
jual kaca daihatsu terios kota tangerang kacamobil.id,Spare Part Mobil
jual clutch dekrup kampas kopling matahari daihatsu hijet zebra,Spare Part Mobil
jual bahan kunci daihatsu xenia kota tangerang bosskunci,Spare Part Mobil
jual pin piston daihatsu dg taft gt pen mm,Spare Part Mobil
jual magnet magnit clutch pully puli ac mobil daihatsu xenia,Spare Part Mobil
jual lampu stop stoplamp daihatsu luxio original harga satuan,Spare Part Mobil
jual remote alarm mobil remot kunci mobil daihatsu,Spare Part Mobil
jual switch sensor tabung minyak rem toyota daihatsu suzuki,Spare Part Mobil
jual fuse box daihatsu zebra hijet kotak,Spare Part Mobil
jual cylinder head deksel silinder cop daihatsu xenia vvti kota,Spare Part Mobil
jual terlaris terpal bak mobil pick up daihatsu grand,Spare Part Mobil
jual header sport daihatsu taruna kansai sport,Spare Part Mobil
jual karet kaca daihatsu espass jakarta pusat,Spare Part Mobil
jual sensor oksigen sigra cayla cc asli daihatsu,Spare Part Mobil
jual kabel kopling zebra espass original,Spare Part Mobil
jual semprotan air wiper grandmax jakarta utara,Spare Part Mobil
jual piringan piring cakram grandmax granmax luxio standard,Spare Part Mobil
jual kampas rem brake pad rush terios up asli,Spare Part Mobil
jual dinamo kipas radiator cooling fan motor daihatsu charade,Spare Part Mobil
jual talang air set biji toyota kijang kapsul lgx lsx lx sgx,Spare Part Mobil
jual kunci kaca carry hijet zebra karoseri satuan kota semarang,Spare Part Mobil
jual kabel spion electricswitch mirror lipat avanzaxeniataruna,Spare Part Mobil
jual tierod tie rod taruna original ori asli kota yogyakarta,Spare Part Mobil
jual mika kaca lampu stop lamp zebra,Spare Part Mobil
jual flexible hose selang fleksibel rem kiri,Spare Part Mobil
jual baut damper chain tensioner avanza xenia,Spare Part Mobil
jual brake pad kampas rem fortuner vnthilux double,Spare Part Mobil
jual slang pipa bensin honda jazz brio mobilio kota bekasi,Spare Part Mobil
jual cap oil engine tutup oli mesin xenia,Spare Part Mobil
jual filter oli oil vios avanza rush,Spare Part Mobil
jual hidrolik pintu shock bagasi mobilio,Spare Part Mobil
jual amplop coklat brio jakarta timur wijaya,Lainnya
jual clip klip kancing pengait box sarang filter udara honda brio,Spare Part Mobil
jual camberkit civic estilo genio eg chamber kit pengatur,Spare Part Mobil
jual slang pipa bensin honda jazz brio mobilio kota bekasi,Spare Part Mobil
jual velg mobil enkei spider ring for terios civic hrv innova,Spare Part Mobil
jual schenker brake pad kampas rem,Spare Part Mobil
jual velg mobil ring jari jari pelek mobilio kota cimahi,Spare Part Mobil
jual tanduk bumper honda brv model hummer with,Aksesoris Eksterior
jual velg ring hsr jazz mobilio toko velg mobil,Spare Part Mobil
jual joran pasiran oregon brio,Spare Part Mobil
jual pelindung cipratan mesin penutup mesin,Spare Part Mobil
jual lampu sen samping fender hyundai kota tangerang,Spare Part Mobil
jual headlamp headlight lampu hyundai,Spare Part Mobil
toko bahagia autopart online produk lengkap harga,Lainnya
jual velg mobil hyundai accent atoz ring hsr,Spare Part Mobil
jual selang radiator kia carens hose radiator lower,Spare Part Mobil
jual kaca spion corolla twincam kiri kanan kiri kota medan,Spare Part Mobil
jual switch oil niles asli kota surabaya auto variasi surabaya,Spare Part Mobil
jual pelatuk klep rocker arm kia carnival diesel jakarta pusat,Spare Part Mobil
jual baut sekrup karpet lumpur mobil universal original hrg satuan,Spare Part Mobil
jual karpet dasar mobil mitsubishi kuda long-short,Aksesoris Interior
toko sinar sakti balikpapan online produk lengkap harga,Lainnya
jual ring syncronizer gigi singkromis toyota starlet kapsul,Spare Part Mobil
jual momo tutup hub setir mobil tombol klakson,Spare Part Mobil
jual akrilik mika pelindung busi satria fu karbu kota surabaya,Lainnya
jual paking by pass kia carnival jakarta timur sparepart,Spare Part Mobil
jual bemper apv jakarta utara mofti motor tokopedia,Spare Part Mobil
jual cat oles t-up khusus toyota grey metalik ori,Aksesoris Eksterior
jual talang air soluna kab malang otomotif booth,Spare Part Mobil
jual pin piston daihatsu dg taft gt pen mm,Spare Part Mobil
jual velg mobil seken standar ford ranger ring lebar pcd,Spare Part Mobil
jual ic dinamo ampere alternator bmw kota bekasi,Spare Part Mobil
jual sensor udara bmw mini cooper,Spare Part Mobil
jual beras bmw pandan wangi kg jakarta pusat toko,Lainnya
jual velg standar original copotan mobil bmw seri kondisi,Spare Part Mobil
jual mounting support shock bmw,Spare Part Mobil
jual radiator bmw jakarta selatan istana,Spare Part Mobil
jual spion bmw copotan kota padang ch domani,Spare Part Mobil
jual velg mobil bmw ring racing model akar warna hitam,Spare Part Mobil
jual beras bmw pandan wangi premium kota bekasi,Lainnya
jual kap mesin mobil bmw original jakarta utara adenmotor,Spare Part Mobil
jual original bmw box sekring kota depok fenomena,Spare Part Mobil
jual bmw fuel tether strap tali tutup bensin jakarta utara,Spare Part Mobil
jual motor retrack motor kaca spion kiri original ford focus,Spare Part Mobil
jual steering rack stir nissan teana kota depok,Spare Part Mobil
jual mainan mobil aki bmw anak perempuan laki laki preloved,Lainnya
jual bodykit bmw mtech full set kab jepara,Spare Part Mobil
toko vinley motor online produk lengkap harga terbaik,Lainnya
beras karung kualitas premium harga terbaik tokopedia,Lainnya
beras karung kualitas premium harga terbaik tokopedia,Lainnya
beras karung kualitas premium harga terbaik tokopedia,Lainnya
beras karung kualitas premium harga terbaik tokopedia,Lainnya
jual pupuk organik cair penyubur tanaman obat anti hama,Lainnya
beras karung kualitas premium harga terbaik tokopedia,Lainnya
jual velg ring dokter evolution kota tangerang ferry wheelsls,Spare Part Mobil
jual wajan nasi goreng gagang stainlees steel anti lengket,Lainnya
jual remote alarm mobil remot kunci mobil daihatsu,Spare Part Mobil
beras karung kualitas premium harga terbaik tokopedia,Lainnya
jual keong coil spring mercy mercedes,Spare Part Mobil
jual door lock kanan mercedes-benz,Spare Part Mobil
jual mobil mobilan aki charge sedan mercedez benz license,Lainnya
promo karpet mobil mercedes benz non bagasi,Aksesoris Interior
jual kaos bis anak bus sempati star double decker mercedes,Lainnya
jual stoplamp custom vios limo gen model ala mercy sepasang,Spare Part Mobil
jual karet stabil stabilizer mercy mercedes benz,Spare Part Mobil
jual doorlock kiri mercedes kota bandung st,Spare Part Mobil
jual jual velg mobil pelek mercy hsr rostock pcd,Spare Part Mobil
jual spedometer toyota corolla altis ori jakarta utara palapa jaya,Spare Part Mobil
jual modul abs hrv original jakarta utara muk,Spare Part Mobil
jual master kopling assy hino kab banyumas,Spare Part Mobil
jual wheeldop truk terbaik harga murah april cicil,Spare Part Mobil
jual motor retrack motor kaca spion kiri original ford focus,Spare Part Mobil
beras karung kualitas premium harga terbaik tokopedia,Lainnya
jual velg ring dokter evolution kota tangerang ferry wheelsls,Spare Part Mobil
jual bambu selongsong gardan isuzu kota kendari,Spare Part Mobil
jual pin ppupd terbaru jakarta pusat cv starindo tokopedia,Lainnya
beras karung kualitas premium harga terbaik tokopedia,Lainnya
jual kaos kerah ua polo shirt un-der armour premium terbaru,Lainnya
jual steering rack stir nissan teana kota depok,Spare Part Mobil
jual baut roda seneka ukuran mm mobil nissan kota,Spare Part Mobil
jual shockbreaker fortuner vnt jakarta,Spare Part Mobil
jual rokok sampoerna mild isi batang slop isi,Lainnya
jual mainan anak sapi bo lucu kab banyuwangi ririn,Lainnya
jual nozzle nosel air wiper carry tayo original,Spare Part Mobil
jual paking klep ertiga splash asli sgp jakarta timur eka jaya,Spare Part Mobil
jual kawat putaran kaca carry katana futura jakarta pusat,Spare Part Mobil
jual motor fan original suzuki ertiga swift asli denso,Spare Part Mobil
jual tensioner rantai keteng ertiga ertiga wagon asli,Spare Part Mobil
jual selang corong hawa ertiga type asli sgp jakarta pusat,Spare Part Mobil
jual radiator assy manual suzuki ertiga kota surabaya,Spare Part Mobil
jual kunci kaca carry hijet zebra karoseri satuan kota semarang,Spare Part Mobil
jual engine mounting kanan ertiga diesel asli sgp jakarta pusat,Spare Part Mobil
jual packing tutup klep grand vitara jakarta pusat,Spare Part Mobil
jual knalpot pipa mobil carry futura colt ss,Spare Part Mobil
jual karpet lumpur grand vitara ori jakarta utara midoya,Aksesoris Eksterior
jual bearing gardan suzuki jimny katanajimny jangkrik,Spare Part Mobil
jual velg pelek mobil carry ring kota cimahi,Spare Part Mobil
jual velg pelek mobil ertiga veleg ukuran standar mobil ertiga,Spare Part Mobil
jual platina kijang carry katana hijet denso kab,Spare Part Mobil
jual tabung standar knalpot mobil carry extra futura kijang super,Spare Part Mobil
jual knalpot mobil fullsystem carry futura injeksi request kab,Spare Part Mobil
jual karet conveyor ply tebel mbil carry kab,Spare Part Mobil
jual velg mobil standar ignis ring ban bridgestone,Spare Part Mobil
jual karpet karet pelindung cipratan lumpur ban mobil pick up,Aksesoris Eksterior
jual velg mobil kaleng type hsr ertiga,Spare Part Mobil
jual brake shoe lining kampas rem hdx,Spare Part Mobil
jual side marker emblem crv samping kota bandung,Spare Part Mobil
jual baut ban serep mitsubishi diesel,Aksesoris Eksterior
jual as roda stik as mitsubishi colt,Spare Part Mobil
jual timing belt mitsubishi grandis asli jakarta pusat,Spare Part Mobil
jual ring sinkromis mitsubishi jakarta,Spare Part Mobil
jual disc brake piringan rem cakram mitsubishi,Spare Part Mobil
jual mitsubishi caliper kaliper kit kuda diesel,Spare Part Mobil
jual brake master kit bm kit isi master rem mitsubishi kuda,Spare Part Mobil
jual trivindo shockbreaker mitsubishi kuda,Spare Part Mobil
jual nut pinion mur gardan mitsubishi,Spare Part Mobil
jual leaf spring daun mitsubishi strada triton,Spare Part Mobil
jual clutch master kopling mitsubishi canter,Spare Part Mobil
jual kabel kilometer speedometer mitsubishi diesel asli,Spare Part Mobil
jual sanyco master kopling assy mitsubishi,Spare Part Mobil
jual seal roda mitsubishi cot,Spare Part Mobil
jual karet tatakan asli mitsubishi pajero sport,Spare Part Mobil
jual cover handle pintu kuda mitsubishi jakarta utara,Aksesoris Eksterior
jual handel pintu mitsubishi kuda kiri hitam crome kota,Spare Part Mobil
jual mobil anak dorongan mitsubishi pajero sport warna,Lainnya
jual karpet dasar mobil mitsubishi kuda long-short,Aksesoris Interior
jual gantungan ban serep asli mitsubishi triton double cabin,Aksesoris Eksterior
jual nap roda mitsubishi diesel kota,Spare Part Mobil
jual nap roda rumah bearing wheel hub,Spare Part Mobil
jual stiker sticker mobil mitsubishi pajero pintu body,Aksesoris Eksterior
jual sarang tawon knalpot mitsubishi canter ps kota cimahi,Spare Part Mobil
jual werstan werstand resistor motor blower ac mobil,Spare Part Mobil
jual gorden mobil mazda biantetirai mobil mazda,Aksesoris Interior
jual motor retract lipat otomatis dinamo spion mazda,Spare Part Mobil
jual pintu pintu mazda elite original,Spare Part Mobil
jual brake master kit-master kit rem mazda mr vantrend,Spare Part Mobil
jual pipa sambungan master kopling pipa drek lahar ranger,Spare Part Mobil
jual blok rem ford rangerwheel cylinder rear ford ranger kota,Spare Part Mobil
jual baut kepak baut sayap kota jambi,Spare Part Mobil
jual kaca daihatsu terios kota tangerang kacamobil.id,Spare Part Mobil
jual magnet magnit clutch pully puli ac mobil daihatsu xenia,Spare Part Mobil
jual schenker brake pad kampas rem,Spare Part Mobil
jual headlamp headlight lampu hyundai,Spare Part Mobil
jual kunci busi suzuki katana jimny original jakarta barat,Spare Part Mobil
jual dudukan lampu land cruiser bracket sealed beam ori kiri,Spare Part Mobil
jual pelatuk klep rocker arm kia carnival diesel jakarta pusat,Spare Part Mobil
jual rack steering kia carens jakarta utara toko sinar jaya,Spare Part Mobil
jual selang radiator kia carens hose radiator lower,Spare Part Mobil
jual paking by pass kia carnival jakarta timur sparepart,Spare Part Mobil
jual velg mobil bekas kia sonet ring ban,Spare Part Mobil
jual flexible hose selang fleksibel rem kiri,Spare Part Mobil
jual pipa sambungan master kopling pipa drek lahar ranger,Spare Part Mobil
jual magnet magnit clutch pully puli ac mobil daihatsu xenia,Spare Part Mobil
jual karpet dasar mobil mitsubishi kuda long-short,Aksesoris Interior
jual keong coil spring mercy mercedes,Spare Part Mobil
jual lampu sen samping fender hyundai kota tangerang,Spare Part Mobil
jual velg ring hsr jazz mobilio toko velg mobil,Spare Part Mobil
jual talang air soluna kab malang otomotif booth,Spare Part Mobil
jual dinamo kipas radiator cooling fan motor daihatsu charade,Spare Part Mobil
jual werstan werstand resistor motor blower ac mobil,Spare Part Mobil
jual lampu kabin plafon wuling cortez kota bekasi prabu auto,Spare Part Mobil
jual karpet mobil custom leather luxury kab,Aksesoris Interior
jual tanduk bumper honda brv model hummer with,Aksesoris Eksterior
jual cat oles t-up khusus toyota grey metalik ori,Aksesoris Eksterior
toko tora towing online produk lengkap harga terbaik,Lainnya
jual karet bantalan pintu mobil universal original hrg satuan kota,Aksesoris Interior
jual gorden mobil mazda biantetirai mobil mazda,Aksesoris Interior
jual velg mobil bekas outlander ring ban bridgestone,Spare Part Mobil
jual brake pad kampas rem fortuner vnthilux double,Spare Part Mobil
jual karpet karet pelindung cipratan lumpur ban mobil pick up,Aksesoris Eksterior
resep bolu kukus cokelat lembut anti gagal,Lainnya
jual karpet mobil premium mie bihun warna,Aksesoris Interior
jual velg mobil kaleng type hsr ertiga,Spare Part Mobil
jual filter oli oil vios avanza rush,Spare Part Mobil
jual mobil bekas toyota etios terbaru harga termurah,Kendaraan
jual exu toyota terbaru harga termurah blibli,Spare Part Mobil
jual buku aneka surat terbaru harga termurah,Lainnya
jual jual engine mounting karet dudukan mesin kiri toyota kijang,Spare Part Mobil
jual teraflex hd adjustable alpine short control arm kit pieces,Aksesoris Interior
jual mobil polisi fortuner terbaru harga termurah,Kendaraan
jual kaca spion calya kanan ori terbaru harga termurah,Spare Part Mobil
jual sewa mobil terbaik harga terbaru blibli,Kendaraan
jual harga belt avanza terbaru harga termurah,Spare Part Mobil
jual tank cover daihatsu rocky terbaru harga termurah,Aksesoris Eksterior
jual karet pintu zebra terbaru harga termurah,Spare Part Mobil
jual roof grandmax terbaru harga termurah blibli,Aksesoris Eksterior
promo motul oli mobil multipower plus diskon,Oli dan Penghemat BBM
jual exu toyota terbaru harga termurah blibli,Spare Part Mobil
jual jual engine mounting karet dudukan mesin kiri toyota kijang,Spare Part Mobil
perbandingan wuling alvez vs honda hrv bedanya sih,Lainnya
mengintip perbandingan kia sorento hybrid vs honda crv hybrid,Lainnya
jual spoiler topi honda mobilio mentah kjs,Aksesoris Eksterior
jual busi pendek ngk motor supra mio jupiter,Lainnya
jual sewa mobil terbaik harga terbaru blibli,Kendaraan
promo motul oli mobil multipower plus diskon,Oli dan Penghemat BBM
jual ban hyundai terbaru harga termurah,Spare Part Mobil
jual motor jetwin terbaru harga termurah blibli,Spare Part Mobil
jual wide body ford ranger terbaru harga termurah,Spare Part Mobil
jual motor yamaha freego bekasi terbaru harga,Lainnya
jual shift knob renault duster terbaru harga termurah,Spare Part Mobil
jual mitchell terbaru harga termurah blibli,Lainnya
jual kabel soket kiprok xride terbaru harga termurah,Spare Part Mobil
jual kredit motor listrik minerva terbaru harga,Kendaraan
jual batok mx king terbaru harga termurah,Lainnya
jual lampu plat nomor mitsubishi kuda terbaru,Aksesoris Eksterior
jual koin karbu xeon terbaru harga termurah,Spare Part Mobil
jual bohlam lampu senja beat karbu terbaru harga,Lainnya
jual sarangan knalpot terbaru harga termurah,Spare Part Mobil
rekomendasi komponen pipa ac terbaik blibli friends,Lainnya
jual emblem bmw terbaru harga termurah,Aksesoris Eksterior
jual beras merk tanak termurah harga grosir terupdate,Lainnya
jual best promo headlamp lampu carry futura original,Spare Part Mobil
jual evaporator ertiga terbaru harga termurah,Spare Part Mobil
harga grand vitara lengkap spesifikasinya blibli,Lainnya
jual soket audio suzuki ertiga terbaru harga termurah,Aksesoris Interior
jual best promo headlamp lampu carry futura original,Spare Part Mobil
jual exu toyota terbaru harga termurah blibli,Spare Part Mobil
jual karet pintu zebra terbaru harga termurah,Spare Part Mobil
jual lubang angin kisi kisi original murah harga diskon mei,Spare Part Mobil
jual kampas rem mitsubishi triton terbaru,Spare Part Mobil
jual lampu plat nomor mitsubishi kuda terbaru,Aksesoris Eksterior
jual soket audio suzuki ertiga terbaru harga termurah,Aksesoris Interior
jual grille innova barong grille innova model skoda,Spare Part Mobil
jual teraflex hd adjustable alpine short control arm kit pieces,Spare Part Mobil
jual selang power steering ford escape terbaru harga,Spare Part Mobil
promo lampu tembak laser plus hi loo watt laser,Lainnya
promo motul oli mobil multipower plus diskon,Oli dan Penghemat BBM
mengintip perbandingan kia sorento hybrid vs honda crv hybrid,Lainnya
subaru wrx vs golf gti menurutmu oke blibli,Lainnya
perbandingan wuling alvez vs honda hrv bedanya sih,Lainnya
spesifikasi wuling alvez suv muncul,Lainnya
mengintip perbandingan kia sorento hybrid vs honda crv hybrid,Lainnya
harga grand vitara lengkap spesifikasinya blibli,Lainnya
perbandingan yadea vs pro bagus,Lainnya
cek harga subaru wrx mobil awd dinantikan,Lainnya
review yadea spesifikasi kelebihan kekurangan blibli,Lainnya
jual teraflex hd adjustable alpine short control arm kit pieces,Spare Part Mobil
subaru wrx vs golf gti menurutmu oke blibli,Lainnya
jual velg rpf fortuner terbaru harga termurah,Spare Part Mobil
jual motor jetwin terbaru harga termurah blibli,Spare Part Mobil
jual tps terbaru harga termurah,Lainnya
jual saklar set kiri kanan domino satria fu terbaru harga,Lainnya
jual wide body ford ranger terbaru harga termurah,Spare Part Mobil
jual cover tutup radiator mio terbaru harga,Lainnya
jual pilok diton merah ferari terbaru harga termurah,Aksesoris Eksterior
jual fuel tangki bensin vixion old terbaru harga,Lainnya
jual motor yamaha freego bekasi terbaru harga,Lainnya
jual shift knob renault duster terbaru harga termurah,Spare Part Mobil
jual mitchell terbaru harga termurah blibli,Lainnya
jual boncengan anak vario karbu terbaru harga,Lainnya
jual noken as motor vega original terbaru harga,Lainnya
jual kabel soket kiprok xride terbaru harga termurah,Spare Part Mobil
jual jaket prioritas maxim terbaru harga termurah,Lainnya
jual karet pintu zebra terbaru harga termurah,Spare Part Mobil
jual anting peninggi shockbreaker terbaru harga,Spare Part Mobil
jual achilles terbaru harga termurah,Spare Part Mobil
jual ban motor ring aspira terbaru harga termurah,Lainnya
jual lampu plat nomor mitsubishi kuda terbaru,Aksesoris Eksterior
jual kredit motor listrik minerva terbaru harga,Kendaraan
jual batok mx king terbaru harga termurah,Lainnya
jual bohlam lampu senja beat karbu terbaru harga,Lainnya
jual koin karbu xeon terbaru harga termurah,Spare Part Mobil
jual cylinder head revo terbaru harga termurah,Lainnya
jual uwinfly terbaru harga termurah blibli,Kendaraan
jual jok isuzu mux terbaru harga termurah blibli,Spare Part Mobil
jual seal dinamo stater jupiter terbaru harga termurah,Lainnya
jual lokomotif krl terbaru harga termurah blibli,Lainnya
jual karburator vespa metic lx terbaru harga,Lainnya
jual paking gsx terbaru harga termurah blibli,Lainnya
promo lampu tembak laser plus hi loo watt laser,Lainnya
jual brake shoe kampas rem tromol toyota kijang efi merk mk,Spare Part Mobil
jual produk spion toyota termurah terlengkap mei,Spare Part Mobil
jual produk klep tutup cylinder head toyota termurah,Spare Part Mobil
jual berkah sakura oil filter oli toyota kijang,Spare Part Mobil
jual produk daun kijang termurah terlengkap,Spare Part Mobil
jual produk talang air fortuner termurah terlengkap mei,Spare Part Mobil
jual produk dinamo cas ampere innova diesel termurah,Spare Part Mobil
jual aspira kampas rem cakram dispad set supra,Lainnya
jual bushing lower arm bush sayap,Spare Part Mobil
jual klakson telolet basuri elektronik toa lapak indra husada,Spare Part Mobil
jual produk master kopling mitsubishi termurah,Spare Part Mobil
testimoni pemenang game serbu seru blog bukalapak,Lainnya
jual delco assy platina zebra espass,Spare Part Mobil
jual produk klep tutup cylinder head toyota termurah,Spare Part Mobil
jual cross bar kaki roof rack grand max luxio lapak hiro motor,Aksesoris Eksterior
jual kampas rem honda wonder grand civic original,Spare Part Mobil
jual bushing lower arm bush sayap,Spare Part Mobil
jual produk suzuki baleno termurah terlengkap,Spare Part Mobil
jual safety belt sabuk pengaman bangunan proyek alat,Spare Part Mobil
jual delco assy platina zebra espass,Spare Part Mobil
jual aspira kampas rem cakram dispad set supra,Lainnya
jual aspira kampas rem cakram dispad set supra,Lainnya
jual kemeja batik kemeja kerja kemeja kantor kemeja,Lainnya
jual produk tas troli anak tk paud termurah terlengkap mei,Lainnya
jual thermostat suzuki ignis asli lapak leon bukalapak,Spare Part Mobil
jual produk suzuki baleno termurah terlengkap,Spare Part Mobil
jual bushing lower arm bush sayap,Spare Part Mobil
jual delco assy platina zebra espass,Spare Part Mobil
jual mur nuts topi crom drat cocok velg vespa,Lainnya
jual produk master kopling mitsubishi termurah,Spare Part Mobil
jual safety belt sabuk pengaman bangunan proyek alat,Spare Part Mobil
jual kunci kontak set asli mitsubishi diesel lapak pelita,Spare Part Mobil
jual arm sayap sebelah kanan rh kw mitsubishi kuda,Spare Part Mobil
jual produk sensor parkir mitsubishi pajero sport termurah,Spare Part Mobil
jual sekring aki fusible asli mitsubishi outlander lancer evo,Spare Part Mobil
jual produk master kopling mitsubishi termurah,Spare Part Mobil
jual produk sensor parkir mitsubishi pajero termurah,Spare Part Mobil
jual produk sensor mundur pajero sport termurah terlengkap,Spare Part Mobil
jual engine mounting dudukan mesin hiace diesel lapak,Spare Part Mobil
jual produk suzuki baleno termurah terlengkap,Spare Part Mobil
jual produk dinamo cas ampere innova diesel termurah,Spare Part Mobil
jual kompresor compresor ac mobil mazda astina asli ex copotan,Spare Part Mobil
jual thermostat suzuki ignis asli lapak leon bukalapak,Spare Part Mobil
jual mur nuts topi crom drat cocok velg vespa,Lainnya
jual delco assy platina zebra espass,Spare Part Mobil
jual produk master kopling mitsubishi termurah,Spare Part Mobil
jual aspira kampas rem cakram dispad set supra,Lainnya
jual delco assy platina zebra espass,Spare Part Mobil
jual engine mounting dudukan mesin hiace diesel lapak,Spare Part Mobil
jual oli gardan transmisi toyota tmo manual mtf gl,Oli dan Penghemat BBM
jual klip kancing toyota kota depok omc-shop,Spare Part Mobil
jual pelipit pintu karet kaca kiri toyota previa,Spare Part Mobil
jual gearbox transmisi manual toyota yaris lele original,Spare Part Mobil
jual support radiator palangan kiri toyota kijang innova,Spare Part Mobil
jual kamera mundur hd toyota agya kamera parkir reven,Aksesoris Interior
jual seiken karet central rem toyota innova kota,Spare Part Mobil
jual cat oles t-up khusus toyota calya original ace,Aksesoris Eksterior
jual pompa power steering toyota kijang kapsul diesel jakarta,Spare Part Mobil
jual bagus transmissi manual toyota kota,Spare Part Mobil
jual filter bensin toyota yaris merk stecker kota kediri,Spare Part Mobil
jual sensor pedal gas accelerator toyota innova bensin old,Spare Part Mobil
jual transmisi manual toyota avanza xenia,Spare Part Mobil
jual gigi gear penghubung pompa oli toyota hilux revo diesel,Spare Part Mobil
jual pilar garnish body pintu toyota sienta harga satuan,Spare Part Mobil
jual velg mobil bekas oem toyota camry ring pcd lebar,Spare Part Mobil
jual modul alarm toyota rush jakarta utara,Spare Part Mobil
jual sekring pusat kaki lurus mitsubishi toyota,Spare Part Mobil
jual kampas kopling asli daihatsu sigra calya,Spare Part Mobil
jual gasket cylinder kop asli daihatsu xenia cc,Spare Part Mobil
jual kabel busi daihatsu taruna zebra suzuki esteem,Spare Part Mobil
jual soket saklar spion daihatsu sigra barang kota,Spare Part Mobil
jual cam delco baling baling delco daihatsu jakarta pusat,Spare Part Mobil
jual drum brake front tromol rem daihatsu,Spare Part Mobil
jual tali kipas fanvanv belt daihatsu xenia cc,Spare Part Mobil
jual saklar lampu sen sein kombinasi saklar wiper,Spare Part Mobil
jual foot step injakan kaki daihatsu taruna original jakarta timur,Aksesoris Eksterior
jual delco daihatsu zebra espass platina kab kudus sodara,Spare Part Mobil
jual karet seal sil busi koil coil daihatsu xenia terios sigra ayla,Spare Part Mobil
jual condensor platina denso mf daihatsu hijet,Spare Part Mobil
jual pipa oli strainer saringan oli mesin grandmax luxio asli,Spare Part Mobil
jual sekring pusat kaki lurus mitsubishi toyota,Spare Part Mobil
jual seiken karet central rem toyota innova kota,Spare Part Mobil
jual kampas rem brake pad rush terios up asli,Spare Part Mobil
jual kamera mundur hd toyota agya kamera parkir reven,Aksesoris Interior
jual transmisi manual toyota avanza xenia,Spare Part Mobil
jual stopper taft harga jakarta,Spare Part Mobil
jual daun ferosa no kota tegal top onderdil,Spare Part Mobil
jual cat oles t-up khusus toyota calya original ace,Aksesoris Eksterior
jual lampu sein sen riting spion granmax grandmax model,Spare Part Mobil
jual tas jok serbaguna mobil avanza xenia,Aksesoris Interior
jual karet tutup lampu toyota kijang kapsul,Spare Part Mobil
jual trunkboard papan bagasi civic ferio abu-abu,Spare Part Mobil
jual kabel soket headunit pioneer pnp honda brio mobilio freed,Aksesoris Interior
jual list body chrome samping original mobil mobilio,Spare Part Mobil
jual gantungan kunci mobil honda brio rs kab kediri auto part,Lainnya
jual velg racing ssr type ring ertiga civic terios rush,Spare Part Mobil
jual delco msd honda civic estilo genio jakarta pusat istana,Spare Part Mobil
jual karet balon pintu honda civic fd,Spare Part Mobil
jual karet dudukan radiator lower honda accord maestro,Spare Part Mobil
jual velg hsr ring tokyo velg mobil tuk brio.agya.ayla,Spare Part Mobil
jual double din din honda civic estilo genio original,Spare Part Mobil
jual promo terbaru sticker mobil accord stiker list,Aksesoris Eksterior
toko online produk lengkap,Lainnya
jual kaca hyundai kota serang cv,Spare Part Mobil
jual stabil stabilizer hyundai grand avega kota,Spare Part Mobil
jual genset generator set hyundai watt,Lainnya
jual bak carter oli engine hyundai trajet kab bogor,Spare Part Mobil
jual radiator set hyundai tipe metic manual,Spare Part Mobil
jual cover fog lamp front lh kiri kia sonet-asli,Aksesoris Eksterior
jual tabung minyak power steering orisinil hyundai atoz kia,Spare Part Mobil
toko bahagia autopart online produk lengkap harga,Lainnya
jual ban mobil hyundai matrix ban mobil murah ring kota,Spare Part Mobil
jual bumper hyunday avega jakarta utara wijaya,Spare Part Mobil
jual karpet mobil elite innova zenix fullset coffee bagasi,Aksesoris Interior
jual karpet mobil elite innova zenix fullset hitamfull bensin,Aksesoris Interior
jual talang air pintu mobil isuzu bison model lebar kupu,Spare Part Mobil
jual karpet mobil elite innova zenix fullset hitam kuning,Aksesoris Interior
toko sinar sakti balikpapan online produk lengkap harga,Lainnya
toko vinata teknik online produk lengkap harga terbaik,Lainnya
jual karpet mobil toyota avanza mie bihun full set,Aksesoris Interior
jual kaca kabin isuzu giga kota tangerang kacamobil,Spare Part Mobil
jual cat oles t-up khusus toyota calya original ace,Aksesoris Eksterior
jual karpet mie mobil kijang innova innova,Aksesoris Interior
jual sambungan selang rem bmw,Spare Part Mobil
jual regulator kaca kanan toko onderdil bmw,Spare Part Mobil
jual original bmw throttle body,Spare Part Mobil
jual sticker bmw set kab bandung markas hobby,Aksesoris Eksterior
jual miniatur diecast motor bmw skala koleksi,Lainnya
jual kompresor compresor bmw asli denso made,Spare Part Mobil
jual keong bmw bilstain kota bandung,Spare Part Mobil
jual minyak rem ate dot jakarta pusat sm bmw mercy,Spare Part Mobil
jual motor retrack motor kaca spion kiri original ford focus,Spare Part Mobil
jual velg mobil bmw murah ring mannheim hsr,Spare Part Mobil
jual shock airsuspensi bmw jakarta,Spare Part Mobil
jual grosir milk pan frypan panci teflon set bmw kab,Lainnya
jual beras jeruk beras pandan wangi kota tangerang,Lainnya
jual lampu led bar slim baris sinar putih kuning,Spare Part Mobil
jual dop roda tutup velg mobil racing variasi enzo hitam kota,Spare Part Mobil
jual korek api unik gantungan kunci mobil toyota frari,Lainnya
jual baut roda mur roda hsr merah pendek kota,Spare Part Mobil
jual karet stabil stabilizer mercedes benz,Spare Part Mobil
jual motor regulator power window kanan mercedes,Spare Part Mobil
jual selang radiator hose radiator mercy,Spare Part Mobil
jual minyak rem ate dot jakarta pusat sm bmw mercy,Spare Part Mobil
jual jual velg celong merk hsr bavaria cocok mobil,Spare Part Mobil
jual jaket mercedes benz hoodie jaket mercy jaket mercedes,Lainnya
jual pelek resing mobil ring mercy sprinter pcd,Spare Part Mobil
jual velg mobil resing ring cocok mobil mercedes benz,Spare Part Mobil
jual slack adjuster paha ayam nissan cwb model,Spare Part Mobil
jual modul alarm ecu alarm innova reborn berkualitas,Spare Part Mobil
jual sambungan selang rem bmw,Spare Part Mobil
jual motor retrack motor kaca spion kiri original ford focus,Spare Part Mobil
jual velg mobil bekas baut hsr race ring et pcd,Spare Part Mobil
jual daun ford ranger suku cadang kab kudus,Spare Part Mobil
jual shock airsuspensi bmw jakarta,Spare Part Mobil
jual panel karbon interior avanza xenia veloz up isi,Spare Part Mobil
jual jaket komatsu freeport kuning kota tangerang shoppe,Lainnya
jual stabil tie rod stabil apv apv arena mega carry,Spare Part Mobil
jual aksesoris mobil suzuki front grill xl kota,Aksesoris Eksterior
jual karpet karet carry futura realvan kota,Spare Part Mobil
jual hot wheels carry case case mainan mobil balap biru tua,Lainnya
jual gear noken as suzuki ertiga kota bekasi,Spare Part Mobil
jual lahar kopling grand vitara asli kota,Spare Part Mobil
jual mika lampu sen sein riting samping pilar sisi carry st,Spare Part Mobil
jual tutup box bagasi ertiga asli sgp kota administrasi,Spare Part Mobil
jual panci masak stainless sauce pot zebra carry kota,Lainnya
jual kit stelan setelan rem tangan lever hand brake,Spare Part Mobil
jual cover jok mobil avanza xenia ertiga eco mobil jok,Aksesoris Interior
jual velg racing ssr type ring ertiga civic terios rush,Spare Part Mobil
jual kuku klep mobil suzuki apv original sgp kota makassar,Spare Part Mobil
jual kabel gas suzuki apv arena original jakarta pusat sinar,Spare Part Mobil
jual mur as mitsubishi ragasa ohk kota,Spare Part Mobil
seal as roda bambu kanan asli ori mitsubishi,Spare Part Mobil
jual master kopling mitsubishi canter colt diesel,Spare Part Mobil
jual engsel pintu mitsubishi lhrh,Spare Part Mobil
jual busi pemanas mitsubishi kuda dsl eiko japan kota,Spare Part Mobil
jual gigi spedometer asli original mitsubishi kuda bensin gigi,Spare Part Mobil
jual pintu canter fuso mitsubishi,Spare Part Mobil
jual lampu sen mitsubishi pajero bensin kanan jakarta,Spare Part Mobil
jual ring piston ring seher mitsubishi merek iti jakarta,Spare Part Mobil
jual pelipit kaca mitsubishi canter turbo original ktb kiri,Spare Part Mobil
jual kulit pintu mitsubishi ps ragasa,Spare Part Mobil
jual ball joint kiri mitsubishi stradapajero old,Spare Part Mobil
jual kabel busi mitsubishi kota depok,Spare Part Mobil
jual metal jalan kuda bensin superexceed,Spare Part Mobil
jual grill mitsubishi colt logo chrome emgi,Spare Part Mobil
jual handle handel hendel pintu mitsubishi kuda,Spare Part Mobil
jual oring pipa water pump jakarta pusat istana motor mitsubishi,Spare Part Mobil
jual kabel cable bukaan tarikan tangki bensin mirage jakarta,Spare Part Mobil
jual sprocket camshaft kota,Spare Part Mobil
jual gear gigi bendix starter mitsubishi diesel gigi,Spare Part Mobil
jual dompet kunci mobil remote keyless stnk mobil mitsubishi,Lainnya
jual pompa oli mesin gigi miring mitsubishi fuso btk,Spare Part Mobil
jual sekring pusat kaki lurus mitsubishi toyota,Spare Part Mobil
jual karet list kaca mazda part genuine,Spare Part Mobil
jual kampas kopling set ford ranger pro,Spare Part Mobil
jual engine mesin mazda tipe zy kota tangerang selatan,Spare Part Mobil
jual lips mazda skyactiv bahan plastik kota,Spare Part Mobil
jual kap mesin mazda skyactiv model spirit finish carbon,Spare Part Mobil
jual trisplang kiri set chev spin activ genuine asli side,Aksesoris Eksterior
jual ball joint kiri mitsubishi stradapajero old,Spare Part Mobil
jual kaca pintu kanan kiri toyota hi ace kota,Spare Part Mobil
jual karet seal sil busi koil coil daihatsu xenia terios sigra ayla,Spare Part Mobil
jual pompa power steering toyota kijang kapsul diesel jakarta,Spare Part Mobil
jual tali kipas bando original jakarta,Spare Part Mobil
jual bearing roda ford laser jakarta pusat sinar,Spare Part Mobil
jual daun ford ranger suku cadang kab kudus,Spare Part Mobil
jual cover fog lamp front lh kiri kia sonet-asli,Aksesoris Eksterior
jual tabung minyak power steering orisinil hyundai atoz kia,Spare Part Mobil
jual jual velg celong merk hsr bavaria cocok mobil,Spare Part Mobil
jual disc brake piringan cakram nissan,Spare Part Mobil
jual condensor kondensor ac mobil honda stream,Spare Part Mobil
jual dompet kunci mobil remote keyless stnk mobil mitsubishi,Lainnya
jual kap mesin mazda skyactiv model spirit finish carbon,Spare Part Mobil
jual velg hsr ring tokyo velg mobil tuk brio.agya.ayla,Spare Part Mobil
jual in flywheel roda gila gigi gendeng lancer,Spare Part Mobil
jual toyota starlet spooring dimensi ditoko velg,Spare Part Mobil
jual talang air pintu mobil isuzu bison model lebar kupu,Spare Part Mobil
jual panel sill inner lis plang pintu jimny,Spare Part Mobil
jual kaca spion wuling almaz soket usb kota bekasi,Spare Part Mobil
jual bumper bemper wuling cortez original jakarta utara,Spare Part Mobil
jual velg murah cicilan ring lebar bemper,Spare Part Mobil
jual cat oles t-up khusus toyota calya original ace,Aksesoris Eksterior
jual toyota kijang innova pompa angin ban mobil portabel ban,Spare Part Mobil
toko tora towing online produk lengkap harga terbaik,Lainnya
jual promo tanaman hias melati kaca piring herbal berkualitas,Lainnya
jual pilar garnish body pintu toyota sienta harga satuan,Spare Part Mobil
jual dop roda tutup velg mobil racing variasi enzo hitam kota,Spare Part Mobil
jual kompresor compresor bmw asli denso made,Spare Part Mobil
jual sarung setir mobil calyasigra ukuran universal jakarta,Aksesoris Interior
jual velg mobil diesel original lobang segitiga jakarta,Spare Part Mobil
jual talang air pintu mobil isuzu bison model lebar kupu,Spare Part Mobil
lirik lagu tombo ati opick maknanya,Lainnya
inspirasi dekorasi valentine rumah sederhana bermakna,Lainnya
jual karpet mobil elite innova zenix fullset hitam kuning,Aksesoris Interior
jual sarung jok mobil rush terios terbaru motif,Aksesoris Interior
jual velg mobil original altis ring lubang ban,Spare Part Mobil
model kebaya lamaran hijab modern anggun,Lainnya
jual miniatur diecast motor bmw skala koleksi,Lainnya
jual daun ford ranger suku cadang kab kudus,Spare Part Mobil
jual velg mobil resing ring cocok mobil mercedes benz,Spare Part Mobil
jual rumah kunci mobil toyota terbaru harga termurah,Spare Part Mobil
jual dop velg toyota rush terbaru harga termurah,Spare Part Mobil
promo gasket cover valve-paking tutup klep toyota altis diskon,Spare Part Mobil
jual hotwheels toyota supra short original harga termurah april,Lainnya
jual baut pentolan tongkat transmisi toyota kijang seller,Spare Part Mobil
jual stoplamp toyota sienta terbaru harga termurah,Spare Part Mobil
jual lampu sein kijang krista terbaru harga termurah,Spare Part Mobil
jual kaca film innova terbaru harga termurah,Aksesoris Eksterior
jual master rem mobil rush terbaru harga termurah,Spare Part Mobil
promo cross joint kopel spider kit innova hilux fortuner rush,Spare Part Mobil
jual towing rush terios pelindung bumper,Aksesoris Eksterior
jual ban mobil fortuner gr terbaru harga termurah,Spare Part Mobil
jual hilux bak terbaru harga termurah blibli,Spare Part Mobil
jual tromol ht terbaru harga termurah,Spare Part Mobil
jual sewa mobil terbaik harga terbaru blibli,Kendaraan
jual tabung knalpot mobil terbaru harga,Spare Part Mobil
jual gigi spidometer terbaru harga termurah,Spare Part Mobil
promo cross joint kopel spider kit innova hilux fortuner rush,Spare Part Mobil
promo gasket cover valve-paking tutup klep toyota altis diskon,Spare Part Mobil
promo lampu led senja mobil metalik silver sigra calya,Spare Part Mobil
jual ban mobil at terbaru harga termurah,Spare Part Mobil
jual ban mobil sigra terbaru harga termurah,Spare Part Mobil
mengintip perbandingan kia sorento hybrid vs honda crv hybrid,Lainnya
jual honda civic fd lca terbaru harga termurah,Spare Part Mobil
jual towing rush terios pelindung bumper,Aksesoris Eksterior
jual sewa mobil terbaik harga terbaru blibli,Kendaraan
jual velg hyundai grand avega terbaru harga termurah,Spare Part Mobil
jual ban mobil at terbaru harga termurah,Spare Part Mobil
jual kabel busi supra terbaru harga termurah,Lainnya
jual engsel pintu honda jazz rs original murah harga,Spare Part Mobil
jual velg hyundai grand avega terbaru harga termurah,Spare Part Mobil
jual bendix starter hyundai terbaru harga termurah,Spare Part Mobil
jual lampu visto atoz terbaru harga termurah,Aksesoris Eksterior
jual piston picanto terbaru harga termurah blibli,Spare Part Mobil
promo cross joint kopel spider kit innova hilux fortuner rush,Spare Part Mobil
promo gasket cover valve-paking tutup klep toyota altis diskon,Spare Part Mobil
jual dokter martens adrian snaffle terbaru harga termurah,Lainnya
jual panel power window grand livina terbaru harga,Spare Part Mobil
jual honda beat terbaru harga termurah,Lainnya
jual shock olin terbaru harga termurah blibli,Spare Part Mobil
jual sil mesin rx king original terbaru harga termurah,Lainnya
jual stoplamp wave terbaru harga termurah blibli,Spare Part Mobil
jual ban mobil falken terbaru harga termurah,Spare Part Mobil
jual pajero sport hybrid terbaru harga termurah,Kendaraan
rekomendasi komponen pipa ac terbaik blibli friends,Lainnya
jual hotwheels bmw putih lot seller tedy tjandera,Lainnya
jual mobil bmw terbaru harga termurah blibli,Kendaraan
jual tabung knalpot mobil terbaru harga,Spare Part Mobil
promo velg mobil offroad mahawa pcd lebar offset,Spare Part Mobil
jual hotwheels bmw putih lot seller tedy tjandera,Lainnya
jual ban mobil fortuner gr terbaru harga termurah,Spare Part Mobil
promo velg mobil offroad mahawa pcd lebar offset,Spare Part Mobil
jual lego technic year original harga termurah april blibli,Lainnya
promo handle knob gigi persneling universal manual racing,Spare Part Mobil
jual jok terbaru harga termurah blibli,Spare Part Mobil
harga grand vitara lengkap spesifikasinya blibli,Lainnya
jual ban bridgestone brv terbaru harga,Spare Part Mobil
promo cross joint kopel spider kit innova hilux fortuner rush,Spare Part Mobil
promo gasket cover valve-paking tutup klep toyota altis diskon,Spare Part Mobil
promo handle knob gigi persneling universal manual racing,Spare Part Mobil
promo lampu led senja mobil metalik silver sigra calya,Spare Part Mobil
jual ban mobil at terbaru harga termurah,Spare Part Mobil
jual kampas rem mitsubishi eterna terbaru harga,Spare Part Mobil
jual terbaru harga termurah blibli,Kendaraan
jual sakura terbaru harga termurah blibli,Spare Part Mobil
jual pajero sport hybrid terbaru harga termurah,Kendaraan
jual panel power window grand livina terbaru harga,Spare Part Mobil
jual towing rush terios pelindung bumper,Aksesoris Eksterior
jual ban mobil fortuner gr terbaru harga termurah,Spare Part Mobil
promo cross joint kopel spider kit innova hilux fortuner rush,Spare Part Mobil
promo gasket cover valve-paking tutup klep toyota altis diskon,Spare Part Mobil
jual genset kva original murah harga diskon mei blibli,Lainnya
jual gigi spidometer terbaru harga termurah,Spare Part Mobil
mengintip perbandingan kia sorento hybrid vs honda crv hybrid,Lainnya
promo gasket cover valve-paking tutup klep toyota altis diskon,Spare Part Mobil
promo cross joint kopel spider kit innova hilux fortuner rush,Spare Part Mobil
spesifikasi wuling alvez suv muncul,Lainnya
mengintip perbandingan kia sorento hybrid vs honda crv hybrid,Lainnya
harga grand vitara lengkap spesifikasinya blibli,Lainnya
perbandingan yadea vs pro bagus,Lainnya
cek harga subaru wrx mobil awd dinantikan,Lainnya
review yadea spesifikasi kelebihan kekurangan blibli,Lainnya
jual towing rush terios pelindung bumper,Aksesoris Eksterior
jual bendix starter hyundai terbaru harga termurah,Spare Part Mobil
jual dokter martens adrian snaffle terbaru harga termurah,Lainnya
jual panel power window grand livina terbaru harga,Spare Part Mobil
jual honda civic fd lca terbaru harga termurah,Spare Part Mobil
jual honda beat terbaru harga termurah,Lainnya
jual shock olin terbaru harga termurah blibli,Spare Part Mobil
jual cdi brt revo absolute terbaru harga termurah,Lainnya
jual ban ukuran ring terbaru harga termurah,Spare Part Mobil
jual stoplamp wave terbaru harga termurah blibli,Spare Part Mobil
jual sil mesin rx king original terbaru harga termurah,Lainnya
jual terbaru harga termurah blibli,Lainnya
jual dasi supra gtr terbaru harga termurah blibli,Lainnya
jual saringan cms gen terbaru harga termurah,Lainnya
jual gigi spidometer terbaru harga termurah,Spare Part Mobil
jual mudguard karimun kotak terbaru harga termurah,Aksesoris Eksterior
jual ban mobil falken terbaru harga termurah,Spare Part Mobil
jual segitiga unitrack terbaru harga termurah,Spare Part Mobil
jual kabel body full set supra fit terbaru harga termurah,Spare Part Mobil
jual lampu sein kijang krista terbaru harga termurah,Spare Part Mobil
jual noken as camshaft in ex toyota avanza xenia,Spare Part Mobil
jual berkah sakura oil filter oli toyota kijang,Spare Part Mobil
jual produk kijang super grand termurah terlengkap,Spare Part Mobil
jual pully kruk as pulley crankshaft kijang garansi lapak,Spare Part Mobil
jual produk set kijang termurah terlengkap mei,Spare Part Mobil
jual produk daun kijang kapsul termurah terlengkap mei,Spare Part Mobil
jual final gear gardan daihatsu taruna feroza rasio,Spare Part Mobil
jual beli grill bumper mobil online murah april halaman,Spare Part Mobil
jual produk paking turbo dyna termurah terlengkap mei,Spare Part Mobil
jual beli grill bumper mobil online murah mei halaman,Spare Part Mobil
jual final gear gardan daihatsu taruna feroza rasio,Spare Part Mobil
jual beli grill bumper mobil online murah april halaman,Spare Part Mobil
jual pully kruk as pulley crankshaft kijang garansi lapak,Spare Part Mobil
jual cross bar kaki roof rack grand max luxio lapak hiro motor,Aksesoris Eksterior
jual beli grill bumper mobil online murah mei halaman,Spare Part Mobil
jual noken as camshaft in ex toyota avanza xenia,Spare Part Mobil
jual busi spark plug mobil honda mobilio ngk asli,Spare Part Mobil
jual final gear gardan daihatsu taruna feroza rasio,Spare Part Mobil
jual beli grill bumper mobil online murah april halaman,Spare Part Mobil
jual beli grill bumper mobil online murah mei halaman,Spare Part Mobil
jual pully kruk as pulley crankshaft kijang garansi lapak,Spare Part Mobil
jual produk genset hyundai hdg termurah terlengkap mei,Lainnya
jual produk hyundai korea watt portable termurah,Spare Part Mobil
jual karimake kaos baju anak hyundai ioniq front kaos,Lainnya
jual beli mesin generator genset portable watt produk,Spare Part Mobil
jual final gear gardan daihatsu taruna feroza rasio,Spare Part Mobil
jual beli grill bumper mobil online murah mei halaman,Spare Part Mobil
jual beli grill bumper mobil online murah april halaman,Spare Part Mobil
jual beli grill bumper mobil online murah mei halaman,Spare Part Mobil
jual lampu stoplamp nmax old model xmax lampu,Lainnya
jual kemeja batik kemeja kerja kemeja kantor kemeja,Lainnya
jual beli grill bumper mobil online murah mei halaman,Spare Part Mobil
jual dinamo starter stater suzuki carry karimun kotak,Spare Part Mobil
jual timing belt apv baleno carry efi asli,Spare Part Mobil
jual pully kruk as pulley crankshaft kijang garansi lapak,Spare Part Mobil
jual beli grill bumper mobil online murah april halaman,Spare Part Mobil
jual karimake kaos baju anak hyundai ioniq front kaos,Lainnya
jual karet stoper stopper mitsubishi kuda diesel,Spare Part Mobil
jual arm sayap sebelah kanan rh kw mitsubishi kuda,Spare Part Mobil
jual produk kunci bak handle termurah terlengkap mei,Spare Part Mobil
jual produk handel bak kunci bak termurah terlengkap,Spare Part Mobil
jual pully kruk as pulley crankshaft kijang garansi lapak,Spare Part Mobil
jual produk kijang super grand termurah terlengkap,Spare Part Mobil
jual beli grill bumper mobil online murah april halaman,Spare Part Mobil
jual beli grill bumper mobil online murah mei halaman,Spare Part Mobil
jual noken as camshaft in ex toyota avanza xenia,Spare Part Mobil
jual produk steering steer stir mazda termurah,Spare Part Mobil
jual produk rack steer stir mazda cx termurah terlengkap,Spare Part Mobil
jual produk steering eps mazda cx termurah terlengkap,Spare Part Mobil
jual timing belt apv baleno carry efi asli,Spare Part Mobil
jual beli grill bumper mobil online murah april halaman,Spare Part Mobil
jual produk kijang super grand termurah terlengkap,Spare Part Mobil
jual beli grill bumper mobil online murah mei halaman,Spare Part Mobil
jual pully kruk as pulley crankshaft kijang garansi lapak,Spare Part Mobil
jual kaca spion kiri hiace commuter original toyota asli,Spare Part Mobil
jual toyota flasher sein kaki toyota,Spare Part Mobil
jual metal jalan toyota forklift ii jakarta barat,Spare Part Mobil
jual filter solar merk sakura toyota dyna,Spare Part Mobil
jual kabel busi toyota kijang efi kota,Spare Part Mobil
jual suspension fluid minyak suspensi toyota motor oil asli,Oli dan Penghemat BBM
promo karet balon pintu karet body mobil toyota vios yaris,Spare Part Mobil
jual motor double blower kanan toyota kijang apv denso kota,Spare Part Mobil
jual pelipit list kaca kanan toyota wish original jakarta,Spare Part Mobil
jual pulley poli puley alternator toyota kijang,Spare Part Mobil
jual soket lampu sein toyota daihatsu ayla,Spare Part Mobil
jual toyota sprinter trueno jakarta utara baho mart,Lainnya
jual cutting stiker toyota calya daihatsu sigra warna abu hitam,Aksesoris Eksterior
jual koyorad full aluminium radiator toyota,Spare Part Mobil
jual toyota innova reborn kasur mobil matras tidur travel,Aksesoris Interior
jual cowok assy sentral kopling toyota hiace,Spare Part Mobil
jual buku manual pedoman pemilik integration book raize,Lainnya
jual kunci kontak starter alarm module set toyota,Spare Part Mobil
jual kanan handle handel gagang pintu toyota,Spare Part Mobil
jual kabel rem tangan kanan kiri short toyota kijang super,Spare Part Mobil
jual spion toyota ist manual kota surabaya sayfullmotor,Spare Part Mobil
jual as roda toyota rcv kab bogor gunks,Spare Part Mobil
jual water pump pompa air daihatsu zebra espass,Spare Part Mobil
jual daihatsu ori selang radiator taft gt,Spare Part Mobil
jual switch rem daihatsu zebra kota surabaya,Spare Part Mobil
jual filter udara daihatsu espass original,Spare Part Mobil
jual karpet lantai karet daihatsu gran max kota,Aksesoris Interior
jual kamera mundur khusus daihatsu ayla kota depok,Aksesoris Interior
jual piston pin assy daihatsu xeniateriosavanza,Spare Part Mobil
jual kampas kopling daihatsu zebra hijet original kota,Spare Part Mobil
jual coil daihatsu xenia original copotan garansi kota,Spare Part Mobil
jual cutting stiker toyota calya daihatsu sigra warna abu hitam,Aksesoris Eksterior
jual soket lampu sein toyota daihatsu ayla,Spare Part Mobil
jual karet kaliper rem merk sam asli japan daihatsu,Spare Part Mobil
jual emblem logo tulisan daihatsu zakia luxio original kota,Aksesoris Eksterior
jual ban mobil standard daihatsu terios accelera,Spare Part Mobil
jual ban mobil standard daihatsu sirion accelera,Spare Part Mobil
jual fuel tank gauge-pelampung tangki bensin daihatsu zebra,Spare Part Mobil
jual trans monting pangkon versneling asli agya ayla,Spare Part Mobil
jual karpet mobil xenia grand kota bandung hanoto,Aksesoris Interior
jual rel pintu original zebra espass espas asli ori original,Spare Part Mobil
jual plipit kaca pintu interior water strip avanza xenia,Spare Part Mobil
jual kaos civic model desain terbaru harga mei,Lainnya
jual velg mobil sedan ayla sigra calya agya brio yaris sf,Spare Part Mobil
jual velg mobil ssr type velg racing ring brio yaris jazz,Spare Part Mobil
jual velg mobil wedssport velg ring brio jazz yaris,Spare Part Mobil
jual sarung jok bungkus jok mobil baris agya ayla brio jazz yaris,Aksesoris Interior
jual velg mobil racing te tokyo hsr palang for brio,Spare Part Mobil
jual wedssport ring pcd velg mobil brio,Spare Part Mobil
jual pelipit karet kaca bag mobil honda mobilio,Spare Part Mobil
jual sticker cutting mobil honda jazz stiker list body samping,Aksesoris Eksterior
jual velg racing rallyhsr velg mobil ring brio.kijang,Spare Part Mobil
jual sarung jok mobil mbtech baris brio agya ayla jazz terios,Aksesoris Interior
jual ceper murah mobil honda jazz lowering kit gratis,Spare Part Mobil
jual velg mobil ring lebar hsr sepulu brio jazz,Spare Part Mobil
jual tampilan keren honda brio pakai velg hsr ring kota,Spare Part Mobil
jual filter bensin hyundai saringan bensin hyundai,Spare Part Mobil
jual karpet mobil elite hyundai stargazer fullset hitam,Aksesoris Interior
jual master kopling assy hyundai accent verna avega,Spare Part Mobil
promo v-kool kaca film hyundai cicil,Aksesoris Eksterior
jual jet cleaner hyundai hdpw tornado mesin cuci,Spare Part Mobil
jual handle kiri hyundai tarikan pintu out,Spare Part Mobil
jual seal transmisi as roda hyundai atoz kia visto,Spare Part Mobil
jual lahar roda hyundai matrix bearing laher roda,Spare Part Mobil
jual headlamp lampu hyundai stargazer led kota bandung,Spare Part Mobil
jual partisi hyundai royale jakarta selatan h-one tokopedia,Aksesoris Interior
jual hyundai santa fe kasur mobil matras tidur travel bed,Aksesoris Interior
jual dinamo stater kia pregio travello jakarta pusat toko,Spare Part Mobil
jual karpet mobil elite innova zenix fullset coffee bagasi,Aksesoris Interior
jual karpet mobil elite innova zenix fullset hitamfull bensin,Aksesoris Interior
jual switch fan radiator travelo sensor water temperatur kia,Spare Part Mobil
jual karpet mobil elite innova zenix fullset hitam kuning,Aksesoris Interior
jual heel pad tambahan karpet mie bihun mobil jakarta barat,Aksesoris Interior
jual master kopling atascm assy suzuki baleno,Spare Part Mobil
jual gorden mobil xpander cream jakarta utara gorden,Aksesoris Interior
jual jual knob puteran kursi bekas copotan mercy tiger,Spare Part Mobil
jual piston chevrolet lova std jakarta utara,Spare Part Mobil
jual pulley poli puley alternator toyota kijang,Spare Part Mobil
jual air filter set komai jakarta,Spare Part Mobil
jual thermostat mitsubishi tama japan kota,Spare Part Mobil
jual hot wheels bmw kota tangerang selatan kedai b'jubel,Lainnya
jual lis kaca bmw jakarta,Spare Part Mobil
jual original bmw regulator power window kanan,Spare Part Mobil
jual karet tuas persneling bmw jakarta,Spare Part Mobil
jual resistor werstan keramik extra fan beru bmw,Aksesoris Eksterior
jual kaos bmw bimmer dad kota bekasi miw clothing,Lainnya
jual diecast miniatur mobil bmw suv skala metal series,Lainnya
jual switch kunci kontak bmw kabel original jakarta timur,Spare Part Mobil
jual velg mobil seken ring lubang bmw,Spare Part Mobil
jual filter paking oli transmisi matic mercedes,Spare Part Mobil
jual terbaru velg mobil celong bmw,Spare Part Mobil
jual beras pandan wangi cap jambu premium,Lainnya
jual mainan motor aki anak junior scoopy kota,Lainnya
jual sepasang spion honda civic fd original kota padang,Spare Part Mobil
jual sj bemper mercy set dgn sabuk jakarta,Spare Part Mobil
jual panci kukus dandang panci set steamer kukusan,Lainnya
jual beras premium cap jeruk,Lainnya
jual ancel scanner mobil terbaik alat diagnostik,Spare Part Mobil
jual ceper murah mobil honda jazz lowering kit gratis,Spare Part Mobil
jual filter paking oli transmisi matic mercedes,Spare Part Mobil
set pcs metal jalan mm glyco bis mercymercedes,Spare Part Mobil
jual hot wheels mercedes benz unimog skala kota,Lainnya
jual speaker mercedes-benz e-class jakarta,Aksesoris Interior
jual oli seal roda sabo bis mercy,Spare Part Mobil
jual jual knob puteran kursi bekas copotan mercy tiger,Spare Part Mobil
jual stoplamp lampu mobil mercedes benz,Spare Part Mobil
jual sj bemper mercy set dgn sabuk jakarta,Spare Part Mobil
jual kaos jamnas jambore nasional mercedes benz tshirt baju,Lainnya
jual lampu truck mercy original kota,Spare Part Mobil
velg hsr spider ring pcd mercy crv hrv,Spare Part Mobil
jual modul control pintu mercy jakarta barat putra motor,Spare Part Mobil
jual karpet lantai spon ukuran cmtikar,Spare Part Mobil
jual diecast miniatur mobil jaguar pace metal series skala,Lainnya
jual alternator cummins,Spare Part Mobil
jual kaos shirt polokaos kerah polo hitam kota,Lainnya
jual bracket spring front lh rh jakarta barat,Spare Part Mobil
jual alternator deutz,Spare Part Mobil
jual rectifier silikon alternator cherokee maestro kab,Spare Part Mobil
jual sedan moraine pink pmb mainan mobil aki anak,Lainnya
jual tango hoodie jaket olahraga wanita jacket,Lainnya
jual vape vaping vapor starter kit mod tesla terminator antman,Lainnya
jual tiang sash door pintu carry fr kiri jakarta pusat,Spare Part Mobil
jual cv joint as roda assy ertiga manual original asli,Spare Part Mobil
jual sensor abs ignis original asli sgp kanan,Spare Part Mobil
jual seal trans front transmisi versneling,Spare Part Mobil
jual spion carry kanan kiri rh lh emgi suzuki,Spare Part Mobil
jual pipi carry pick up kiri jakarta barat tango motor,Spare Part Mobil
jual kampas rem suzuki baleno birkens,Spare Part Mobil
jual nozzle injector noksel injektor apv old arena carry futura,Spare Part Mobil
jual cover handle pegangan pintu mobil ertiga chrome,Aksesoris Eksterior
jual towing arb ertiga towing bar pengaman,Aksesoris Eksterior
jual ban mobil bridgestone duelee ban suzuki,Spare Part Mobil
jual master kopling atascm assy suzuki baleno,Spare Part Mobil
jual tabung knalpot standar mobil kijang super,Spare Part Mobil
jual velg racing rallyhsr velg mobil ring brio.kijang,Spare Part Mobil
jual knalpot srigala baut serigala mobil bensin,Spare Part Mobil
jual karpet karet alas lantai mobil suzuki apv,Aksesoris Interior
jual starter switch saklar kunci starter forklift mitsubishi,Spare Part Mobil
jual dudukan karpet lumpur mitsubishi canter,Spare Part Mobil
jual stoper mitsubishi canter jakarta barat,Spare Part Mobil
jual thermostat mitsubishi tama japan kota,Spare Part Mobil
jual brake pad kampas rem mitsubishi eternadangan,Spare Part Mobil
jual dinamo ampere alternator mitsubishi lancer dangan eterna,Spare Part Mobil
jual blok clos mitsubishi canter blok,Spare Part Mobil
jual doorlock kunci pintu canter,Spare Part Mobil
jual motor dinamo wiper set asli mitsubishi canter,Spare Part Mobil
jual kisi kisi ac kiri kanan original asli mitsubishi lancer evo coba,Spare Part Mobil
jual stik colokan oli gauge engine oil asli mitsubishi pajero sport,Spare Part Mobil
jual karet kaca mitsubishi canter merk ktb,Spare Part Mobil
jual colokan oli mesin blok truck mitsubishi fuso,Spare Part Mobil
jual cylinder head mitsubishi kuda bensin jakarta barat,Spare Part Mobil
jual bumper mitsubishi xpander original jakarta utara,Spare Part Mobil
jual mobil anak dorong mitsubishi xpander warna merah,Lainnya
jual aki mobil mitsubishi xpander gs astra aki kering,Spare Part Mobil
jual karpet bagasi mitsubishi xpander nissan grand,Aksesoris Interior
jual van belt set original mitsubishi kuda bensin berkualitas,Spare Part Mobil
jual pesawat kacaregulator kaca mitsubishi canter kanan,Spare Part Mobil
jual kabin pendek mitsubishi fuso,Spare Part Mobil
jual lampu bemper mitsubishi fuso led mode kedip diam,Spare Part Mobil
jual over fender mitsubishi kuda kab bogor abet fg variasi,Aksesoris Eksterior
jual setir mitshubishi galant wood stir galand original kota,Spare Part Mobil
jual begol bohel ford rangermazda kota,Spare Part Mobil
jual sarung jok paten kulit microfiber vision lugano mobil mazda,Aksesoris Interior
jual logo emblem mazda jakarta pusat jaya abadi autoparts,Aksesoris Eksterior
jual seal transmisi as roda hyundai atoz kia visto,Spare Part Mobil
jual switch kunci kontak bmw kabel original jakarta timur,Spare Part Mobil
jual master kopling assy hyundai accent verna avega,Spare Part Mobil
jual bearing set roda diesel panther,Spare Part Mobil
jual kaca quarter kanan jeep cherokee xj kota tangerang,Spare Part Mobil
jual karpet bagasi mitsubishi xpander nissan grand,Aksesoris Interior
jual karpet bagasi mitsubishi xpander nissan grand,Aksesoris Interior
jual brake master rem sentral rem x-over,Spare Part Mobil
jual kampas rem suzuki baleno birkens,Spare Part Mobil
jual coil daihatsu xenia original copotan garansi kota,Spare Part Mobil
jual engine mounting hino front jakarta barat han,Spare Part Mobil
jual lampu remstop led mobil soluna kedip kedip,Spare Part Mobil
jual handle kiri hyundai tarikan pintu out,Spare Part Mobil
jual filter bensin hyundai saringan bensin hyundai,Spare Part Mobil
jual motor blower ac mobil kia pregio kota surabaya mitra ac,Spare Part Mobil
jual dinamo stater kia pregio travello jakarta pusat toko,Spare Part Mobil
jual seal transmisi as roda hyundai atoz kia visto,Spare Part Mobil
jual lahar roda hyundai matrix bearing laher roda,Spare Part Mobil
jual van belt set original mitsubishi kuda bensin berkualitas,Spare Part Mobil
jual aki mobil innova venturer silver battery din,Spare Part Mobil
jual velg racing rallyhsr velg mobil ring brio.kijang,Spare Part Mobil
jual piston chevrolet lova std jakarta utara,Spare Part Mobil
jual filter bensin hyundai saringan bensin hyundai,Spare Part Mobil
jual peninggi suspensiganjalan join kijang superpanther,Spare Part Mobil
jual pelek mobil avanza veloz ring velg hsr wheel warna,Spare Part Mobil
jual partisi hyundai royale jakarta selatan h-one tokopedia,Aksesoris Interior
jual switch fan radiator travelo sensor water temperatur kia,Spare Part Mobil
jual aki mobil innova venturer silver battery din,Spare Part Mobil
jual kaca film solar gard black phantom wuling air ev,Aksesoris Eksterior
jual bangku jok wuling confero warna hitam,Spare Part Mobil
jual karet lampu mobil karet tutup headlamp karet seal headlamp,Spare Part Mobil
promo v-kool kaca film hyundai cicil,Aksesoris Eksterior
jual filter udara daihatsu espass original,Spare Part Mobil
jual velg mobil ring cicilan avanza veloz xenia,Spare Part Mobil
jual lampu remstop led mobil soluna kedip kedip,Spare Part Mobil
jual ban mobil ring spek mobil xenia type offroad ban,Spare Part Mobil
jual aki mobil innova venturer silver battery din,Spare Part Mobil
jual sticker transparan motif titanium interior mobil kab,Aksesoris Interior
jual toyota sprinter trueno jakarta utara baho mart,Lainnya
jual master rem altis brk jakarta barat atp motor,Spare Part Mobil
jual bumper pengaman suzuki karimun besi stanlist plus,Aksesoris Eksterior
jual terpal tutup bak pick up espas bak standar,Aksesoris Eksterior
jual aki mobil mitsubishi xpander gs astra aki kering,Spare Part Mobil
jual dop roda tutup velg mobil racing variasi crome logo hsr,Spare Part Mobil
lirik lagu tombo ati opick maknanya,Lainnya
inspirasi dekorasi valentine rumah sederhana bermakna,Lainnya
jual karpet mobil elite innova zenix fullset hitam kuning,Aksesoris Interior
jual velg racing rallyhsr velg mobil ring brio.kijang,Spare Part Mobil
model kebaya lamaran hijab modern anggun,Lainnya
jual speaker mercedes-benz e-class jakarta,Aksesoris Interior
jual resistor werstan keramik extra fan beru bmw,Aksesoris Eksterior
jual motor blower ac mobil kia pregio kota surabaya mitra ac,Spare Part Mobil
jual evaporator ac mobil toyota harrier denso seller,Spare Part Mobil
jual anak kunci pintu kunci kontak toyota avanzaxenia harga,Spare Part Mobil
jual casing remote toyota rush terbaru harga termurah,Lainnya
jual recommend radiator toyota dyna rinohino dutro,Spare Part Mobil
jual alternator innova bensin terbaru harga termurah,Spare Part Mobil
jual evaporator ac mobil nissan juke merk valeo seller tamsa,Spare Part Mobil
promo anting peninggi mitsubishi canter turbo diskon,Spare Part Mobil
jual limited emblem winglogo kap mesin agya ayla seller,Spare Part Mobil
jual kopling set ford fiesta seller shop,Spare Part Mobil
jual evap evaporator ac blower unit kijang grand denso,Spare Part Mobil
promo terlaris jas hujan setelan anak karakter motif perempuan,Lainnya
jual bendix starter pinion starter hino lohan,Spare Part Mobil
jual handle avanza terbaru harga termurah,Spare Part Mobil
jual dop roda tutup velg ban mobil daihatsu xenia terios luxio,Spare Part Mobil
jual casing remote toyota rush terbaru harga termurah,Lainnya
jual evaporator ac mobil nissan juke merk valeo seller tamsa,Spare Part Mobil
jual evaporator ac mobil toyota harrier denso seller,Spare Part Mobil
jual kopling set ford fiesta seller shop,Spare Part Mobil
jual bendix starter pinion starter hino lohan,Spare Part Mobil
jual evap evaporator ac blower unit kijang grand denso,Spare Part Mobil
jual recommend radiator toyota dyna rinohino dutro,Spare Part Mobil
jual handle avanza terbaru harga termurah,Spare Part Mobil
jual blower apv terbaru harga termurah blibli,Spare Part Mobil
jual kampas rem lpb terbaru harga termurah,Spare Part Mobil
jual piston honda accord terbaru harga termurah,Spare Part Mobil
jual kabel handbrake brio terbaru harga termurah,Spare Part Mobil
jual limited emblem winglogo kap mesin agya ayla seller,Aksesoris Eksterior
jual velg racing tuff pcd seller butik,Spare Part Mobil
promo terlaris jas hujan setelan anak karakter motif perempuan,Lainnya
promo terlaris jas hujan setelan anak karakter motif perempuan,Lainnya
jual blower apv terbaru harga termurah blibli,Spare Part Mobil
jual rem cakram set brembo terbaru harga,Spare Part Mobil
jual cover mobil chery qq terbaru harga termurah,Aksesoris Eksterior
promo anting peninggi mitsubishi canter turbo diskon,Spare Part Mobil
jual motor blower ac kia terbaru harga termurah,Spare Part Mobil
jual evaporator ac mobil toyota harrier denso seller,Spare Part Mobil
jual evaporator ac mobil nissan juke merk valeo seller tamsa,Spare Part Mobil
jual evap evaporator ac blower unit kijang grand denso,Spare Part Mobil
jual kopling set ford fiesta seller shop,Spare Part Mobil
promo anting peninggi mitsubishi canter turbo diskon,Spare Part Mobil
jual bendix starter pinion starter hino lohan,Spare Part Mobil
jual piringan cakram rotor disk brake rem panther,Spare Part Mobil
jual recommend radiator toyota dyna rinohino dutro,Spare Part Mobil
jual dinamo alternator ampere vios upgrade seller,Spare Part Mobil
jual limited emblem winglogo kap mesin agya ayla seller,Aksesoris Eksterior
jual knalpot proliner kw terbaru harga termurah,Lainnya
jual foot step kijang krista terbaru harga termurah,Aksesoris Eksterior
jual visco fan bmw,Spare Part Mobil
jual hotwheels bmw putih lot seller tedy tjandera,Lainnya
jual aki mobil gs premium astra aki,Spare Part Mobil
jual rem cakram set brembo terbaru harga,Spare Part Mobil
jual master kopling deklaher mercy seller,Spare Part Mobil
jual maybach gls original harga termurah mei blibli,Lainnya
jual hotwheels bmw putih lot seller tedy tjandera,Lainnya
pompa air harga mei blibli,Lainnya
jual aki mobil gs premium astra aki,Spare Part Mobil
jual aki motor yamaha vega zr accu mf aki kering mf,Lainnya
jual kampas rem lpb terbaru harga termurah,Spare Part Mobil
jual cover mobil chery qq terbaru harga termurah,Aksesoris Eksterior
jual motor power window baleno terbaru harga,Spare Part Mobil
jual map bening hijau original harga termurah april blibli,Spare Part Mobil
jual evap evaporator ac blower unit kijang grand denso,Spare Part Mobil
jual bendix starter pinion starter hino lohan,Spare Part Mobil
jual evaporator ac mobil nissan juke merk valeo seller tamsa,Spare Part Mobil
promo anting peninggi mitsubishi canter turbo diskon,Spare Part Mobil
jual evaporator ac mobil toyota harrier denso seller,Spare Part Mobil
jual piringan cakram rotor disk brake rem panther,Spare Part Mobil
jual kopling set ford fiesta seller shop,Spare Part Mobil
jual dinamo alternator ampere vios upgrade seller,Spare Part Mobil
jual recommend radiator toyota dyna rinohino dutro,Spare Part Mobil
jual blower apv terbaru harga termurah blibli,Spare Part Mobil
jual ban gt radial ring terbaru harga termurah,Spare Part Mobil
jual mur roda katana original murah harga diskon april,Spare Part Mobil
jual kipas fan karimun terbaru harga termurah,Spare Part Mobil
promo anting peninggi mitsubishi canter turbo diskon,Spare Part Mobil
jual kopling set plat exedy dekrup lahar mitsubishi canter,Spare Part Mobil
jual gambar mobil remot pajero terbaru harga termurah,Lainnya
jual bamper triton terbaru harga termurah,Spare Part Mobil
jual klem kabel accu terbaru harga termurah,Spare Part Mobil
jual limited emblem winglogo kap mesin agya ayla seller,Aksesoris Eksterior
jual evaporator ac mobil nissan juke merk valeo seller tamsa,Spare Part Mobil
jual evaporator ac mobil toyota harrier denso seller,Spare Part Mobil
jual evap evaporator ac blower unit kijang grand denso,Spare Part Mobil
jual kopling set ford fiesta seller shop,Spare Part Mobil
jual piringan cakram rotor disk brake rem panther,Spare Part Mobil
jual bendix starter pinion starter hino lohan,Spare Part Mobil
promo jual lampu tembak sorot led cwl cree mata watt,Spare Part Mobil
jual motor blower ac kia terbaru harga termurah,Spare Part Mobil
promo anting peninggi mitsubishi canter turbo diskon,Spare Part Mobil
jual kopling set ford fiesta seller shop,Spare Part Mobil
jual evaporator ac mobil toyota harrier denso seller,Spare Part Mobil
jual dinamo alternator ampere vios upgrade seller,Spare Part Mobil
jual evaporator ac mobil nissan juke merk valeo seller tamsa,Spare Part Mobil
jual evap evaporator ac blower unit kijang grand denso,Spare Part Mobil
jual piringan cakram rotor disk brake rem panther,Spare Part Mobil
jual bendix starter pinion starter hino lohan,Spare Part Mobil
jual recommend radiator toyota dyna rinohino dutro,Spare Part Mobil
jual kampas rem lpb terbaru harga termurah,Spare Part Mobil
jual limited emblem winglogo kap mesin agya ayla seller,Aksesoris Eksterior
jual motor power window baleno terbaru harga,Spare Part Mobil
jual fiting lampu gl pro terbaru harga termurah,Spare Part Mobil
jual ban gt radial ring terbaru harga termurah,Spare Part Mobil
jual ban gajah tunggal light terbaru harga termurah,Spare Part Mobil
jual radiator honda vario techno fi terbaru harga,Lainnya
jual headset bluetooth terbaru harga termurah,Lainnya
jual knalpot proliner kw terbaru harga termurah,Lainnya
jual mikuni komstir terbaru harga termurah blibli,Lainnya
jual foot step kijang krista terbaru harga termurah,Aksesoris Eksterior
jual knalpot bobokan revo terbaru harga termurah,Lainnya
jual kabel rem suzuki nex terbaru harga,Lainnya
jual lingkaran velg supermoto terbaru harga termurah,Spare Part Mobil
jual knalpot race pro terbaru harga termurah,Lainnya
jual noken as camshaft in ex toyota avanza xenia,Spare Part Mobil
jual bos klep starlet lapak gudang toyota bukalapak,Spare Part Mobil
jual produk ring piston toyota vios termurah terlengkap mei,Spare Part Mobil
jual produk solar minyak toyota dyna termurah terlengkap,Spare Part Mobil
jual casing transmisi manual toyota innova hilux,Spare Part Mobil
jual crankshaft kruk as toyota hilux vigo,Spare Part Mobil
jual relay lampu bulat toyota kaki sejajar lapak,Spare Part Mobil
jual gear set tipis toyota dyna yuzaka,Spare Part Mobil
jual produk filter solar truk termurah terlengkap mei,Spare Part Mobil
jual pully kruk as pulley crankshaft kijang garansi lapak,Spare Part Mobil
jual beli lampu headlamp stoplamp mobil murah mei,Spare Part Mobil
jual gantungan ban serep kijang grand lapak kayata auto,Aksesoris Eksterior
jual produk penahan lumpur mud termurah terlengkap mei,Aksesoris Eksterior
jual fly wheel roda gila gigi gendeng isuzu elf,Spare Part Mobil
jual produk bemper avanza termurah terlengkap mei,Spare Part Mobil
jual selang oli dinamo ampere alternator kijang,Spare Part Mobil
jual foot step footstep pijakan kaki kanan kiri kawasaki,Aksesoris Eksterior
jual songkok putih awing lahore lapak awing jakarta bukalapak,Lainnya
jual klip kancing pengunci pintu mobil pcs door trim panel,Spare Part Mobil
jual busi spark plug mobil daihatsu gran max ngk,Spare Part Mobil
jual gear set tipis toyota dyna yuzaka,Spare Part Mobil
jual casing transmisi manual toyota innova hilux,Spare Part Mobil
jual bos klep starlet lapak gudang toyota bukalapak,Spare Part Mobil
jual fly wheel roda gila gigi gendeng isuzu elf,Spare Part Mobil
jual pully kruk as pulley crankshaft kijang garansi lapak,Spare Part Mobil
jual noken as camshaft in ex toyota avanza xenia,Spare Part Mobil
jual beli lampu headlamp stoplamp mobil murah mei,Spare Part Mobil
jual beli lampu headlamp stoplamp mobil murah mei,Spare Part Mobil
jual produk penahan lumpur mud termurah terlengkap mei,Aksesoris Eksterior
jual casing transmisi manual toyota innova hilux,Spare Part Mobil
jual fly wheel roda gila gigi gendeng isuzu elf,Spare Part Mobil
jual dinamo starter original honda deluxe,Lainnya
jual pully kruk as pulley crankshaft kijang garansi lapak,Spare Part Mobil
jual foot step footstep pijakan kaki kanan kiri kawasaki,Aksesoris Eksterior
jual resonator peredam suara knalpot mobil,Spare Part Mobil
jual engine mounting kiri dudukan mesin hyundai santa fe,Spare Part Mobil
jual beli lampu headlamp stoplamp mobil murah mei,Spare Part Mobil
jual foot step footstep pijakan kaki kanan kiri kawasaki,Aksesoris Eksterior
jual klip kancing pengunci pintu mobil pcs door trim panel,Spare Part Mobil
jual beli lampu headlamp stoplamp mobil murah mei,Spare Part Mobil
jual beli lampu headlamp stoplamp mobil murah mei,Spare Part Mobil
jual gasket perpak paking packing blok block cylinder silinder seher,Lainnya
jual dinamo starter stater suzuki carry karimun kotak,Spare Part Mobil
jual timing belt apv baleno carry efi asli,Spare Part Mobil
jual produk piston ertiga oversize termurah terlengkap mei,Spare Part Mobil
jual produk seher ertiga std termurah terlengkap mei,Spare Part Mobil
jual bos klep starlet lapak gudang toyota bukalapak,Spare Part Mobil
jual pully kruk as pulley crankshaft kijang garansi lapak,Spare Part Mobil
jual fly wheel roda gila gigi gendeng isuzu elf,Spare Part Mobil
jual gantungan ban serep kijang grand lapak kayata auto,Aksesoris Eksterior
jual sensor oksigen oxygen agya ayla matic,Spare Part Mobil
jual soket sensor map maf airflow mitsubishi colt,Spare Part Mobil
jual selang oli dinamo ampere alternator kijang,Spare Part Mobil
jual beli lampu headlamp stoplamp mobil murah mei,Spare Part Mobil
jual fly wheel roda gila gigi gendeng isuzu elf,Spare Part Mobil
jual produk filter solar truk termurah terlengkap mei,Spare Part Mobil
jual gantungan ban serep kijang grand lapak kayata auto,Aksesoris Eksterior
jual pully kruk as pulley crankshaft kijang garansi lapak,Spare Part Mobil
jual beli pajangan produk kebumen halaman bukalapak,Lainnya
jual bos klep starlet lapak gudang toyota bukalapak,Spare Part Mobil
jual bos klep starlet lapak gudang toyota bukalapak,Spare Part Mobil
jual casing transmisi manual toyota innova hilux,Spare Part Mobil
jual noken as camshaft in ex toyota avanza xenia,Spare Part Mobil
jual beli lampu headlamp stoplamp mobil murah mei,Spare Part Mobil
jual timing belt apv baleno carry efi asli,Spare Part Mobil
jual sensor oksigen oxygen agya ayla matic,Spare Part Mobil
jual casing transmisi manual toyota innova hilux,Spare Part Mobil
jual pully kruk as pulley crankshaft kijang garansi lapak,Spare Part Mobil
jual engine mounting kiri dudukan mesin hyundai santa fe,Spare Part Mobil
jual foot step footstep pijakan kaki kanan kiri kawasaki,Aksesoris Eksterior
jual produk penahan lumpur mud termurah terlengkap mei,Aksesoris Eksterior
jual beli lampu headlamp stoplamp mobil murah mei,Spare Part Mobil
jual oli toyota tmo diesel liter kota,Oli dan Penghemat BBM
jual radiator forklift toyota manual,Spare Part Mobil
jual hanger front toyota hardtop jakarta pusat,Spare Part Mobil
jual kampas kopling toyota dynasaurus valeo,Spare Part Mobil
jual gantungan kunci mobil motor toyota kotak kulit asli maroon,Lainnya
jual filter oli daihatsu xenia toyota avanza,Spare Part Mobil
jual caliper rem toyota landcruiser kiri,Spare Part Mobil
jual kampas rem brake pad front set toyota,Spare Part Mobil
jual filter solar toyota dyna-rino,Spare Part Mobil
jual sambungan kabel speedometer toyota kijang kab bogor,Spare Part Mobil
jual vacum pump blower alternator gp volt,Spare Part Mobil
jual logo emblem toyota calya agya pengganti logo,Aksesoris Eksterior
jual plunger starter toyota kijang diesel jakarta pusat jaya,Spare Part Mobil
jual kampas rem avanza veloz jakarta,Spare Part Mobil
jual stoplamp lampu toyota sienta tipe kiri original,Spare Part Mobil
jual rumah as balance toyota alphard cc rumah as balace,Spare Part Mobil
jual karet seal tongkat transmisi manual toyota kijang,Spare Part Mobil
jual karpet toyota camry warna hitam kota yogyakarta,Aksesoris Interior
jual toyota innova zenix kasur mobil matras tidur travel,Aksesoris Interior
jual header sport toyota harrier kansai sport,Spare Part Mobil
jual filter oli daihatsu xenia toyota avanza,Spare Part Mobil
jual bos tuas tongkat stang persneleng daihatsu zebra,Spare Part Mobil
jual sensor oksigen sensor knalpot daihatsu luxio,Spare Part Mobil
jual door lock bagasi pintu daihatsu espass,Spare Part Mobil
jual baut setelan klep daihatsu taft gt rocky hiline kota banda,Spare Part Mobil
jual daihatsu grand xenia kasur mobil matras tidur travel,Aksesoris Interior
jual bohlam lampu sein xenia,Spare Part Mobil
jual karpet dasar tebal mobil swift swift jakarta utara,Aksesoris Interior
jual sambungan kabel speedometer toyota kijang kab bogor,Spare Part Mobil
jual arm stabil panjangdrag avanza xenia veloz,Spare Part Mobil
jual pegangan tangan hand grip handel baut avanza xenia,Spare Part Mobil
jual kampas rem avanza veloz jakarta,Spare Part Mobil
jual rumah saringan udara sigra agya ayla sigra,Spare Part Mobil
jual karet pelipit list kaca wheater strip espass pickup,Spare Part Mobil
jual air filter filter udara kipas taft gt,Spare Part Mobil
jual pelipit kaca pintu mobil taft rocky feroza,Spare Part Mobil
jual rangka pintu mobil ktb colt sebelah kiri kota bekasi,Spare Part Mobil
jual kaos escudo pendek kota yogyakarta oldmill,Lainnya
jual cairan pendigin radiator air coolant mobil honda liter,Oli dan Penghemat BBM
jual lis bemper civic ferio non facelift kab kediri,Spare Part Mobil
jual velg mobil classik ring hsr mirror kijang brio,Spare Part Mobil
jual tromol rem honda jazz idsi brio kab,Spare Part Mobil
jual motor fan kondensor honda crv jakarta,Spare Part Mobil
jual cat oles penghilang baret honda hr-v br-v,Aksesoris Eksterior
jual dinamo cas dinamo amper dinamo pengisian honda city vtec,Spare Part Mobil
jual sakura filter udara honda jazz honda city original,Spare Part Mobil
jual wheel dop wildop weldop ring model mobilio bahan,Spare Part Mobil
jual sarung jok mobil honda accord maestro free kota,Aksesoris Interior
promo hyundai creta prime dp ii red pearl cicil,Kendaraan
jual kopling set hyundai dekrop kopling drek laher jakarta,Spare Part Mobil
jual emblem logo grand hyundai grand avega kota bekasi,Aksesoris Eksterior
jual repairservis ecu mobil hyundai matic kab sidoarjo,Spare Part Mobil
jual coin koin block gobangan mesin cap sealing hyundai atoz kia,Lainnya
jual velg mobil pelek hsr mobil hyundai accent kota,Spare Part Mobil
rekomendasi karpet bagasi mobil hyundai creta karpet bagasi,Aksesoris Interior
jual paket oli mobil super filter hyundai grand,Oli dan Penghemat BBM
jual saringan filter udara ac changhong tipe kota,Spare Part Mobil
jual wheel dop wildop weldop ring model mobilio bahan,Spare Part Mobil
jual karet rem avanza futura g'max jakarta pusat abadi tunggal,Spare Part Mobil
jual dop truk wheeldop trek donat lubang canter dyna elf,Spare Part Mobil
jual velg topy ukuran lubang truck canter,Spare Part Mobil
jual packing paking manipol manifold api mazda capella,Spare Part Mobil
jual kampas kopling matahari bmw original,Spare Part Mobil
jual repro bemper mtech bmw kota bogor garasi,Spare Part Mobil
jual karet siku kaca bmw kab,Spare Part Mobil
jual filter udara lx mahle jakarta selatan bmw ku,Spare Part Mobil
jual bracket dudukan tabung radiator bmw,Spare Part Mobil
jual projie biled wst aes bmw inchi lampu,Spare Part Mobil
jual coffee mug bmw gelas kota bandung cloth-bdg,Lainnya
jual baju jersey printing premium motif bmw terbaru,Lainnya
jual knalpot bmw stainless kota malang rgh tokopedia,Spare Part Mobil
jual karpet toyota camry warna hitam kota yogyakarta,Aksesoris Interior
jual pelek mobil resing ring lebar cocok mobil bmw,Spare Part Mobil
jual switch fan temperatur mercy derajat swit fan jakarta timur,Spare Part Mobil
jual pen sepatu kampas rem mercy bus kab banyumas,Spare Part Mobil
jual kabel busi model lurus merk beru mercy,Spare Part Mobil
jual kampas rem bensco mercedes,Spare Part Mobil
jual kawat bulu kawat mercy kota tangerang selatan,Spare Part Mobil
jual air spring mercedes benz,Spare Part Mobil
jual safety belt mercedes-benz kab,Spare Part Mobil
jual membran bensin karburator pompa bensin,Spare Part Mobil
jual kaca spion anti fog mercedes benz kiri,Spare Part Mobil
jual propolis braziliant merci kota malang attajaya tokopedia,Lainnya
jual koenig murah terbaik harga terbaru mei tokopedia,Spare Part Mobil
jual bracket dudukan tabung radiator bmw,Spare Part Mobil
jual karpet toyota camry warna hitam kota yogyakarta,Aksesoris Interior
jual dop truk wheeldop trek donat lubang canter dyna elf,Spare Part Mobil
jual kaos baju toyota rush siluet kaos otomotif kota bandung,Lainnya
jual aki moge mf volt ampere,Spare Part Mobil
jual rectifier silikon alternator cherokee maestro kab,Spare Part Mobil
jual velg kaleng chev spin pcd lbr jakarta utara,Spare Part Mobil
jual coffee mug bmw gelas kota bandung cloth-bdg,Lainnya
jual keong coil spring mini cooper,Spare Part Mobil
jual buku kwitansi silver horse sh bisnis jakarta pusat,Lainnya
jual shock breaker trivindo suzuki ertiga,Spare Part Mobil
jual filter udara ertiga gen asli denso,Spare Part Mobil
jual karet pintu grand vitara asli sgp kanan jakarta,Spare Part Mobil
jual karet tatakan keong shock ertiga,Spare Part Mobil
jual master kopling cowok assy ertigadeklahar birken kota,Spare Part Mobil
jual isi shock carry jakarta barat tango motor,Spare Part Mobil
jual upper tank carry futura berkualitas jakarta barat dianna,Spare Part Mobil
jual velg mobil classik ring hsr mirror kijang brio,Spare Part Mobil
jual bodykit ertiga model yaris jakarta timur topkit,Spare Part Mobil
jual buku booklet brosur iklan mobil suzuki apv kab sukoharjo,Lainnya
jual as roda cv joint kopel over neo baleno matic,Spare Part Mobil
jual bearinglaher pinion gardan samping carry koyo,Spare Part Mobil
jual tabung air radiator reservoir mobil suzuki grand vitara,Spare Part Mobil
jual velg mobil luxio mega carry ring murah pelek,Spare Part Mobil
jual spion suzuki kanan kiri kota,Spare Part Mobil
jual tanduk besi stanlist mobil suzuki apv full set jakarta timur,Aksesoris Eksterior
jual compressor mitsubishi jakarta barat mitra,Spare Part Mobil
jual as roda drive shaft kanan manual mitsubishi xpander,Spare Part Mobil
jual master rem truck mitsubishi jungkit jakarta,Spare Part Mobil
jual intercooler mitsubishi pajero sport dakar matic jakarta utara,Spare Part Mobil
jual bumper mitsubishi,Aksesoris Eksterior
jual koyorad radiator mitsubishi sport,Spare Part Mobil
jual metal noken as bushing camshaft mitsubishi,Spare Part Mobil
jual karet grommet karet sil tutup klep mitsubishi,Spare Part Mobil
jual emblem cover logo mitsubishi,Aksesoris Eksterior
jual saringan udara-air filter mitsubishi xpander sakura kota,Spare Part Mobil
jual dinamo starter assy mitsubishi diesel,Spare Part Mobil
jual baterai remote kunci manual mitsubishi pajero exceed,Spare Part Mobil
jual soket servo mitsubishi galant hiu kab bogor wijaya,Spare Part Mobil
jual sticker striping mobil mitsubishi striping bak mobil,Aksesoris Eksterior
jual roof rail khusus mobil mitsubishi kuda jakarta timur toko,Aksesoris Eksterior
jual karburator mazda original bergaransi kota tangerang,Spare Part Mobil
jual sok jantung ford rangermazda pinion,Spare Part Mobil
jual packing mesin set mazda ford laser,Spare Part Mobil
jual packing paking manipol manifold api mazda capella,Spare Part Mobil
jual karburator mazda ford laser original kab,Spare Part Mobil
jual penyangga wiper upper universal mazda,Spare Part Mobil
jual metal jalan metal duduk metal ford laser taxi,Spare Part Mobil
jual hanger front toyota hardtop jakarta pusat,Spare Part Mobil
jual hanger front toyota hardtop jakarta pusat,Spare Part Mobil
jual bearing roda kia carnival cri ntn,Spare Part Mobil
jual ban mobil ceper mobil kia picanto kota cimahi,Spare Part Mobil
jual paket turun mesin kia pregio travello boring set kia jakarta,Spare Part Mobil
jual condenser condensor kondensor radiator ac mobil,Spare Part Mobil
jual sensor cam angle noken as isuzu giga fvz asli,Spare Part Mobil
jual sarung jok mobil honda accord maestro free kota,Aksesoris Interior
jual repairservis ecu mobil hyundai matic kab sidoarjo,Spare Part Mobil
jual casing remote kunci duplikat wuling cortez original asli,Lainnya
jual kampas kopling matahari bmw original,Spare Part Mobil
jual bumper etios toms original jakarta utara saj motor,Spare Part Mobil
jual header sport toyota harrier kansai sport,Spare Part Mobil
jual kopling set hyundai dekrop kopling drek laher jakarta,Spare Part Mobil
jual velg originial kaleng datsun ban ring kota,Spare Part Mobil
jual spion suzuki kanan kiri kota,Spare Part Mobil
jual velg kaleng chev spin pcd lbr jakarta utara,Spare Part Mobil
jual emblem logo grand hyundai grand avega kota bekasi,Aksesoris Eksterior
jual filter solar toyota dyna-rino,Spare Part Mobil
jual pelek mobil resing ring lebar cocok mobil bmw,Spare Part Mobil
jual keong coil spring suzuki grand escudo,Spare Part Mobil
jual terpal tutup bak pick up espas bak standar,Aksesoris Eksterior
jual bearing clutch kampas kopling dek laher set suzuki every,Spare Part Mobil
jual velg topy ukuran lubang truck canter,Spare Part Mobil
jual paket velg ring hsr tragah plus ban accelera,Spare Part Mobil
jual aki mobil gs gold shine aki kering,Spare Part Mobil
jual air spring mercedes benz,Spare Part Mobil
jual mainan mobil toyota avanza original harga termurah mei,Lainnya
jual aki mobil toyota prado gs astra aki kering ah,Spare Part Mobil
promo seal kit pompa power steering toyota kijang super,Spare Part Mobil
jual pelampung bensin toyota kijang kapsul lgx seller letsbuy,Spare Part Mobil
promo cross joint kopel toyota kijang kapsul gmb,Spare Part Mobil
jual dinamo ampere toyota kijang ampere,Spare Part Mobil
promo gasket paking transmisi matic toyota noah alphard,Spare Part Mobil
promo seal as roda kiri toyota camry hybrid diskon,Spare Part Mobil
jual tutup radiator mobil toyota avanza xenia sigra calya,Spare Part Mobil
jual evaporator evap ac toyota innova fortuner denso,Spare Part Mobil
jual space arm toyota fortuner seller tamsa shop menteng,Spare Part Mobil
jual oli matic toyota t-iv,Oli dan Penghemat BBM
jual list body mobil toyota agya seller sky auto variasi,Spare Part Mobil
jual aki mobil toyota hilux gs premium astra,Spare Part Mobil
promo seal kruk as toyota yaris vios limo diskon,Spare Part Mobil
jual radiator toyota kijang super seller tamsa shop,Spare Part Mobil
promo joint transmisi forklift toyota diskon seller,Spare Part Mobil
jual radiator toyota dyna ht volt seller shop,Spare Part Mobil
jual switch vacuum vacum vakum kijang super,Spare Part Mobil
jual dinamo starter kijang capsul bensin toyota made in,Spare Part Mobil
promo buah seal roda toyota kijang super grand,Spare Part Mobil
jual boskit stir mobil kijang kotak toyota hkb japan stear racing,Spare Part Mobil
jual spion land cruiser vx original toyota kanan,Spare Part Mobil
jual master kopling clutch master sanyco toyota solunavioslimo,Spare Part Mobil
jual auto lock voxy pademangan timur kota jakarta utara blibli,Spare Part Mobil
promo wiper mobil nissan x-trail bosch,Spare Part Mobil
jual karpet vellfire terbaru harga termurah blibli,Aksesoris Interior
jual limited motor wiper ori,Spare Part Mobil
jual glm kampas rem fr hiace seller halokita.com jln,Spare Part Mobil
jual paking knalpot paking sambungan knalpot daihatsu xenia,Spare Part Mobil
promo seal nap roda land cruiser oli sil as,Spare Part Mobil
jual refill karet wiper nwb inch hybrid design sapu kaca,Spare Part Mobil
jual aki mobil ford laser series gs astra aki basah,Spare Part Mobil
jual terbaik panel wiper hino dutro asli eksklusif seller,Spare Part Mobil
jual lampu sen spion nissan serena hws original kiri,Spare Part Mobil
jual worm steering assy seller,Spare Part Mobil
jual kanvaskampas rem escudo merk daimaru,Spare Part Mobil
promo busi agya ayla sigra cc denso original,Spare Part Mobil
promo stopper karet boot shock granmax luxio gran max,Spare Part Mobil
jual paking knalpot paking sambungan knalpot daihatsu xenia,Spare Part Mobil
jual dop roda tutup velg ban mobil daihatsu xenia terios luxio,Spare Part Mobil
promo seal ker kruk as crank shaft xenia merk,Spare Part Mobil
jual aki mobil daihatsu terios gs astra aki kering,Spare Part Mobil
jual thermostat sirion daihatsu seller letsbuy store,Spare Part Mobil
jual kabel gigi versneling transmisi daihatsu grand max luxio,Spare Part Mobil
jual lampu sen spion nissan serena hws original kiri,Spare Part Mobil
jual kode asli coil xenia cc terbaru harga,Spare Part Mobil
jual boskit stir mobil kijang kotak toyota hkb japan stear racing,Spare Part Mobil
jual glm kampas rem fr hiace seller halokita.com jln,Spare Part Mobil
jual kanvaskampas rem escudo merk daimaru,Spare Part Mobil
promo karet kaca pintu kanan part,Spare Part Mobil
jual worm steering assy seller,Spare Part Mobil
promo wiper mobil nissan x-trail bosch,Spare Part Mobil
jual aki mobil toyota prado gs astra aki kering ah,Spare Part Mobil
jual kabel mobil kepala aki original,Spare Part Mobil
jual spion honda grand civic lx modifikasi sepasang kiri,Spare Part Mobil
promo adaptor flange turbo inlet pipe open filter civic turbo fc,Spare Part Mobil
jual aki mobil honda accord maestro incoe gold aki,Spare Part Mobil
jual aki mobil honda accord maestro incoe gold aki,Spare Part Mobil
promo pipa selang tangki bensin honda brio mobilio original,Spare Part Mobil
jual condensor kondensor ac mobil honda mobilio seller,Spare Part Mobil
jual cv joint as roda askopel civic sport civic,Spare Part Mobil
promo filter oli saringan oli mobil honda jazz crv civic freed,Spare Part Mobil
jual engine mounting kanan matic,Spare Part Mobil
promo karet stabil accord maestro accord cielo diskon,Spare Part Mobil
jual aki mobil honda crv gs mf aki kering ah,Spare Part Mobil
jual motor fan dinamo radiator honda jazz rsbrio asli seller,Spare Part Mobil
jual honda hrv sensor abs kiri seller letsbuy store,Spare Part Mobil
jual sale aki mobil honda hrv gs astra aki kering,Spare Part Mobil
promo seal gardan seal as roda kiri cielo maestro accord vtil,Spare Part Mobil
jual termurah emblem bagasi tulisan crv honda crv,Spare Part Mobil
jual glm kampas rem fr hiace seller halokita.com jln,Spare Part Mobil
jual kanvaskampas rem escudo merk daimaru,Spare Part Mobil
jual tutup radiator mobil toyota avanza xenia sigra calya,Spare Part Mobil
jual list body mobil toyota agya seller sky auto variasi,Spare Part Mobil
promo premium pelampung bensin avanzaxenia murah diskon,Spare Part Mobil
jual lampu sen spion nissan serena hws original kiri,Spare Part Mobil
promo selang air tutup radiator meteran limited diskon,Spare Part Mobil
jual aki mobil toyota prado gs astra aki kering ah,Spare Part Mobil
jual lampu sen spion kia sportage satuan kiri seller paris,Spare Part Mobil
jual kaca cermin spion honda jazz rs kanan kiri kanan,Spare Part Mobil
jual spion land cruiser vx original toyota kanan,Spare Part Mobil
jual pelak bus original harga termurah april blibli,Spare Part Mobil
promo hyundai hdg genset silent inverter portable,Lainnya
jual worm steering assy seller,Spare Part Mobil
jual paking knalpot paking sambungan knalpot daihatsu xenia,Spare Part Mobil
jual kabel mobil kepala aki original,Spare Part Mobil
promo seal as roda suzuki ertiga manual asli diskon,Spare Part Mobil
promo seal kruk as toyota yaris vios limo diskon,Spare Part Mobil
promo seal kit pompa power steering toyota kijang super,Spare Part Mobil
jual radiator mitsubishi colt diesel jungkit,Spare Part Mobil
jual extrafan kondensor ac mobil universal minibus bus,Aksesoris Eksterior
jual thermostat sirion daihatsu seller letsbuy store,Spare Part Mobil
jual selang radiator bmw seller,Spare Part Mobil
promo seal klep bmw,Spare Part Mobil
jual visco fan bmw,Spare Part Mobil
jual laher bmw terbaru harga termurah blibli,Spare Part Mobil
jual bak carter oli mesin bmw seller shop,Spare Part Mobil
jual lampu sen spion nissan serena hws original kiri,Spare Part Mobil
jual aki mobil toyota hilux gs premium astra,Spare Part Mobil
jual kopling set mercedes benz eyes mercy luk,Spare Part Mobil
jual visco fan bensco mercy,Spare Part Mobil
jual pompa bensinrotakfuel pumpkecil mercedes benz,Spare Part Mobil
promo packing carter matic mercy diskon seller,Spare Part Mobil
jual selang bensin cohline selang bensin mercy boxer,Spare Part Mobil
jual recommended karet stabil lemforder stabilizer,Spare Part Mobil
jual kap mesin mercedes benz seller letsbuy store,Spare Part Mobil
jual master kopling mercy seller shop,Spare Part Mobil
jual special promo selang tanki radiator kompressor,Spare Part Mobil
jual recommend kopling set luk,Spare Part Mobil
jual cas wahl clipper cordless pro lithium alat cukur rambut,Lainnya
promo lampu daymaker inch kotak motor mobil jeep,Spare Part Mobil
jual aki motor bajaj pulsar gs premium astra aki,Lainnya
promo lampu stoplamp brake lamp segitiga merah diskon,Spare Part Mobil
jual aki mobil toyota hilux gs premium astra,Spare Part Mobil
promo lampu senja sein plafon bagasi led bayonet,Spare Part Mobil
promo filter solar bus bis hino kp,Spare Part Mobil
jual glm kampas rem fr hiace seller halokita.com jln,Spare Part Mobil
promo no brand aki motor vixion byson nvl gs mf,Lainnya
jual ban forklift gajah tunggal gt,Spare Part Mobil
promo seal as roda suzuki ertiga manual asli diskon,Spare Part Mobil
jual water pumppompa air suzuki aeriobaleno,Spare Part Mobil
jual aki mobil suzuki ertiga baleno swift go-battery,Spare Part Mobil
jual plat kopling grand vitara grand vitara,Spare Part Mobil
jual water pump pompa air suzuki ertiga karimun estilo ignis,Spare Part Mobil
jual kipas radiator ertiga alltype asli suzuki seller letsbuy,Spare Part Mobil
jual jual master kopling deklahar deklaher ertiga swift,Spare Part Mobil
promo oil seal pinion seal sil gardan apv arena mega carry,Spare Part Mobil
jual pipa master kopling grand vitara seller store,Spare Part Mobil
promo selang sirkulasi air radiator apv arena mega carry asli,Spare Part Mobil
jual termurah foglamp baleno next terbaru seller topsmant,Aksesoris Eksterior
jual talang air mobil futura terbaru harga termurah,Spare Part Mobil
jual worm steering assy seller,Spare Part Mobil
jual kabel mobil kepala aki original,Spare Part Mobil
promo oli seal transmisi matic pajero diskon seller esmee,Spare Part Mobil
jual paking knalpot paking sambungan knalpot daihatsu xenia,Spare Part Mobil
promo seal kruk as toyota yaris vios limo diskon,Spare Part Mobil
promo seal kit pompa power steering toyota kijang super,Spare Part Mobil
promo seal as roda twincam-soluna,Spare Part Mobil
jual aki mobil ford laser series gs astra aki basah,Spare Part Mobil
jual water pump suzuki karimun kotak seller letsbuy store,Spare Part Mobil
jual master kopling mercy seller shop,Spare Part Mobil
jual radiator soluna manual cooltec seller tamsa shop,Spare Part Mobil
jual selang radiator samco starlet manual biru seller tamsa,Spare Part Mobil
jual selang radiator samco great corolla seller,Spare Part Mobil
jual special metal duduk standar mitsubishi diesel asli daido,Spare Part Mobil
jual fanbelt ford fiesta thailand seller,Spare Part Mobil
jual space arm toyota fortuner seller tamsa shop menteng,Spare Part Mobil
jual kabel kopling avanza xenia non vvti seller letsbuy store,Spare Part Mobil
jual cover kit starter tutup bendix mitsubishi,Spare Part Mobil
jual honda hrv sensor abs kiri seller letsbuy store,Spare Part Mobil
jual bak carter oli mesin bmw seller shop,Spare Part Mobil
jual sst tool denso injector commonrail pin seller letsbuy,Spare Part Mobil
jual radiator mitsubishi kuda diesel fuul almunium manual,Spare Part Mobil
jual armature angker starter,Spare Part Mobil
jual paking carter oli mesin bmw,Spare Part Mobil
jual dinamo starter suzuki futura apv futura injection,Spare Part Mobil
jual kipas radiator komplit extra fan ekstra fan datsun go asli,Aksesoris Eksterior
jual radiator mitsubishi cold diesel ps seller tamsa shop,Spare Part Mobil
promo metal jalan con rod std kijang grand kijang kapsul,Spare Part Mobil
jual blower motor only denso merek ag seller,Spare Part Mobil
jual water pump pompa air agya ayla calya sigra seller,Spare Part Mobil
jual adapter sambungan kabel spidometer dyna saurus hino,Spare Part Mobil
jual sticker stiker canter fuso asli mitsubishi,Aksesoris Eksterior
jual radiator mitsubishi ragasa seller tamsa shop,Spare Part Mobil
jual aki mobil mitsubishi lancer incoe mf astra aki kering,Spare Part Mobil
jual mitsubishi thermal overload relay,Spare Part Mobil
promo burung burung rocker arm pelatuk klep mitsubishi triton,Lainnya
jual bearing kopling mitsubishi mirage seller letsbuy store,Spare Part Mobil
jual aki mobil mitsubishi triton gs astra premium aki basah,Spare Part Mobil
jual amplifier thermistor mitsubishi kuda seller letsbuy store,Spare Part Mobil
jual motor dinamo kipas fan ac radiator denso mitsubishi mirage,Spare Part Mobil
jual radiator mitsubishi cold diesel ps seller tamsa shop,Spare Part Mobil
jual radiator mitsubishi cold diesel ps seller tamsa shop,Spare Part Mobil
jual handle handel pintu mitsubishi triton asli,Spare Part Mobil
jual dinamo starter gp mitsubishi fuso,Spare Part Mobil
jual radiator mitsubishi colt diesel jungkit,Spare Part Mobil
promo garnish garnis lampu headlamp mobil mitsubishi,Aksesoris Eksterior
jual boster booster rem mitsubishi pajero sporttriton,Spare Part Mobil
jual mitsubishi nfbmccb,Lainnya
jual radiator mitsubishi kuda diesel fuul almunium manual,Spare Part Mobil
jual promo kampas kopling set mitsubishi hdx seller,Spare Part Mobil
jual kampas kopling set mitsubishi triton pajero sport,Spare Part Mobil
jual dinamo alternator gp mitsubishi fuso fighter seller,Spare Part Mobil
jual cover spion mitsubishi xpander harga satuan kiri abu-abu,Spare Part Mobil
jual special metal duduk standar mitsubishi diesel asli daido,Spare Part Mobil
jual recommended aki mobil mitsubishi pajero sport,Spare Part Mobil
jual cover kit starter tutup bendix mitsubishi,Spare Part Mobil
jual rellay relay glow plug busi pemanas mitsubishi diesel,Spare Part Mobil
jual ic regulator alternator kuda bensin terbaru harga,Spare Part Mobil
jual kanvaskampas rem escudo merk daimaru,Spare Part Mobil
promo wiper mobil nissan x-trail bosch,Spare Part Mobil
promo filter oli saringan oli mobil honda jazz crv civic freed,Spare Part Mobil
jual kaca daun pajero terbaru harga termurah,Spare Part Mobil
jual glm kampas rem fr hiace seller halokita.com jln,Spare Part Mobil
promo busi agya ayla sigra cc denso original,Spare Part Mobil
jual tutup radiator mobil toyota avanza xenia sigra calya,Spare Part Mobil
jual list body mobil toyota agya seller sky auto variasi,Spare Part Mobil
jual lampu sen spion kia sportage satuan kiri seller paris,Spare Part Mobil
promo seal nap roda land cruiser oli sil as,Spare Part Mobil
promo seal as roda mazda sebelah kiri seal kopel mazda,Spare Part Mobil
jual stabil stabilizer mazda non sky,Spare Part Mobil
jual aki mobil ford laser series gs astra aki basah,Spare Part Mobil
promo wiper mobil nissan x-trail bosch,Spare Part Mobil
jual aki mobil toyota prado gs astra aki kering ah,Spare Part Mobil
jual aki mobil mitsubishi triton gs astra premium aki basah,Spare Part Mobil
jual aki mobil kia carnival bensin gs astra premium,Spare Part Mobil
jual aki mobil daihatsu terios gs astra aki kering,Spare Part Mobil
jual sale aki mobil honda hrv gs astra aki kering,Spare Part Mobil
jual recommended aki mobil chevrolet spin din gs mf,Spare Part Mobil
jual shinko terbaru mei original official store,Spare Part Mobil
jual aki mobil honda crv gs mf aki kering ah,Spare Part Mobil
jual aki mobil kia carnival bensin gs astra premium,Spare Part Mobil
jual bearing kopling mitsubishi mirage seller letsbuy store,Spare Part Mobil
jual jual master kopling deklahar deklaher ertiga swift,Spare Part Mobil
jual switch vacuum vacum vakum kijang super,Spare Part Mobil
jual worm steering assy seller,Spare Part Mobil
jual radiator soluna manual cooltec seller tamsa shop,Spare Part Mobil
jual thermostat sirion daihatsu seller letsbuy store,Spare Part Mobil
promo oli seal transmisi matic pajero diskon seller esmee,Spare Part Mobil
jual paking knalpot paking sambungan knalpot daihatsu xenia,Spare Part Mobil
promo seal as roda suzuki ertiga manual asli diskon,Spare Part Mobil
jual water pump suzuki karimun kotak seller letsbuy store,Spare Part Mobil
jual selang radiator samco starlet manual biru seller tamsa,Spare Part Mobil
jual radiator mitsubishi cold diesel ps seller tamsa shop,Spare Part Mobil
jual kabel mobil kepala aki original,Spare Part Mobil
jual fanbelt ford fiesta thailand seller,Spare Part Mobil
promo seal kruk as toyota yaris vios limo diskon,Spare Part Mobil
jual cover kit starter tutup bendix mitsubishi,Spare Part Mobil
jual master kopling mercy seller shop,Spare Part Mobil
jual radiator mitsubishi kuda diesel fuul almunium manual,Spare Part Mobil
jual aki mobil honda accord maestro incoe gold aki,Spare Part Mobil
jual list body mobil toyota agya seller sky auto variasi,Spare Part Mobil
jual lampu sen spion kia sportage satuan kiri seller paris,Spare Part Mobil
promo adaptor flange turbo inlet pipe open filter civic turbo fc,Spare Part Mobil
jual pompa ban motor sepeda mobil kompaan ban motor pompa,Lainnya
jual tutup radiator mobil toyota avanza xenia sigra calya,Spare Part Mobil
promo stopper karet boot shock granmax luxio gran max,Spare Part Mobil
promo busi agya ayla sigra cc denso original,Spare Part Mobil
jual kaca cermin spion honda jazz rs kanan kiri kanan,Spare Part Mobil
promo oil seal pinion seal sil gardan apv arena mega carry,Spare Part Mobil
jual spion land cruiser vx original toyota kanan,Spare Part Mobil
jual termurah emblem bagasi tulisan crv honda crv,Aksesoris Eksterior
promo wiper mobil nissan x-trail bosch,Spare Part Mobil
jual kode asli coil xenia cc terbaru harga,Spare Part Mobil
jual sedotan bensin plastik terbaru harga termurah,Spare Part Mobil
jual lampu jet bus terbaru harga termurah,Spare Part Mobil
jual kunci kotrek terbaru harga termurah,Spare Part Mobil
jual cover knalpot beat deluxe ori terbaru harga,Lainnya
jual penutup tangki megapro terbaru harga termurah,Spare Part Mobil
jual velg honda scoopy ring terbaru harga termurah,Lainnya
jual motor bebek terbaru harga termurah,Kendaraan
jual shock ohlins terbaru harga termurah,Lainnya
jual bos rumah kopling karisma terbaru harga termurah,Lainnya
jual ic regulator alternator kuda bensin terbaru harga,Spare Part Mobil
jual karet manipol vario karbu terbaru harga,Lainnya
jual agv winter size xxl terbaru harga termurah,Lainnya
jual mika lampu alis vario terbaru harga termurah,Lainnya
jual ban tubeless motor vario terbaru,Lainnya
jual mitsuboshi terbaru harga termurah blibli,Spare Part Mobil
jual saklar ac kijang kapsul terbaru harga termurah,Spare Part Mobil
jual thermostat toyota kijang diesel diesel,Spare Part Mobil
jual bos klep starlet lapak gudang toyota bukalapak,Spare Part Mobil
jual filter matic toyota daihatsu agya ayla sirion lapak unggul,Spare Part Mobil
jual produk sill plate toyota fortuner termurah terlengkap,Aksesoris Eksterior
jual produk pintu mobil toyota fortuner termurah terlengkap,Spare Part Mobil
jual beli grill bumper mobil online murah mei halaman,Spare Part Mobil
jual beli stir mobil aksesoris interior mobil murah halaman,Spare Part Mobil
jual transmisi matic gearbox matic mithubishi pajero sport,Spare Part Mobil
jual selang oli dinamo ampere alternator kijang,Spare Part Mobil
jual produk warna hitam kaos termurah terlengkap mei,Lainnya
jual foot step footstep pijakan kaki kanan kiri kawasaki,Aksesoris Eksterior
jual songkok putih awing lahore lapak awing jakarta bukalapak,Lainnya
jual paket tanduk fortuner cobra besi,Aksesoris Eksterior
jual kabel body engine wire instrumental rush,Spare Part Mobil
jual produk valve tappet klep valve klep termurah,Spare Part Mobil
jual set kuping tanduk bumper bemper rear daihatsu,Aksesoris Eksterior
jual produk original daihatsu taft termurah,Spare Part Mobil
jual produk lumpur mud guard daihatsu taft termurah,Aksesoris Eksterior
jual produk body daihatsu taft termurah terlengkap mei,Spare Part Mobil
jual cat oles mobil white pearl metallic daihatsu xenia putih,Aksesoris Eksterior
jual beli grill bumper mobil online murah mei halaman,Spare Part Mobil
jual bos klep starlet lapak gudang toyota bukalapak,Spare Part Mobil
jual paket tanduk fortuner cobra besi,Aksesoris Eksterior
jual flosser sekring mini sekering tancap dx fuse mobil motor,Spare Part Mobil
jual transmisi matic gearbox matic mithubishi pajero sport,Spare Part Mobil
jual kemeja seragam dealer honda kerah merah putih lapak,Lainnya
jual kabel body engine wire instrumental rush,Spare Part Mobil
jual produk pintu mobil toyota fortuner termurah terlengkap,Spare Part Mobil
jual hiasan dinding ukiran kayu topeng celuluk leak bali lapak,Lainnya
jual waterstrip lis pelipit kaca city old city lapak bobs market,Spare Part Mobil
jual beli stir mobil aksesoris interior mobil murah halaman,Aksesoris Interior
jual produk ring baut roda gila termurah terlengkap mei,Spare Part Mobil
jual transmisi matic gearbox matic mithubishi pajero sport,Spare Part Mobil
jual flosser sekring mini sekering tancap dx fuse mobil motor,Spare Part Mobil
jual foot step footstep pijakan kaki kanan kiri kawasaki,Aksesoris Eksterior
jual produk kentang termurah terlengkap mei bukalapak,Lainnya
jual produk original daihatsu taft termurah,Spare Part Mobil
jual karpet mie hyundai stargazer full bagasi,Aksesoris Interior
jual ban mobil ring tubles murah accelera iota,Spare Part Mobil
jual transmisi matic gearbox matic mithubishi pajero sport,Spare Part Mobil
jual produk ring baut roda gila termurah terlengkap mei,Spare Part Mobil
jual beli grill bumper mobil online murah mei halaman,Spare Part Mobil
jual foot step footstep pijakan kaki kanan kiri kawasaki,Aksesoris Eksterior
jual produk pintu mobil toyota fortuner termurah terlengkap,Spare Part Mobil
jual produk sensor spull termurah terlengkap mei,Spare Part Mobil
jual beli grill bumper mobil online murah mei halaman,Spare Part Mobil
jual produk warna hitam kaos termurah terlengkap mei,Lainnya
jual beli grill bumper mobil online murah mei halaman,Spare Part Mobil
jual box rumah filter udara honda win,Spare Part Mobil
jual produk sticker carry futura pick up termurah terlengkap,Aksesoris Eksterior
jual bos klep starlet lapak gudang toyota bukalapak,Spare Part Mobil
jual beli stir mobil aksesoris interior mobil murah halaman,Spare Part Mobil
jual gigi bolu set gigi gardan ford ranger komplit asli,Spare Part Mobil
jual karet mobil termurah terlengkap mei bukalapak,Spare Part Mobil
jual double nut mur baut roda truk hino jumbo lohan dutro,Spare Part Mobil
jual flosser sekring mini sekering tancap dx fuse mobil motor,Spare Part Mobil
jual beli grill bumper mobil online murah mei halaman,Spare Part Mobil
jual karet lubang kunci jok suzuki rc sprinter crystal,Spare Part Mobil
jual produk sensor spull termurah terlengkap mei,Spare Part Mobil
jual ic regulator ic alternator mitsubishi kuda bensin,Spare Part Mobil
jual komponen alat mesin resistor blower ac mobil mitsubishi,Spare Part Mobil
jual motor penggerak wiper asli mitsubishi outlander istana,Spare Part Mobil
jual transmisi matic gearbox matic mithubishi pajero sport,Spare Part Mobil
jual thermostat toyota kijang diesel diesel,Spare Part Mobil
jual selang oli dinamo ampere alternator kijang,Spare Part Mobil
jual setelan kebaya batik couple kebaya modern atasan wanita,Lainnya
jual paket tanduk fortuner cobra besi,Aksesoris Eksterior
jual beli stir mobil aksesoris interior mobil murah halaman,Aksesoris Interior
jual produk sticker carry futura pick up termurah terlengkap,Aksesoris Eksterior
jual waterstrip lis pelipit kaca city old city lapak bobs market,Spare Part Mobil
jual produk berlian hitam termurah terlengkap mei,Lainnya
jual gigi bolu set gigi gardan ford ranger komplit asli,Spare Part Mobil
jual produk valve tappet klep valve klep termurah,Spare Part Mobil
jual bos klep starlet lapak gudang toyota bukalapak,Spare Part Mobil
jual produk drawstring bag termurah terlengkap mei,Lainnya
jual beli grill bumper mobil online murah mei halaman,Spare Part Mobil
jual produk pintu mobil toyota fortuner termurah terlengkap,Spare Part Mobil
jual hiasan dinding ukiran kayu topeng celuluk leak bali lapak,Lainnya
jual gigi bolu set gigi gardan ford ranger komplit asli,Spare Part Mobil
jual waterstrip lis pelipit kaca city old city lapak bobs market,Spare Part Mobil
jual selang radiator ford ecosport titanium hose,Spare Part Mobil
jual beli grill bumper mobil online murah mei halaman,Spare Part Mobil
jual produk valve tappet klep valve klep termurah,Spare Part Mobil
jual produk kawat seling termurah terlengkap mei,Lainnya
jual karet lubang kunci jok suzuki rc sprinter crystal,Spare Part Mobil
jual produk ring baut roda gila termurah terlengkap mei,Spare Part Mobil
jual transmisi matic gearbox matic mithubishi pajero sport,Spare Part Mobil
jual foot step footstep pijakan kaki kanan kiri kawasaki,Aksesoris Eksterior
jual bushing karet spring shackle anting toyota hardtop,Spare Part Mobil
jual paking tutup klep gasket cover toyota agya ayla,Spare Part Mobil
jual hanger dudukan kanan toyota,Aksesoris Interior
jual brake master kit bm kit isi master rem,Spare Part Mobil
jual push rod sumpit klep toyota kijang kapsul,Spare Part Mobil
jual jok supir penumpang toyota dyna hino dutro kota,Spare Part Mobil
jual power back door pintu bagasi elektrik toyota,Spare Part Mobil
jual brake shoe kampas rem toyota rino,Spare Part Mobil
jual cover spion sienta terlengkap harga murah mei cicil,Spare Part Mobil
jual carfit executive toyota sienta double layer karpet mobil,Aksesoris Interior
jual emblem logo black chrome toyota calya jakarta,Aksesoris Eksterior
jual toyota kijang innova zenix cover leather seat kursi jok mobil,Spare Part Mobil
jual emblem logo depanbelakang toyota ukuran agya,Aksesoris Eksterior
jual piston kaliper-piston rem innova reborn original,Spare Part Mobil
jual dinamo starter toyota kijang innova fortuner hilux bensin,Spare Part Mobil
jual emgi spion kiri toyota kijang super kab,Spare Part Mobil
jual kisi kisi grill grill ac toyota kijang,Spare Part Mobil
jual platina kijang toyota pn jakarta,Spare Part Mobil
jual emblem logo toyota grand avanza veloz jakarta,Aksesoris Eksterior
jual cover pilar kaca raize rocky original harga satuan,Spare Part Mobil
jual lower arm sayap sebelah kanan toyota fortunerhilux,Spare Part Mobil
jual tomica toyota set kota bogor hobbykoleksi,Lainnya
jual bearing roda toyota dyna,Spare Part Mobil
jual kabel transmisi mundur daihatsu jakarta,Spare Part Mobil
jual pelampung tangki solar daihatsu taft gt jakarta pusat,Spare Part Mobil
jual suling klep daihatsu jakarta selatan bongel oto shop,Spare Part Mobil
jual cat oles penghilang baret daihatsu purplish,Aksesoris Eksterior
jual kaca spion kanan kiri daihatsu taft gt feroza kota,Spare Part Mobil
jual karet pelipit lis list kaca wheater strip mobil daihatsu taft kebo,Spare Part Mobil
jual toko velg mobil bogor jual velg hsr,Spare Part Mobil
jual regulator kaca original toyota altis jakarta pusat,Spare Part Mobil
jual kampas rem taftrocky independentferoza,Spare Part Mobil
jual kabel setelan gas mitsubishi kota medan auto,Spare Part Mobil
jual emblem logo depanbelakang toyota ukuran agya,Aksesoris Eksterior
jual seal oli tongkat persneling honda hrv civic accord odyssey,Spare Part Mobil
jual kisi kisi ac honda accord original jakarta,Spare Part Mobil
jual soket alternator honda city jazz crv accord kota depok,Spare Part Mobil
jual motor spion lipat honda hrv retract spion lipat,Spare Part Mobil
jual karpet mobil honda wrv bihun premium,Aksesoris Interior
jual bumper airwalker civic ferio ek kota tangerang,Spare Part Mobil
jual velg mobil enkei irs velg racing brio city freed vios,Spare Part Mobil
jual klip kancing baut ripet bemper mobil honda brio mobilio,Spare Part Mobil
jual mika lampu brio kanan kota depok,Spare Part Mobil
jual velg ssw velg racing ring innova hrv civic,Spare Part Mobil
jual spion mobil taft gt kanan kota surabaya toko spion,Spare Part Mobil
jual karet stabil hyundai genuine hmi karet stabilizer,Spare Part Mobil
jual brake pad hyundai tucson kia sportage kampas,Spare Part Mobil
jual motor fan hyundai creta asli kota tangerang,Spare Part Mobil
jual handle pintu kiri atoz visto tarikam pintu kiri,Spare Part Mobil
jual filter udara kijang diesel jakarta barat,Spare Part Mobil
jual kabel gas mazda glx jakarta barat prisma,Spare Part Mobil
jual piano samick akustik piano bekas piano second akustik alat,Lainnya
jual carfit executive toyota sienta double layer karpet mobil,Aksesoris Interior
jual blower keong inch modern kipas sate,Spare Part Mobil
jual master kopling ford rangereverestmazda,Spare Part Mobil
jual karpet mobil premium bmw mie bihun warna hijau,Aksesoris Interior
jual filter hidrolik hydraulic filter volvo voe voe,Spare Part Mobil
jual kaca spion bmw original termurah retrac jakarta pusat,Spare Part Mobil
jual selang dempet bmw selang dempet,Spare Part Mobil
jual karpet mobil premium bmw mie bihun warna hijau,Aksesoris Interior
jual bmw mineral water burung liter kota depok greenpet,Spare Part Mobil
jual kamera mundur sienta terlengkap harga murah mei,Aksesoris Interior
jual bumper airwalker civic ferio ek kota tangerang,Spare Part Mobil
jual motor aki pcx mainan anak include charger musik,Lainnya
jual engine mounting engine mercy,Spare Part Mobil
jual harga pcs kanvas rem blkg mercy axor,Spare Part Mobil
jual parfum mercedes benz for men edt original perfume,Lainnya
jual headlamp lampu mercedes benz,Spare Part Mobil
jual stop engine jakarta barat kk,Spare Part Mobil
jual slinger rumbai-rumbai hiasan kawat bulu ready,Lainnya
jual baut roda volvo merk ksy baja jakarta barat,Spare Part Mobil
jual cincin ring polos kawin emas kota tangerang,Lainnya
jual selang dempet bmw selang dempet,Spare Part Mobil
jual baut rivet velg mobil kunci bulat kota tangerang,Spare Part Mobil
jual engine mounting dudukan mesin kanan grand vitara escudo,Spare Part Mobil
jual selang ventilator oli suzuki baleno aerio,Spare Part Mobil
jual kampas rem cakram brake pad ertiga mazda non,Spare Part Mobil
jual paket oli castrol magnatec filter mobil,Oli dan Penghemat BBM
jual velg jari jari ring hsr tsukuba pelek mobil xpander,Spare Part Mobil
jual kampas rem calyasigramega carry birkens kab,Spare Part Mobil
jual cat oles penghilang baret daihatsu purplish,Aksesoris Eksterior
jual toko velg mobil bogor jual velg hsr,Spare Part Mobil
jual angker armature starter mitsubishi diesel,Spare Part Mobil
jual kompresor ac siam kompresor mitsubishi,Spare Part Mobil
jual mur roda only mitsubishi lh kota,Spare Part Mobil
jual panel kabin corner kanan canter,Spare Part Mobil
jual gasket cylinder head packing head paking kop,Spare Part Mobil
jual as roda stik as mitsubishi hdl,Spare Part Mobil
jual as pen pin gigi mundur atret mitsubishi ps canter,Spare Part Mobil
jual engsel bak mitsubishi diesel original kota tangerang,Spare Part Mobil
jual packing cylinder head kop deksel injeksi,Spare Part Mobil
jual pulpen boxy mitsubishi biru kota balikpapan cendekia atk,Lainnya
jual pipa selang flexibel mitsubishi canter turbo jakarta,Spare Part Mobil
jual gigi satelit gigi bolu mitsubishi colt diesel,Spare Part Mobil
jual ban mobil mitsubishi bridgestone duravis,Spare Part Mobil
jual keong coil spring mitsubishi pajero sport,Spare Part Mobil
jual bemper mitsubishi kuda jakarta pusat sparepart,Spare Part Mobil
jual flange pinion tapak gardan mitsubishi canter ps,Spare Part Mobil
jual kuku klep collar split kuku macan mitsubishi,Spare Part Mobil
jual kabel setelan gas mitsubishi kota medan auto,Spare Part Mobil
jual speker pintu mobil kuda mitsubishi speaker inch,Aksesoris Interior
jual master rem canter jakarta utara jaya mitsubishi,Spare Part Mobil
jual sarang tawon fan clutch radiator mitsubishi canter,Spare Part Mobil
jual mika lampu stop asli jaya mitsubishi,Spare Part Mobil
jual owner manual colt diesel pedoman pemilik mitsubishi kota,Spare Part Mobil
jual stabil stabilizer mazda cx original,Spare Part Mobil
jual master kopling ford rangereverestmazda,Spare Part Mobil
jual kampas rem cakram brake pad ertiga mazda non,Spare Part Mobil
jual cap sub tank mazda jakarta utara garuda,Spare Part Mobil
jual pipa bypass mazda elite jakarta pusat jaya abadi,Spare Part Mobil
jual kabel gas mazda glx jakarta barat prisma,Spare Part Mobil
jual modul abs mazda origanal bergaransi kota tangerang,Spare Part Mobil
jual lampu sen spion mazda biante kanan jakarta barat,Spare Part Mobil
jual hanger dudukan kanan toyota,Aksesoris Interior
jual kaca spion bmw original termurah retrac jakarta pusat,Spare Part Mobil
jual filter oli sakura wuling confero kab tangerang,Spare Part Mobil
jual magnet clutch ac mobil kia carens kia,Spare Part Mobil
jual brake pad hyundai tucson kia sportage kampas,Spare Part Mobil
jual karet stabil hyundai genuine hmi karet stabilizer,Spare Part Mobil
jual shockbreaker pajerotriton original harga sepasang,Spare Part Mobil
jual paket velg racing ring ban murah berkualitas,Spare Part Mobil
jual filter oli sakura wuling confero kab tangerang,Spare Part Mobil
jual magnet clutch ac mobil kia carens kia,Spare Part Mobil
jual brake shoe kampas rem toyota rino,Spare Part Mobil
jual gantungan spion mobil islami kayu hiasan mobil,Aksesoris Eksterior
jual kampas rem calyasigramega carry birkens kab,Spare Part Mobil
jual toko velg mobil bogor jual velg hsr,Spare Part Mobil
jual velg mobil hsr zero ring pcd,Spare Part Mobil
jual keong coil spring mitsubishi pajero sport,Spare Part Mobil
jual kampas rem cakram brake pad ertiga mazda non,Spare Part Mobil
jual bearing roda toyota camry sxv,Spare Part Mobil
promo bohlam lampu senja toyota avanza led,Spare Part Mobil
promo seal klep toyota rino diskon seller,Spare Part Mobil
promo mur transmisi toyota dyna hino dutro diskon,Spare Part Mobil
jual radiator toyota innova fortuner diesel matic seller tamsa,Spare Part Mobil
jual radiator toyota kijang super bensin full alumunium,Spare Part Mobil
jual adaptor support peninggi mobil toyota hilux dc,Spare Part Mobil
jual limited motor tabung wiper washer xpander asli discount,Spare Part Mobil
jual aki mobil ford ranger gs astra premium aki basah,Spare Part Mobil
promo shock breaker hyundai diesel,Spare Part Mobil
jual spion suzuki esteem modif sepasang seller paris auto,Spare Part Mobil
promo karet penutup handle double gardan taft gt-independent,Spare Part Mobil
jual kampas kopling set dekrup deklahar valeo mitsubishi kuda,Spare Part Mobil
promo oil seal as roda transmisi kiri matic at asli,Spare Part Mobil
jual spion kijang kapsul manual modifikasi sepasang,Spare Part Mobil
jual pipa bypass leher radiator grand vitara seller letsbuy,Spare Part Mobil
jual selang radiator ford escape mazda tribute,Spare Part Mobil
jual tutup kipas radiatorshroud assy mitsubishi kuda bensin,Spare Part Mobil
jual motor fan fen radiator vios old altis etios valco proton altis,Spare Part Mobil
jual best sale master kopling mitsubishi fuso,Spare Part Mobil
jual kancing klip penahan tiang besi kap mesin,Spare Part Mobil
jual isc coilover terbaru harga termurah blibli,Spare Part Mobil
promo unik relay pompa bensin kuda terbatas diskon,Spare Part Mobil
jual mika sen sein reting spion avanza innova fortuner buah,Spare Part Mobil
jual spion rush terios kanan buah kanan putih seller paris,Spare Part Mobil
jual lampu led modul cob plasma titik variasi mobil motor,Spare Part Mobil
jual water pump kijang kapsul bensin pompa air radiator,Spare Part Mobil
promo dijual buah handle pintu slide daihatsu,Spare Part Mobil
jual karet tutup lubang body mobil universal diameter,Spare Part Mobil
promo seal klep toyota rino diskon seller,Spare Part Mobil
jual kampas kopling set dekrup deklahar valeo mitsubishi kuda,Spare Part Mobil
promo gigi matahari gardan kaisar sparepart motor roda,Spare Part Mobil
jual motor fan fen radiator vios old altis etios valco proton altis,Spare Part Mobil
jual pipa bypass leher radiator grand vitara seller letsbuy,Spare Part Mobil
promo oil seal as roda transmisi kiri matic at asli,Spare Part Mobil
jual selang radiator ford escape mazda tribute,Spare Part Mobil
promo karet penutup handle double gardan taft gt-independent,Spare Part Mobil
jual radiator toyota kijang super bensin full alumunium,Spare Part Mobil
promo mur transmisi toyota dyna hino dutro diskon,Spare Part Mobil
jual kampas kopling set ertiga kampas kopling dekrup,Spare Part Mobil
jual best sale master kopling mitsubishi fuso,Spare Part Mobil
jual bearing roda toyota camry sxv,Spare Part Mobil
jual radiator toyota innova fortuner diesel matic seller tamsa,Spare Part Mobil
jual aki mobil ford ranger gs astra premium aki basah,Spare Part Mobil
jual limited motor tabung wiper washer xpander asli discount,Spare Part Mobil
jual motor blower ac granmax grandmax avanza veloz,Spare Part Mobil
jual isc coilover terbaru harga termurah blibli,Spare Part Mobil
jual spion suzuki esteem modif sepasang seller paris auto,Spare Part Mobil
jual aki mobil ford ranger gs astra premium aki basah,Spare Part Mobil
jual kancing klip penahan tiang besi kap mesin,Spare Part Mobil
jual spion kijang kapsul manual modifikasi sepasang,Spare Part Mobil
jual mika sen sein reting spion avanza innova fortuner buah,Spare Part Mobil
promo unik relay pompa bensin kuda terbatas diskon,Spare Part Mobil
promo busi daytona ignimax rxking diskon seller,Spare Part Mobil
jual spion rush terios kanan buah kanan putih seller paris,Spare Part Mobil
jual lampu led modul cob plasma titik variasi mobil motor,Spare Part Mobil
promo dijual buah handle pintu slide daihatsu,Spare Part Mobil
jual limited motor tabung wiper washer xpander asli discount,Spare Part Mobil
jual support radiator bullhead kiri kanan calya sigra seller,Spare Part Mobil
promo shock breaker hyundai diesel,Spare Part Mobil
promo gigi matahari gardan kaisar sparepart motor roda,Spare Part Mobil
promo seal klep toyota rino diskon seller,Spare Part Mobil
jual kampas kopling set dekrup deklahar valeo mitsubishi kuda,Spare Part Mobil
promo oil seal as roda transmisi kiri matic at asli,Spare Part Mobil
jual tutup kipas radiatorshroud assy mitsubishi kuda bensin,Spare Part Mobil
jual pipa bypass leher radiator grand vitara seller letsbuy,Spare Part Mobil
jual selang radiator ford escape mazda tribute,Spare Part Mobil
jual radiator toyota kijang super bensin full alumunium,Spare Part Mobil
promo mur transmisi toyota dyna hino dutro diskon,Spare Part Mobil
jual kampas kopling set ertiga kampas kopling dekrup,Spare Part Mobil
jual motor fan fen radiator vios old altis etios valco proton altis,Spare Part Mobil
jual radiator toyota innova fortuner diesel matic seller tamsa,Spare Part Mobil
jual best sale master kopling mitsubishi fuso,Spare Part Mobil
jual karet tutup lubang body mobil universal diameter,Spare Part Mobil
jual spion suzuki esteem modif sepasang seller paris auto,Spare Part Mobil
jual kancing klip penahan tiang besi kap mesin,Spare Part Mobil
promo unik relay pompa bensin kuda terbatas diskon,Spare Part Mobil
jual spion kijang kapsul manual modifikasi sepasang,Spare Part Mobil
jual lampu led modul cob plasma titik variasi mobil motor,Spare Part Mobil
jual isc coilover terbaru harga termurah blibli,Spare Part Mobil
jual shock breaker original asli merk bilstein,Spare Part Mobil
jual pompa bensin fuel pump mercy rotax,Spare Part Mobil
jual cas pewarna rambut cultusia hair color seller,Lainnya
jual buku katalog gerbang pagar tralis canopy balkon buku,Lainnya
jual lips bumper sedan terbaru harga termurah,Spare Part Mobil
promo aki motor honda vario motobatt aki gel,Lainnya
promo no brand aki motor original gs astra kode,Lainnya
promo no brand aki motor honda beat fi esp cbs karbu street,Lainnya
jual kompresor depok terbaru harga termurah,Spare Part Mobil
jual filter oli taruna classy apv baleno aspira seller,Spare Part Mobil
jual radiator suzuki x-over baleno matic seller,Spare Part Mobil
promo cover tutup baut wiper suzuki ertiga swift ori,Spare Part Mobil
jual aki mobil suzuki escudo gs mf astra,Spare Part Mobil
jual lower tank tutup cover radiator grand vitara matic,Spare Part Mobil
jual pipa bypass leher radiator grand vitara seller letsbuy,Spare Part Mobil
jual kampas kopling set ertiga kampas kopling dekrup,Spare Part Mobil
jual kampas kopling matic set suzuki over swift neo,Spare Part Mobil
jual retract spion suzuki over neo baleno seller paris,Spare Part Mobil
jual aki mobil ford ranger gs astra premium aki basah,Spare Part Mobil
promo gigi matahari gardan kaisar sparepart motor roda,Spare Part Mobil
promo mur transmisi toyota dyna hino dutro diskon,Spare Part Mobil
jual tutup kipas radiatorshroud assy mitsubishi kuda bensin,Spare Part Mobil
jual kampas kopling set dekrup deklahar valeo mitsubishi kuda,Spare Part Mobil
jual radiator toyota innova fortuner diesel matic seller tamsa,Spare Part Mobil
promo seal klep toyota rino diskon seller,Spare Part Mobil
jual radiator toyota kijang super bensin full alumunium,Spare Part Mobil
jual motor fan fen radiator vios old altis etios valco proton altis,Spare Part Mobil
promo oil seal as roda transmisi kiri matic at asli,Spare Part Mobil
jual selang radiator ford escape mazda tribute,Spare Part Mobil
jual limited motor tabung wiper washer xpander asli discount,Spare Part Mobil
jual karet tutup lubang body mobil universal diameter,Spare Part Mobil
promo shock breaker hyundai diesel,Spare Part Mobil
jual spion suzuki esteem modif sepasang seller paris auto,Spare Part Mobil
jual tutup kipas radiatorshroud assy mitsubishi kuda bensin,Spare Part Mobil
jual dinamo mitsubishi pajero sport,Spare Part Mobil
jual kampas kopling set dekrup deklahar valeo mitsubishi kuda,Spare Part Mobil
oil seal as roda transmisi kiri matic at asli mitsubishi,Spare Part Mobil
jual mitsubishi thermal overload relay,Spare Part Mobil
jual master kopling mitsubishi outlander lancer ex seller,Spare Part Mobil
jual best sale master kopling mitsubishi fuso,Spare Part Mobil
jual saringan oil filter oli bensin lancer asli,Spare Part Mobil
promo unik relay pompa bensin kuda terbatas diskon,Spare Part Mobil
jual spion suzuki esteem modif sepasang seller paris auto,Spare Part Mobil
jual bearing roda toyota camry sxv,Spare Part Mobil
jual spion kijang kapsul manual modifikasi sepasang,Spare Part Mobil
jual kancing klip penahan tiang besi kap mesin,Spare Part Mobil
promo karet penutup handle double gardan taft gt-independent,Spare Part Mobil
jual mika sen sein reting spion avanza innova fortuner buah,Spare Part Mobil
promo shock breaker hyundai diesel,Spare Part Mobil
promo seal klep toyota rino diskon seller,Spare Part Mobil
jual lampu led modul cob plasma titik variasi mobil motor,Spare Part Mobil
promo dijual buah handle pintu slide daihatsu,Spare Part Mobil
jual pipa bypass leher radiator grand vitara seller letsbuy,Spare Part Mobil
jual selang radiator ford escape mazda tribute,Spare Part Mobil
jual karet tutup lubang body mobil universal diameter,Spare Part Mobil
jual tromol suzuki ss seller tiozen,Spare Part Mobil
jual aki mobil ford ranger gs astra premium aki basah,Spare Part Mobil
jual selang radiator ford escape mazda tribute,Spare Part Mobil
jual aki mobil ford ranger gs astra premium aki basah,Spare Part Mobil
promo busi daytona ignimax rxking diskon seller,Spare Part Mobil
jual aki mobil suzuki escudo gs mf astra,Spare Part Mobil
jual plat kopling kampas kopling isuzu elf nkr,Spare Part Mobil
jual motor blower ac granmax grandmax avanza veloz,Spare Part Mobil
jual master kopling mitsubishi outlander lancer ex seller,Spare Part Mobil
jual adaptor support peninggi mobil toyota hilux dc,Spare Part Mobil
jual clutch master assy master kopling hino dutro,Spare Part Mobil
promo seal klep toyota rino diskon seller,Spare Part Mobil
jual tutup kipas radiatorshroud assy mitsubishi kuda bensin,Spare Part Mobil
promo gigi matahari gardan kaisar sparepart motor roda,Spare Part Mobil
jual kampas kopling set dekrup deklahar valeo mitsubishi kuda,Spare Part Mobil
jual pipa bypass leher radiator grand vitara seller letsbuy,Spare Part Mobil
jual radiator toyota kijang super bensin full alumunium,Spare Part Mobil
jual selang radiator ford escape mazda tribute,Spare Part Mobil
promo oil seal as roda transmisi kiri matic at asli,Spare Part Mobil
promo mur transmisi toyota dyna hino dutro diskon,Spare Part Mobil
jual kampas kopling set ertiga kampas kopling dekrup,Spare Part Mobil
jual motor fan fen radiator vios old altis etios valco proton altis,Spare Part Mobil
jual best sale master kopling mitsubishi fuso,Spare Part Mobil
jual radiator toyota innova fortuner diesel matic seller tamsa,Spare Part Mobil
jual karet tutup lubang body mobil universal diameter,Spare Part Mobil
wuling confero medan harga otr promo mei spesifikasi,Kendaraan
jual kunci kontakset wuling confero ori seller ponda store,Spare Part Mobil
wuling almaz medan harga otr promo mei spesifikasi,Kendaraan
jual spion suzuki esteem modif sepasang seller paris auto,Spare Part Mobil
promo shock breaker hyundai diesel,Spare Part Mobil
jual spion kijang kapsul manual modifikasi sepasang,Spare Part Mobil
jual mika sen sein reting spion avanza innova fortuner buah,Spare Part Mobil
jual kancing klip penahan tiang besi kap mesin,Spare Part Mobil
jual lampu led modul cob plasma titik variasi mobil motor,Spare Part Mobil
jual spion rush terios kanan buah kanan putih seller paris,Spare Part Mobil
promo unik relay pompa bensin kuda terbatas diskon,Spare Part Mobil
promo dijual buah handle pintu slide daihatsu,Spare Part Mobil
jual isc coilover terbaru harga termurah blibli,Spare Part Mobil
jual sensor crankshaft sensor kruk as toyota vios limo yaris,Spare Part Mobil
jual filter matic toyota daihatsu agya ayla sirion lapak unggul,Spare Part Mobil
jual compressor kompresor ac mobil toyota sienta double,Spare Part Mobil
jual relay toyota avanza lampu relay lampu lapak rbm,Spare Part Mobil
jual bracket dudukan pegangan lampu ertiga kiri lapak,Spare Part Mobil
jual produk tanki bensin fuel tank termurah terlengkap mei,Spare Part Mobil
jual sarung cover sepeda listrik uwinfly redfish lapak,Lainnya
jual produk paku rivet termurah terlengkap april,Lainnya
jual produk filter solar dyna termurah terlengkap,Spare Part Mobil
jual velg mobil termurah terlengkap mei halaman,Spare Part Mobil
jual spoiler agya ayla trd original wing bagasi agya ayla,Aksesoris Eksterior
jual lampu reflektor cahaya mata kucing bumper mobil,Spare Part Mobil
jual filter matic toyota daihatsu agya ayla sirion lapak unggul,Spare Part Mobil
jual set kuping tanduk bumper bemper rear daihatsu,Aksesoris Eksterior
jual cat oles mobil white pearl metallic daihatsu xenia putih,Aksesoris Eksterior
jual relay toyota avanza lampu relay lampu lapak rbm,Spare Part Mobil
jual velg mobil termurah terlengkap mei halaman,Spare Part Mobil
jual produk tanki bensin fuel tank termurah terlengkap mei,Spare Part Mobil
jual flosser sekring mini sekering tancap dx fuse mobil motor,Spare Part Mobil
jual kemeja seragam dealer honda kerah merah putih lapak,Lainnya
jual lampu reflektor cahaya mata kucing bumper mobil,Spare Part Mobil
jual gear gir penggerak kaca mirror cermin spion mobil honda,Spare Part Mobil
jual stiker spion mobil honda accord car decal sticker lapak,Aksesoris Eksterior
jual sensor crankshaft sensor kruk as toyota vios limo yaris,Spare Part Mobil
jual produk paking tutup klep gasket termurah terlengkap,Spare Part Mobil
jual dudukan mesin engine mounting trans mounting,Spare Part Mobil
jual compressor kompresor ac mobil toyota sienta double,Spare Part Mobil
jual bracket dudukan pegangan lampu ertiga kiri lapak,Spare Part Mobil
jual relay toyota avanza lampu relay lampu lapak rbm,Spare Part Mobil
jual velg mobil termurah terlengkap mei halaman,Spare Part Mobil
jual ob sc stop kontak lubang uticon terminal kuningan,Lainnya
jual lampu reflektor cahaya mata kucing bumper mobil,Spare Part Mobil
jual sarung cover sepeda listrik uwinfly redfish lapak,Lainnya
jual produk ban accelera sport termurah terlengkap mei,Spare Part Mobil
jual flosser sekring mini sekering tancap dx fuse mobil motor,Spare Part Mobil
jual produk paking tutup klep gasket termurah terlengkap,Spare Part Mobil
jual produk tanki bensin fuel tank termurah terlengkap mei,Spare Part Mobil
jual sarung cover sepeda listrik uwinfly redfish lapak,Lainnya
jual shock breaker carry sepasang,Spare Part Mobil
jual bracket dudukan pegangan lampu ertiga kiri lapak,Spare Part Mobil
jual produk seat grand vitara termurah terlengkap mei,Spare Part Mobil
jual worm stir katana tipe manual housing tipe koyo,Spare Part Mobil
jual compressor kompresor ac mobil toyota sienta double,Spare Part Mobil
jual dudukan mesin engine mounting trans mounting,Spare Part Mobil
jual relay toyota avanza lampu relay lampu lapak rbm,Spare Part Mobil
jual relay toyota avanza lampu relay lampu lapak rbm,Spare Part Mobil
jual velg mobil termurah terlengkap mei halaman,Spare Part Mobil
jual kabel soket socket modul abs yamaha aerox nmax,Lainnya
jual wheel cylinder mazda ford laser blok master rem kiri,Spare Part Mobil
jual produk paking tutup klep gasket termurah terlengkap,Spare Part Mobil
jual karet suport support shock breaker mitsubishi pajero triton,Spare Part Mobil
jual flosser sekring mini sekering tancap dx fuse mobil motor,Spare Part Mobil
jual karet lubang kunci jok suzuki rc sprinter crystal,Spare Part Mobil
jual lampu reflektor cahaya mata kucing bumper mobil,Spare Part Mobil
jual ob sc stop kontak lubang uticon terminal kuningan,Lainnya
jual baton stick tongkat stick beladiri lapak metto bukalapak,Lainnya
jual karet suport support shock breaker mitsubishi pajero triton,Spare Part Mobil
jual produk noken as camshaft diesel termurah,Spare Part Mobil
jual produk paku rivet termurah terlengkap april,Lainnya
jual bracket dudukan pegangan lampu ertiga kiri lapak,Spare Part Mobil
jual sarung cover sepeda listrik uwinfly redfish lapak,Lainnya
jual ob sc stop kontak lubang uticon terminal kuningan,Spare Part Mobil
jual produk paking tutup klep gasket termurah terlengkap,Spare Part Mobil
jual relay toyota avanza lampu relay lampu lapak rbm,Spare Part Mobil
jual wheel cylinder mazda ford laser blok master rem kiri,Spare Part Mobil
jual worm stir katana tipe manual housing tipe koyo,Spare Part Mobil
jual selang radiator ford ecosport titanium hose,Spare Part Mobil
jual kabel soket socket modul abs yamaha aerox nmax,Lainnya
jual karet lubang kunci jok suzuki rc sprinter crystal,Spare Part Mobil
jual seal sil roda toyota soluna kota,Spare Part Mobil
jual tali jok toyota hardtop hijau jakarta pusat land,Spare Part Mobil
jual ball joint toyota sienta japan jakarta pusat serba serbi,Spare Part Mobil
jual logo emblem toyota calya agya pengganti logo,Aksesoris Eksterior
jual diecast mobil miniatur toyota hiace mainan koleksi mobil,Lainnya
jual engine mounting kanan dudukan mesin toyota avanza,Spare Part Mobil
jual sil vacum boster rem as toyota dyna hino,Spare Part Mobil
jual alatkuncimangkok pembuka filter oli mobil model toyota,Spare Part Mobil
jual keong coil spring toyota innova jakarta,Spare Part Mobil
jual seal kit kuncle roda toyota hardtop,Spare Part Mobil
jual aneka wiper voxy terlengkap harga murah mei,Spare Part Mobil
jual obeng min toyota jakarta pusat istana motor jeep,Spare Part Mobil
jual master rem toyota hiace roda lh-rh sanyco,Spare Part Mobil
jual tanduk bemperbumper variasi tanduk toyota,Aksesoris Eksterior
jual oli daihatsu sl kota medan auto genuine,Oli dan Penghemat BBM
jual daihatsu ori dudukan mesin zebra espass kanan,Spare Part Mobil
jual karet kap mesin daihatsu taft gt original jakarta utara,Spare Part Mobil
jual alatkuncimangkok pembuka filter oli mobil model toyota,Spare Part Mobil
jual brakepad kampas rem daihatsu ceria jakarta pusat,Spare Part Mobil
jual seal busi oring busi daihatsu xenia harga,Spare Part Mobil
jual alatkuncimangkok pembuka filter oli mobil model toyota,Spare Part Mobil
jual kampas rem agya ayla set asli merk daihatsu,Spare Part Mobil
jual inside handle door handel tarikan pintu,Spare Part Mobil
jual karet pelipit lis list kaca wheater strip mobil daihatsu taft kebo,Spare Part Mobil
jual wiper daihatsu taft gt rocky original asli ori,Spare Part Mobil
jual cat oles mobil daihatsu purplish silver original,Aksesoris Eksterior
jual daihatsu luxio kasur mobil matras tidur travel bed,Aksesoris Interior
jual kaos daihatsu taruna lengan pendek kota yogyakarta,Lainnya
jual kabel transmisi matic avanza xenia original,Spare Part Mobil
jual pin piston isuzu mm jakarta barat,Spare Part Mobil
jual karet pelipit list lis kaca wheater strip mobil taruna set,Spare Part Mobil
jual kabel gas asli suzuki carry extra cc,Spare Part Mobil
jual ring oring baut tutup pembuangan oli agya avanza,Spare Part Mobil
jual kabel socket lampu stop kanan avanza xenia,Spare Part Mobil
jual mur as knuckle bearing roda gran max luxio original,Spare Part Mobil
jual stiker carbon pelindung pintu mobil ayla pijakan kaki,Aksesoris Eksterior
jual ecu ferio terlengkap harga murah mei cicil,Spare Part Mobil
jual trunkboard papan bagasi civic ferio hitam,Spare Part Mobil
jual tatakan plat nomer hitam model pejabat mobil,Spare Part Mobil
jual dop velg kaleng brio ring jakarta utara,Spare Part Mobil
jual honda mobilio kasur mobil matras tidur travel bed,Aksesoris Interior
jual velg mobil enkei velg ring civic terios rush,Spare Part Mobil
jual velg mobil brio ring velg vossen sigra calya,Spare Part Mobil
jual kabel tarikan bensin honda hrv original,Spare Part Mobil
jual velg vossen vfs ring velg mboil mobilio yaris,Spare Part Mobil
jual bumper mobilio rs facelift kab bogor mybgarage,Spare Part Mobil
jual bumper mobilio rs facelift abu-abu kab bogor,Spare Part Mobil
jual kaca spion mobil honda jazz city,Spare Part Mobil
jual sarung jok mobil paten honda brv bahan vision,Aksesoris Interior
jual paking isc modifikasi ukuran ori hyundai atozkia,Spare Part Mobil
jual liner fender mud guard kia picanto kanan,Aksesoris Eksterior
jual karpet mobil elite hyundai stargazer fullset hitam kuning,Aksesoris Interior
jual hyundai ioniq setir cover mobil premium leather carbon stir,Aksesoris Interior
jual motor gas hyundai oem jakarta barat karya,Spare Part Mobil
jual kabel busi chevrolet captiva bensin nfl optra,Spare Part Mobil
jual karpet mobil elite wuling mini air ev hitam merah,Aksesoris Interior
jual mika lampu sein agya ayla mika sein spion agya original,Spare Part Mobil
jual seragam resmi pameran mitsubishi wanita,Lainnya
jual kaos polo bordir bumn pln lengan biru,Lainnya
jual kasur mobil terlengkap harga murah april,Aksesoris Interior
jual kisi kisi ac terlengkap harga murah mei cicil,Spare Part Mobil
jual mur as knuckle bearing roda gran max luxio original,Spare Part Mobil
toko shiro official store online produk lengkap harga terbaik,Lainnya
jual adaptor velg bmw mercy pcd,Spare Part Mobil
jual original bmw kaliper kiri kota depok,Spare Part Mobil
jual original bmw kaliper kanan kota depok,Spare Part Mobil
jual repair kit master kopling bmw fte,Spare Part Mobil
jual bmw filler pipe selang tabung tangki,Spare Part Mobil
jual original bmw saklar switch modul lampu lcm,Spare Part Mobil
jual karet window channel pintu kiri bmw,Spare Part Mobil
jual cutting sticker stiker cuting lis polet,Aksesoris Eksterior
jual shock absorber bmw asli sepasang,Spare Part Mobil
jual cutting sticker stiker cuting lis polet livery,Aksesoris Eksterior
jual motor blower asli assy jakarta barat indrahsell,Spare Part Mobil
jual baut flywheel baut roda gila isuzu panther,Spare Part Mobil
jual panci kuah enamel panci kuah panci,Lainnya
jual mainan motor aki anak kota tangerang brecht.id,Lainnya
jual seragam resmi pameran mitsubishi wanita,Lainnya
jual adaptor velg bmw mercy pcd,Spare Part Mobil
jual bushing arm aluminium mercy,Spare Part Mobil
promo si merci baju anjing kucing hewan natal baju sweater,Lainnya
jual dinamo ampere alternator mercedes benz,Spare Part Mobil
jual keong coil spring mercedes benz,Spare Part Mobil
jual kaca spion mercedes,Spare Part Mobil
jual engine mounting kiri mercedes,Spare Part Mobil
jual motor regulator power window kanan mercedes benz,Spare Part Mobil
jual door sillplate bekas copotan mercy tiger kota batu,Aksesoris Eksterior
jual side marker mercedes benz putih kab bekasi,Spare Part Mobil
jual repair kit master kopling bmw fte,Spare Part Mobil
jual sepatu puma ferrari original black red jakarta pusat,Lainnya
jual aneka matchbox years special edition terlengkap harga,Lainnya
jual aneka matchbox special edition terlengkap harga murah,Lainnya
jual velg mobil bekas baut vossen ring et pcd,Spare Part Mobil
jual seragam resmi pameran mitsubishi wanita,Lainnya
jual diecast mobil miniatur toyota hiace mainan koleksi mobil,Lainnya
jual korek api bara las broad lighter terbaru kota depok renne.id,Lainnya
jual mainan motor aki anak kota tangerang brecht.id,Lainnya
jual cutting sticker stiker cuting lis polet livery,Aksesoris Eksterior
promo soket socket koil coil subaru putih pin kabel,Spare Part Mobil
jual hotwheels corvette stingray kota semarang garasi ku,Lainnya
jual kyosho samurai honda nsx putih kota surabaya,Kendaraan
jual aneka matchbox terlengkap harga murah mei,Lainnya
jual kabel gas asli suzuki carry extra cc,Spare Part Mobil
jual cv joint assy as roda assy ertiga manual asli sgp kanan,Spare Part Mobil
jual flywheel gigi gendeng carry asli sgp jakarta,Spare Part Mobil
jual arang carbon brush starter kijang super carry extra,Spare Part Mobil
jual dop velg kaleng carry ring jakarta utara,Spare Part Mobil
jual cat mobil suzuki karimun ertiga grey metalik cat,Aksesoris Eksterior
jual ujung pipa knalpot mobil ignis muffler stainlise kota,Spare Part Mobil
jual mur roda racing mobil suzuki splash bahan baja lug nut,Spare Part Mobil
jual mamypoko pants xtra kering popok bayi,Lainnya
jual sarung jok mobil suzuki splash bahan oscar warna mix,Aksesoris Interior
jual modifikasi suzuki baleno pakai pelek ring hsrwheel jakarta,Spare Part Mobil
jual karet bantalanpeninggi suzuki ertiga kab tegal,Spare Part Mobil
jual emblem sl mitsubishi lancer jakarta pusat sarinah jaya,Aksesoris Eksterior
jual seragam resmi pameran mitsubishi wanita,Lainnya
jual hanger holder gantungan baju mitsubishi,Aksesoris Interior
jual oli seal gardan mitsubishi kuda bensin asli,Spare Part Mobil
jual pompa air otomatis mitsubishi kota denpasar atp,Lainnya
jual ball joint mitsubishi kuda jakarta barat atp motor,Spare Part Mobil
jual nut nozzle mitsubishi jakarta,Spare Part Mobil
jual dinamo stater starter mitsubishi turbo susun jakarta,Spare Part Mobil
jual lampu plafon mitsubishi kuda jakarta pusat sarinah jaya,Spare Part Mobil
jual metal duduk main bearing size,Spare Part Mobil
jual kabel rem tangan mitsubishi mirage asli,Spare Part Mobil
jual mitsubishi xpander kasur mobil matras tidur travel,Aksesoris Interior
jual pipa nozzle pipa injektor mitsubishi,Spare Part Mobil
jual gear set gardan mitsubishi pajero sport triton,Spare Part Mobil
jual mitsubishi outlander sport cover kursi mobil duduk leather,Aksesoris Interior
jual jual radiator diesel ply asli mitsubishi,Spare Part Mobil
jual selang rem mitsubishi ktb jakarta,Spare Part Mobil
jual baterai remote kunci manual mitsubishi xpander exceed,Spare Part Mobil
jual tutup tangki truk mitsubishi fuso kunci tangki nissan hino,Spare Part Mobil
jual aki mobil yuasa mitsubishi pajero sport,Spare Part Mobil
jual karet support tatakan shock mitsubishi lancer ck,Spare Part Mobil
jual busi pemanas busi pijar glow plug mazda ford ranger,Spare Part Mobil
jual aneka matchbox special edition terlengkap harga murah,Lainnya
jual aneka matchbox terlengkap harga murah mei,Lainnya
jual ball joint toyota sienta japan jakarta pusat serba serbi,Spare Part Mobil
jual cat oles mobil daihatsu purplish silver original,Aksesoris Eksterior
jual hyundai ioniq setir cover mobil premium leather carbon stir,Aksesoris Eksterior
jual velg mobil ssr lebar belang velg racing mobil,Spare Part Mobil
jual aneka matchbox years special edition terlengkap harga,Lainnya
jual kampas rem agya ayla set asli merk daihatsu,Spare Part Mobil
jual tutup dop velg mobil variasi diameter hsr,Spare Part Mobil
jual magnet magnit clutch pulley puli ac mobil kia sportage kota,Spare Part Mobil
jual emblem stir steer logo kia kota bandung sisu variasi,Aksesoris Eksterior
jual promo kasa sofra tulle diskon jakarta timur zamuel jakarta,Spare Part Mobil
jual karet support tatakan shock mitsubishi lancer ck,Spare Part Mobil
jual jual radiator diesel ply asli mitsubishi,Spare Part Mobil
jual compressor mei harga termurah cicil,Spare Part Mobil
jual liner fender mud guard kia picanto kanan,Aksesoris Eksterior
jual jual ban mobil ring murah berkualitas honda crv harrier,Spare Part Mobil
jual kasur mobil terlengkap harga murah april,Aksesoris Interior
jual alatkuncimangkok pembuka filter oli mobil model toyota,Spare Part Mobil
jual karpet mobil elite wuling mini air ev hitam merah,Aksesoris Interior
jual karpet mobil elite hyundai stargazer fullset hitam kuning,Aksesoris Interior
jual head lamp kanan wuling confero kota bekasi royan auto,Spare Part Mobil
jual karpet mobil elite wuling mini air ev hitam merah,Aksesoris Interior
jual paket velg ban ring wuling air ev pelek hsr tokyo,Spare Part Mobil
jual dop velg kaleng brio ring jakarta utara,Spare Part Mobil
jual dop velg kaleng carry ring jakarta utara,Spare Part Mobil
jual dop variasi velg kaleng ring jakarta utara,Spare Part Mobil
jual sensor oksigen oxygen knalpot spin,Spare Part Mobil
jual brakepad kampas rem daihatsu ceria jakarta pusat,Spare Part Mobil
jual shockbreaker kiri chery qq asli impor china jakarta,Spare Part Mobil
jual klip bemper klip baut mud guard klip kancing mobil,Spare Part Mobil
jual foot step panther kapsul kaki kaki samping,Aksesoris Eksterior
jual mitsubishi outlander sport cover kursi mobil duduk leather,Aksesoris Interior
jual sarung jok mobil aylaagya fullset,Aksesoris Interior
alasan berbelanja official store tokopedia,Lainnya
jual modifikasi suzuki baleno pakai pelek ring hsrwheel jakarta,Spare Part Mobil
jual velg mobil brio ring velg vossen sigra calya,Spare Part Mobil
jual kasur mobil terlengkap harga murah april,Aksesoris Interior
jual kampas rem sepatu rem vw kodok,Spare Part Mobil
jual toyota supra brian original harga termurah mei blibli,Kendaraan
jual paket velg mobil gaze baut roda canterin mobil toyota,Spare Part Mobil
jual purplish silver terbaru harga termurah blibli,Aksesoris Eksterior
jual fender jimny katana model cj murah berkualitas p.n.p,Spare Part Mobil
jual purplish silver terbaru harga termurah blibli,Aksesoris Eksterior
jual transmisi taft hiline terbaru harga termurah,Spare Part Mobil
jual aki mobil gs astra premium aki basah,Spare Part Mobil
jual motor dinamo wiper mobil terbaru harga termurah,Spare Part Mobil
jual suku cadang maven terbaru harga termurah,Spare Part Mobil
jual velg kaleng granmax terbaru harga termurah,Spare Part Mobil
jual sarung mobil honda city terbaru harga termurah,Aksesoris Eksterior
jual knalpot crv gen terbaru harga termurah,Spare Part Mobil
jual fender jimny katana model cj murah berkualitas p.n.p,Spare Part Mobil
promo velg kaleng isuzu nhr engkel ori diskon,Spare Part Mobil
jual paket velg mobil gaze baut roda canterin mobil toyota,Spare Part Mobil
jual paket velg mobil gaze baut roda canterin mobil toyota,Spare Part Mobil
jual motor dinamo wiper mobil terbaru harga termurah,Spare Part Mobil
jual aki kering mobil agya solite battery seller mitra,Spare Part Mobil
jual diecast tomica custom polisi original harga termurah mei,Lainnya
jual tiang mobil tiang bendera tiang kedutaan seller,Spare Part Mobil
jual velg standar triton mitsubishi terbaru harga,Spare Part Mobil
jual velg motormx king terbaru harga termurah,Lainnya
jual fuel pump mobil tss terbaru harga termurah,Spare Part Mobil
jual knalpot racing vario tecno terbaru harga termurah,Lainnya
jual striping klx terbaru harga termurah,Lainnya
jual rotiform terbaru harga termurah blibli,Spare Part Mobil
jual pj mj kit terbaru harga termurah blibli,Spare Part Mobil
jual bmw kitchenware pot milk original murah harga diskon april,Lainnya
jual triko unsalted macadamia nut cemilan kacang sehat taiwan,Lainnya
jual sarung mobil honda city terbaru harga termurah,Aksesoris Eksterior
promo mesin sablon cup meriah gratisongkir diskon,Lainnya
jual diecast tomica custom polisi original harga termurah mei,Lainnya
jual sarung tangan pengantin pria dansa pantomim,Lainnya
jual filter oli taruna classy apv baleno aspira seller,Spare Part Mobil
jual roof rail ertiga terbaru harga termurah,Aksesoris Eksterior
jual aki mobil gs astra premium aki basah,Spare Part Mobil
jual velg kaleng granmax terbaru harga termurah,Spare Part Mobil
jual sarung mobil honda city terbaru harga termurah,Aksesoris Eksterior
jual oli transmisi mitsubishi terbaru harga termurah,Oli dan Penghemat BBM
jual velg standar triton mitsubishi terbaru harga,Spare Part Mobil
jual diecast tomica custom polisi original harga termurah mei,Lainnya
jual suku cadang maven terbaru harga termurah,Spare Part Mobil
jual hitachi rubber mounting seller pt hexindo,Spare Part Mobil
jual fender jimny katana model cj murah berkualitas p.n.p,Spare Part Mobil
jual metal jalan mazda terbaru harga termurah,Spare Part Mobil
jual aki mobil gs astra premium aki basah,Spare Part Mobil
jual diecast tomica custom polisi original harga termurah mei,Lainnya
jual bridgestone dueler ban mobil seller aries,Spare Part Mobil
jual kunci kontakset wuling confero ori seller ponda store,Spare Part Mobil
jual fender jimny katana model cj murah berkualitas p.n.p,Spare Part Mobil
jual velg standar triton mitsubishi terbaru harga,Spare Part Mobil
jual knalpot crv gen terbaru harga termurah,Spare Part Mobil
jual velg motormx king terbaru harga termurah,Lainnya
jual terbaru harga termurah blibli,Spare Part Mobil
jual coil honda old terbaru harga termurah,Lainnya
jual fuel pump mobil tss terbaru harga termurah,Spare Part Mobil
jual knalpot racing vario tecno terbaru harga termurah,Lainnya
jual striping klx terbaru harga termurah,Lainnya
jual rotiform terbaru harga termurah blibli,Spare Part Mobil
jual knalpot proliner terbaru harga termurah,Lainnya
jual hidrolik shockbreaker motor terbaru harga,Spare Part Mobil
jual motor dinamo wiper mobil terbaru harga termurah,Spare Part Mobil
jual bearing gardan toyota hilux,Spare Part Mobil
jual motor blower kanan ac mobil toyota,Spare Part Mobil
jual kompresor ac mobil toyota sienta double blower,Spare Part Mobil
jual kompresor ac mobil toyota sienta asli compressor,Spare Part Mobil
jual brake pad kampas cakram toyota vios mk,Spare Part Mobil
jual pinion ulir worm steer toyota kijang original japan lapak,Spare Part Mobil
jual produk toyota yaris bumper termurah terlengkap mei,Spare Part Mobil
jual bracket dudukan pegangan lampu ertiga kiri lapak,Spare Part Mobil
jual produk rem alphard vellfire termurah,Spare Part Mobil
jual produk kisi ac dashboard termurah terlengkap,Spare Part Mobil
jual sepatu paskibra kulit wanita sepatu kulit murah,Lainnya
jual produk sekrup dudukan termurah terlengkap mei,Spare Part Mobil
jual lampu reflektor cahaya mata kucing bumper mobil,Spare Part Mobil
jual drl innova zenix plus cover lapak lens auto,Aksesoris Eksterior
jual tanduk grand max pick up model cobra lapak arfa,Aksesoris Eksterior
jual pinion ulir worm steer toyota kijang original japan lapak,Spare Part Mobil
jual sepatu paskibra kulit wanita sepatu kulit murah,Lainnya
jual produk evaporator ac blower ac termurah terlengkap mei,Spare Part Mobil
jual kompresor ac mobil toyota sienta double blower,Spare Part Mobil
jual produk kisi ac dashboard termurah terlengkap,Spare Part Mobil
jual motor blower kanan ac mobil toyota,Spare Part Mobil
jual jas hujan muslimah rok gamis jubah long coat wanita pvc,Lainnya
jual produk kisi kisi ac civic termurah terlengkap mei,Spare Part Mobil
jual gear gir penggerak kaca mirror cermin spion mobil honda,Spare Part Mobil
jual spion mobil assy honda civic fd original kaca,Spare Part Mobil
jual karet stabil bush stabil roti honda crv,Spare Part Mobil
jual thermostat termostat mesin suzuki scross,Spare Part Mobil
jual brake pad kampas cakram toyota vios mk,Spare Part Mobil
jual tanduk grand max pick up model cobra lapak arfa,Aksesoris Eksterior
jual produk kisi ac dashboard termurah terlengkap,Spare Part Mobil
jual bracket dudukan pegangan lampu ertiga kiri lapak,Spare Part Mobil
jual kompresor ac mobil toyota sienta asli compressor,Spare Part Mobil
jual pinion ulir worm steer toyota kijang original japan lapak,Spare Part Mobil
jual lampu reflektor cahaya mata kucing bumper mobil,Spare Part Mobil
jual produk sticker custom desain cutting termurah,Aksesoris Eksterior
jual pinion ulir worm steer toyota kijang original japan lapak,Spare Part Mobil
jual produk kisi ac dashboard termurah terlengkap,Spare Part Mobil
jual produk kisi ac dashboard termurah terlengkap,Spare Part Mobil
jual peredam kap mesin mercy lapak r_vtech bukalapak,Aksesoris Eksterior
jual produk sepatu flat cowok sepatu termurah terlengkap,Lainnya
jual sepatu low boots pria dokter martens dokmar,Lainnya
jual bracket dudukan pegangan lampu ertiga kiri lapak,Spare Part Mobil
jual produk kisi ac dashboard termurah terlengkap,Spare Part Mobil
jual pinion ulir worm steer toyota kijang original japan lapak,Spare Part Mobil
jual produk evaporator ac blower ac termurah terlengkap mei,Spare Part Mobil
jual kabel soket socket modul abs yamaha aerox nmax,Lainnya
jual wheel cylinder mazda ford laser blok master rem kiri,Spare Part Mobil
jual tanduk grand max pick up model cobra lapak arfa,Aksesoris Eksterior
jual produk sticker custom desain cutting termurah,Aksesoris Eksterior
jual thermostat termostat mesin suzuki scross,Spare Part Mobil
jual lampu reflektor cahaya mata kucing bumper mobil,Spare Part Mobil
jual sepatu paskibra kulit wanita sepatu kulit murah,Lainnya
jual paking setgasket engine set mitsubishi diesel,Spare Part Mobil
jual paking set mitsubishi full set gasket mitsubishi,Spare Part Mobil
jual bearing gardan toyota hilux,Spare Part Mobil
jual partisi sketsel ranting kayu jati,Lainnya
jual bracket dudukan pegangan lampu ertiga kiri lapak,Spare Part Mobil
jual produk kisi ac dashboard termurah terlengkap,Spare Part Mobil
jual sepatu paskibra kulit wanita sepatu kulit murah,Lainnya
jual jas hujan muslimah rok gamis jubah long coat wanita pvc,Lainnya
jual wheel cylinder mazda ford laser blok master rem kiri,Spare Part Mobil
jual produk kisi ac dashboard termurah terlengkap,Spare Part Mobil
jual kabel soket socket modul abs yamaha aerox nmax,Lainnya
jual produk kisi ac dashboard termurah terlengkap,Spare Part Mobil
jual produk kisi ac dashboard termurah terlengkap,Spare Part Mobil
jual emblem logo tipe toyota veloz innova reborn original,Aksesoris Eksterior
jual break master rem hinotoyota dutro,Spare Part Mobil
jual kampas rem toyota hilux vigo,Spare Part Mobil
jual gardan selongsong toyota hardtop,Spare Part Mobil
jual karpet dasar mobil toyota hilux single cabin hitam kota,Aksesoris Interior
jual wheel cylinder blok rem toyota,Spare Part Mobil
jual kaliper cylinder kit karet rem toyota kijang super,Spare Part Mobil
jual bushing arm starlet kotak gudang toyota,Spare Part Mobil
jual vkool ppf door cup protection toyota voxy jakarta pusat,Aksesoris Eksterior
jual dop velg kaleng toyota ring jakarta utara,Spare Part Mobil
jual karet tatakan keong,Spare Part Mobil
jual emblem logo black chrome toyota sienta jakarta,Aksesoris Eksterior
jual kaca tempered asahimas toyota kijang kapsul,Spare Part Mobil
jual miniatur mobil toyota avanza ths diecast mainan,Lainnya
jual lampu indikator alarm toyota innova avanza xenia avanza,Spare Part Mobil
jual dop tutup velg sirion logo perodua daihatsu sirion,Spare Part Mobil
jual kabel tali kopling daihatsu xenia,Spare Part Mobil
jual alarm central lock mobil sigra paket,Spare Part Mobil
jual emblem logo daihatsu mobil alya terios xenia original,Aksesoris Eksterior
jual daihatsu sirion kasur mobil matras tidur travel bed,Aksesoris Interior
jual matahari asli asli grand xenia,Spare Part Mobil
jual kaca spion kabin interior hijet zebra,Spare Part Mobil
jual kabel tali kopling avanza xenia kota,Spare Part Mobil
jual velg jari-jari merk hsr cocok mobil,Spare Part Mobil
jual emblem logo tipe toyota veloz innova reborn original,Aksesoris Eksterior
jual master rem espass jakarta barat atp motor tokopedia,Spare Part Mobil
jual paket performa koil racing ngk iriway filter knn honda,Spare Part Mobil
jual bumper bemper honda civic fd original copotan jakarta,Spare Part Mobil
jual charger usb volt meter mobil honda kota surabaya,Aksesoris Interior
jual stiker mobil honda jazz fit type biru kab tangerang,Aksesoris Eksterior
jual bracket breket bumper honda hrv kiri kanan,Spare Part Mobil
jual aksesoris sticker stiker mobil brio stiker mobil,Aksesoris Eksterior
jual velg mobil bekas murah racing jazz brio agya,Spare Part Mobil
jual ring seher hyundai bensin ring piston set hyundai,Spare Part Mobil
jual sensor ect temperatur hyundai accent jakarta pusat,Spare Part Mobil
jual handle kiri hyundai tarikan pintu out kota,Spare Part Mobil
jual stiker emblem logo hyundai accent sonata kicks kap,Aksesoris Eksterior
jual vkool ppf door cup protection toyota voxy jakarta pusat,Aksesoris Eksterior
jual talang air canter model giga jumbo ready jakarta,Spare Part Mobil
jual master rem mobil kijang super jakarta barat,Spare Part Mobil
jual part bmw silencer muffler knalpot kota depok,Spare Part Mobil
jual emblem logo jahre bmw,Aksesoris Eksterior
jual socket bohlamp mundur sein bmw,Spare Part Mobil
jual konsultasi trouble bmw mini cooper via,Lainnya
jual kontrol control valve kompresor ac bmw model kompresor,Spare Part Mobil
jual bmw kapak sayap arm kanan kiri ad-hoc,Spare Part Mobil
jual bmw shock trunk rear strut kap bagasi,Spare Part Mobil
jual grill wiper panggangan sate bmw original bmw part,Spare Part Mobil
jual dudukan plat nomor bracket lampu tembak sorot mobil bmw,Spare Part Mobil
jual beras kepala super rojolele kota bekasi,Lainnya
jual beras terdekat harga murah grosir mei,Lainnya
jual kumis list panther kapsul talang kap mesin hood,Spare Part Mobil
jual lampu daymaker led chrome harley davidson,Lainnya
jual knalpot mercy kab purbalingga indo muffler,Spare Part Mobil
jual segitiga pengaman mercy jakarta utara,Spare Part Mobil
jual kisi kisi sunroof,Spare Part Mobil
jual talang air bagasi kota semarang auto safe tokopedia,Spare Part Mobil
jual miniatur truk pemadam diecast atlas mercedes-benz,Lainnya
jual ban mobil bawaan mercy free pasang toko,Spare Part Mobil
jual zr additive cairan octane bensin cetane solar,Oli dan Penghemat BBM
jual velg ban mobil mobil pickup carry kota cimahi,Spare Part Mobil
jual bmw shock trunk rear strut kap bagasi,Spare Part Mobil
jual socket bohlamp mundur sein bmw,Spare Part Mobil
jual wurth silicon spray rubber glass plastic leather germany,Aksesoris Eksterior
jual moulding lis kaca ori,Aksesoris Eksterior
jual cargo net ertiga terlengkap harga murah april cicil,Aksesoris Interior
jual cat oles velg black mobil suzuki ignis hitam pelek roda,Aksesoris Eksterior
jual suzuki ertiga kasur mobil matras tidur travel bed,Aksesoris Interior
jual ban kingland pendek ban avanza ertiga,Spare Part Mobil
jual motor fan suzuki ertiga jakarta utara era jaya motor,Spare Part Mobil
jual pelatuk klep burung ex no pengapian futura mega carry,Lainnya
jual gantungan ban serep futura original sgp carry,Aksesoris Eksterior
jual selang pembuangan air ac suzuki ertiga original ori asli,Spare Part Mobil
jual velg ban mobil mobil pickup carry kota cimahi,Spare Part Mobil
jual blind spot mirror kaca spion sudut wide angle mobil ignis,Aksesoris Eksterior
jual steering wheel stir over neo baleno type standart,Spare Part Mobil
jual dudukan plat nomor bracket lampu tembak sorot mobil bmw,Spare Part Mobil
jual hose radiator selang mitsubishi,Spare Part Mobil
jual selang radiator mitsubishi,Spare Part Mobil
jual oil cooler oli coler pendingin oli mitsubishi,Spare Part Mobil
jual bearing laher roda mitsubishi,Spare Part Mobil
jual braket radiator mitsubishi canter,Spare Part Mobil
jual body fuel filter dudukan filter solar mitsubishi,Spare Part Mobil
jual ring piston mitsubishi fuso jakarta barat sinar,Spare Part Mobil
jual pompa oli mesin gigi miring mitsubishi fuso ps,Spare Part Mobil
jual mitsubishi pajero sport kasur mobil matras tidur,Aksesoris Interior
jual kompresor mitsubishi,Spare Part Mobil
jual selang rem mitsubishi bensin brake,Spare Part Mobil
jual coil spring mitsubishi minicab kota,Spare Part Mobil
jual transmisi gearbox matic mitsubishi pajero sport dakar,Spare Part Mobil
jual mitsubishi cover leather seat kursi jok mobil sarung,Aksesoris Interior
jual kabel rem ford laser taxi mazda elite,Spare Part Mobil
jual braket radiator mitsubishi canter,Spare Part Mobil
jual jok paten kulit mobil stargazer bahan vision saffiano kab,Spare Part Mobil
jual pipa knalpot mobil jeep bensin galvanis muffler,Spare Part Mobil
jual kaca tempered asahimas toyota kijang kapsul,Spare Part Mobil
jual ecu matic kia carens original bergaransi kota,Spare Part Mobil
jual ring seher hyundai bensin ring piston set hyundai,Spare Part Mobil
jual karpet dasar innova reborn bahan tebal,Aksesoris Interior
jual mainan mobil remot kontrol rc wuling air ev propo suspensi,Lainnya
jual cover variasi rem brambo variasi mobil rem cakram mobil,Aksesoris Eksterior
jual kaca spion broadway mm platdatar mobil wuling,Spare Part Mobil
jual check door penahan pintu wuling original kota bekasi,Spare Part Mobil
jual dop velg kaleng toyota ring jakarta utara,Spare Part Mobil
jual kampas rem toyota hilux vigo,Spare Part Mobil
jual dudukan plat nomor bracket lampu tembak sorot mobil,Spare Part Mobil
jual lampu indikator alarm toyota innova avanza xenia avanza,Spare Part Mobil
jual kampas rem suzuki apv originalasli kab,Spare Part Mobil
alasan berbelanja official store tokopedia,Lainnya
jual brake pad kampas rem rush,Spare Part Mobil
review iphone xr device ios harga terbaik,Lainnya
jual talang air canter model giga jumbo ready jakarta,Spare Part Mobil
jual toyota starlet power steering terbaru harga,Spare Part Mobil
jual remote voxy terbaru harga termurah,Spare Part Mobil
jual payung logo mitsubishi original murah harga diskon mei,Lainnya
jual gigi spedometer kijang terbaru harga termurah,Spare Part Mobil
jual bingkai plat no mobil terbaru harga termurah,Spare Part Mobil
jual gril triton terbaru harga termurah blibli,Spare Part Mobil
jual kaos tangan musim dingin wanita murah terbaru,Lainnya
jual ban truk ascendo terbaru harga termurah,Spare Part Mobil
jual coolant xpander terbaru harga termurah,Oli dan Penghemat BBM
jual koil terbaru harga termurah blibli,Spare Part Mobil
pmb original gratis ongkir harga terbaru mei blibli,Lainnya
jual powersteering proton terbaru harga termurah,Spare Part Mobil
jual payung logo mitsubishi original murah harga diskon mei,Lainnya
jual bingkai plat no mobil terbaru harga termurah,Spare Part Mobil
jual matchbox harga mei blibli,Lainnya
jual powersteering proton terbaru harga termurah,Spare Part Mobil
jual aki mobil ss terbaru harga termurah,Spare Part Mobil
jual mobil futura karbu terbaru harga termurah,Spare Part Mobil
mitsubishi medan harga otr promo mei spesifikasi,Kendaraan
jual payung logo mitsubishi original murah harga diskon mei,Lainnya
jual coolant xpander terbaru harga termurah,Oli dan Penghemat BBM
jual gril triton terbaru harga termurah blibli,Spare Part Mobil
jual aki mobil ss terbaru harga termurah,Spare Part Mobil
jual payung logo mitsubishi original murah harga diskon mei,Lainnya
jual gril triton terbaru harga termurah blibli,Spare Part Mobil
jual kaos tangan musim dingin wanita murah terbaru,Lainnya
jual gir rasio scoopy fi paket terbaru harga termurah,Lainnya
jual batok astrea prima terbaru harga termurah,Lainnya
jual coolant xpander terbaru harga termurah,Oli dan Penghemat BBM
jual ban truk ascendo terbaru harga termurah,Spare Part Mobil
jual kawasaki klx piston oversize terbaru harga,Lainnya
jual gigi spedometer kijang terbaru harga termurah,Spare Part Mobil
jual toyota avanza veloz kasur mobil matras tidur travel,Aksesoris Interior
jual paking packing turbo giga,Spare Part Mobil
jual produk termurah terlengkap mei,Lainnya
jual sepatu paskibra kulit wanita sepatu kulit murah,Lainnya
jual hugger kolong spakbor kolong honda vario carbon,Lainnya
jual tanduk grand max pick up model cobra lapak arfa,Aksesoris Eksterior
jual sepatu paskibra kulit wanita sepatu kulit murah,Lainnya
jual spion mobil assy honda civic fd original kaca,Spare Part Mobil
jual produk laci koin honda laci termurah terlengkap mei,Spare Part Mobil
jual tanduk grand max pick up model cobra lapak arfa,Aksesoris Eksterior
jual produk sensor oksigen termurah terlengkap april,Spare Part Mobil
jual paking packing turbo giga,Spare Part Mobil
jual kabel busi-cable busi suzuki balenoesteem,Spare Part Mobil
jual ban mobil rush escudo delium velocita,Spare Part Mobil
jual tanduk grand max pick up model cobra lapak arfa,Aksesoris Eksterior
jual sepatu paskibra kulit wanita sepatu kulit murah,Lainnya
jual paking packing turbo giga,Spare Part Mobil
jual sepatu paskibra kulit wanita sepatu kulit murah,Lainnya
jual produk sensor oksigen termurah terlengkap april,Spare Part Mobil
jual ban mobil rush escudo delium velocita,Spare Part Mobil
jual ban mobil rush escudo delium velocita,Spare Part Mobil
jual caliper kit toyota innova jakarta pusat,Spare Part Mobil
jual pipa tangki bensin hitam original toyota avanza,Spare Part Mobil
jual karet central rem toyota avanza vvti seiken japan asli,Spare Part Mobil
jual karet channel kaca pintu kanan toyota soluna,Spare Part Mobil
jual logo emblem toyota yaris black,Aksesoris Eksterior
jual filter solar bensin toyota forklift pn,Spare Part Mobil
jual emblem harrier terlengkap harga murah mei cicil,Aksesoris Eksterior
jual rumah box filter udara toyota yaris vios original,Spare Part Mobil
jual lampu plafon kabin interior toyota kijang,Spare Part Mobil
jual cat oles penghilang baret toyota raize dark,Aksesoris Eksterior
jual achilles as ban mobil toyota harrier kia,Spare Part Mobil
jual mur nap roda toyota innova innova reborn asli,Spare Part Mobil
toyota rush mt harga terbaru spesifikasi terlengkap,Kendaraan
jual pompa oli toyota cressida original bergaransi kota,Spare Part Mobil
jual poloshirt polo kaos kerah toyota gazoo racing gr logo,Lainnya
jual stopper gardan empuk toyota kijang innova bensin diesel,Spare Part Mobil
jual ring cover kunci kontak toyota original kota bekasi,Spare Part Mobil
jual cutting sticker poni mobil stiker kaca toyota retro,Aksesoris Eksterior
jual kancing klip cengkeh bumper mobil universal,Spare Part Mobil
jual door key kunci pintu set daihatsu zebra isi kota,Spare Part Mobil
jual emblem logo daihatsu original crhome kota,Aksesoris Eksterior
jual diorama papercraft building car dealer daihatsu jakarta,Lainnya
jual daihatsu sigra list kaca jendela samping side window trim,Spare Part Mobil
jual velg variasi murah daihatsu sigra ring vital hsr,Spare Part Mobil
jual karet pintu avanza velozxenia kanan,Spare Part Mobil
jual master power window kanan saklar pusat kanan,Spare Part Mobil
jual master rem roda kiri nepel taf feroza,Spare Part Mobil
jual selang rem mitsubishi kota,Spare Part Mobil
jual dop center dop roda velg kaleng xenia luxio granmax original,Spare Part Mobil
jual cat oles penghilang baret mobil honda brio warna,Aksesoris Eksterior
jual keong uk standard original merk sbm,Spare Part Mobil
jual velg ban bekas mobil honda jazz kab sidoarjo,Spare Part Mobil
jual plat kampas kopling set dekrup matahari bearing brio mobilio,Spare Part Mobil
jual talang air honda crv gen model mugen jakarta,Spare Part Mobil
jual in spion honda city kiri manual jakarta barat,Spare Part Mobil
jual tank covertutup tangki bensin mobil hyundai creta hitam,Spare Part Mobil
jual velg mobil seken ring std hyundai stargazer,Spare Part Mobil
jual air filter filter udara x-trailserena jakarta,Spare Part Mobil
jual filter solar bensin toyota forklift pn,Spare Part Mobil
toko loyalty equipment store online produk lengkap harga,Lainnya
jual air filter filter udara jakarta barat,Spare Part Mobil
jual peredam panas aki pelindung accu mobil mitsubishi kuda,Aksesoris Eksterior
jual bmw kitchenware sendok makan sendok teh stainless,Lainnya
jual kopling matic kampas matic bmw jakarta selatan,Spare Part Mobil
jual dme bmw jakarta timur,Spare Part Mobil
jual air mas airmas bmw tu original ossca,Spare Part Mobil
jual ban mobil ring jakbar merek forceum type octa,Spare Part Mobil
jual mainan anak sepeda bike bonus ban obeng star rider,Lainnya
jual topi baseball caps anak nike logo putih kab bandung barat,Lainnya
jual beras cap bunga setra ramos beras putih kg,Lainnya
jual rc car offroad mn rtr big mercy,Lainnya
jual kopling matic kampas matic bmw jakarta selatan,Spare Part Mobil
jual cat oles penghilang baret mobil honda brio warna,Aksesoris Eksterior
jual dop velg roda audi jakarta,Spare Part Mobil
jual oli gardan transmisi monograde jot liter,Oli dan Penghemat BBM
jual cat oles penghilang baret mobil honda brio warna,Aksesoris Eksterior
jual cat oles penghilang baret mobil honda brio warna,Aksesoris Eksterior
jual iklan mobil datsun koleksi pajangan poster,Lainnya
jual dekorasi cake pita satin lampu kawat bulu feather putih,Lainnya
jual packing paking knalpot mangkok,Spare Part Mobil
jual cover spion suzuki sx neo baleno asli sgp kiri jakarta,Spare Part Mobil
jual oil captutup oli mesin suzuki futura carry,Spare Part Mobil
promo sakura wiper suzuki carry set kanan kiri,Spare Part Mobil
jual alarm mobil model kunci lipat flipkey mobil suzuki jakarta,Spare Part Mobil
jual pin piston pen stang piston apv carry futura,Spare Part Mobil
jual shock breaker carry st jakarta utara cahaya,Spare Part Mobil
jual dokumen map plastik mika carry case green leaf,Lainnya
jual emblem stir logo suzuki suzuki jimny jangkrik,Aksesoris Eksterior
jual baut mur roda ertiga ori sgp jakarta pusat best,Spare Part Mobil
jual tutup cover segitiga pilar samping spion suzuki ertiga kanan,Spare Part Mobil
jual sensor oksigen oxygen low suzuki,Spare Part Mobil
jual stir mobil carry cover stir lapis stir hitam kab bandung,Spare Part Mobil
jual regulator power window aerio terlengkap harga murah,Spare Part Mobil
jual transmisi matic suzuki ertiga asli garansi kota,Spare Part Mobil
jual kampas rem suzuki every original jakarta pusat best,Spare Part Mobil
jual emblem logo mitsubishi tulisan mitsubishi,Aksesoris Eksterior
jual rear muffler mitsubishi kuda bensin exhaust,Spare Part Mobil
jual filter solar mitsubishi jakarta barat tama diesel store,Spare Part Mobil
jual fuel filter solar kaleng mitsubishi pajero sport,Spare Part Mobil
jual selang rem mitsubishi kota,Spare Part Mobil
jual metal noken as bushing camshaft mitsubishi,Spare Part Mobil
jual brake master brake master assy mitsubishi,Spare Part Mobil
jual limited selang cacing nozzle mitsubishi kuda,Spare Part Mobil
jual sepuyer langsam mitsubishi colt kota pasuruan,Spare Part Mobil
jual sepuyer langsam mitsubishi colt kota pasuruan,Spare Part Mobil
jual iklan mobil ford kota malang kertas abc tokopedia,Lainnya
jual kampas rem suzuki every original jakarta pusat best,Spare Part Mobil
toko queen diesel jaya online produk lengkap harga terbaik,Lainnya
jual sensor oksigen oxygen low suzuki,Spare Part Mobil
toyota rush mt harga terbaru spesifikasi terlengkap,Kendaraan
jual busi denso kepala kab bekasi surya,Spare Part Mobil
jual iklan mobil ford kota malang kertas abc tokopedia,Lainnya
jual tangki bensin kijang super original bergaransi kota,Spare Part Mobil
jual filter solar bensin toyota forklift pn,Spare Part Mobil
jual peredam panas aki pelindung accu mobil mitsubishi kuda,Aksesoris Eksterior
promo filter ac-filter kabin wuling,Spare Part Mobil
jual stoplamp lampu wuling air ev kanan jakarta utara,Spare Part Mobil
promo paket lengap velg mobil wuling air ev gratis,Spare Part Mobil
jual air filter filter udara x-trailserena jakarta,Spare Part Mobil
jual alarm mobil model kunci lipat flipkey mobil suzuki jakarta,Spare Part Mobil
jual ic regulator dinamo ampere alternator serena soket kiri,Spare Part Mobil
jual peredam panas aki pelindung accu mobil mitsubishi kuda,Aksesoris Eksterior
jual sekat partisi mobil innova akrilik partisi kabin mobil,Aksesoris Interior
jual transmisi matic suzuki ertiga asli garansi kota,Spare Part Mobil
jual cat oles penghilang baret mobil honda brio warna,Aksesoris Eksterior
jual air filter filter udara jakarta barat,Spare Part Mobil
jual rumah box filter udara toyota yaris vios original,Spare Part Mobil
tips puasa menyusui manfaat menjalankannya,Lainnya
review iphone xr device ios harga terbaik,Lainnya
jual tutup cover segitiga pilar samping spion suzuki ertiga kanan,Spare Part Mobil
jual velg mobil seken model ring pcd kota,Spare Part Mobil
jual velg racing mobil concave vossen lebar lubang,Spare Part Mobil
jual toyota terbaru harga termurah blibli,Kendaraan
jual matchbox moving parts toyota original harga termurah mei,Lainnya
jual filter oli yaris terbaik harga terbaru blibli,Spare Part Mobil
jual bemper altis terbaru harga termurah,Spare Part Mobil
jual kabel gas avanza terbaru harga termurah,Spare Part Mobil
jual dudukan plat mobil crv terbaru harga termurah,Spare Part Mobil
jual soket sensor oksigen terbaru harga termurah,Spare Part Mobil
jual stiker handle pelindung gagang pintu mobil anti gores,Aksesoris Eksterior
jual karet pintu honda jazz terbaru harga termurah,Spare Part Mobil
jual perisai motor vario terbaru harga termurah,Lainnya
jual shock bagasi mux terbaru harga termurah,Spare Part Mobil
jual roda holden gemini terbaru harga termurah,Spare Part Mobil
jual ban michelin terbaru harga termurah,Spare Part Mobil
promo buah jeruk santangshantang daun manis mandarin jeruk,Lainnya
jual lego tranprtasi pemadam kebakaran city rescue figure,Lainnya
jual hot wheels pack harga mei blibli,Lainnya
jual pensil mekanik merk pilot original harga termurah mei,Lainnya
jual karet bosh perper daun carry sd berserat set,Spare Part Mobil
jual suzuki over terbaru harga termurah,Spare Part Mobil
jual soket sensor oksigen terbaru harga termurah,Spare Part Mobil
jual antena xpander activo terbaru harga termurah,Spare Part Mobil
jual stiker handle pelindung gagang pintu mobil anti gores,Aksesoris Eksterior
jual filter oli pajero terbaik harga terbaru blibli,Spare Part Mobil
jual soket sensor oksigen terbaru harga termurah,Spare Part Mobil
jam bandung harga terbaru mei blibli,Lainnya
kaca film bandung harga otr promo mei spesifikasi,Aksesoris Eksterior
jual stiker handle pelindung gagang pintu mobil anti gores,Aksesoris Eksterior
jual perisai motor vario terbaru harga termurah,Lainnya
jual antena xpander activo terbaru harga termurah,Spare Part Mobil
jual shock bagasi mux terbaru harga termurah,Spare Part Mobil
jual selang radiator vario set terbaru harga,Lainnya
jual roda holden gemini terbaru harga termurah,Spare Part Mobil
jual ban fdr flemo terbaru harga termurah,Spare Part Mobil
jual ban michelin terbaru harga termurah,Spare Part Mobil
jual suzuki over terbaru harga termurah,Spare Part Mobil
jual sepatu harley davidson terbaru harga termurah,Lainnya
jual pintu bagasi nissan xtrail terbaru,Spare Part Mobil
jual mirai mr ql terbaru harga termurah,Aksesoris Interior
jual kampas kopling lexam terbaru harga termurah,Spare Part Mobil
jual produk timing belt toyota hilux termurah terlengkap mei,Spare Part Mobil
jual produk timing belt toyota innova diesel termurah,Spare Part Mobil
jual dinamo motor pump pompa washer waser semprotan wiper air,Spare Part Mobil
jual toyota rush kasur mobil matras tidur travel bed,Aksesoris Interior
jual produk controller vacum delco kijang termurah,Spare Part Mobil
jual produk emblem logo lambang termurah terlengkap mei,Aksesoris Eksterior
jual beli sarung jok mobil trim murah mei halaman,Aksesoris Interior
jual produk baut shockbreges ohk termurah,Spare Part Mobil
jual bracket braket breket plastik dudukan bumper bemper,Spare Part Mobil
jual mainan hewan sapi lucu musik lampu tail wagging cow animal,Lainnya
jual daihatsu terios kasur mobil matras tidur travel bed,Aksesoris Interior
jual produk emblem logo lambang termurah terlengkap mei,Aksesoris Eksterior
jual dinamo motor pump pompa washer waser semprotan wiper air,Spare Part Mobil
jual toyota rush kasur mobil matras tidur travel bed,Aksesoris Interior
jual thermostat termostat mesin suzuki apv sgp,Spare Part Mobil
jual produk md ungu higgs termurah terlengkap mei,Lainnya
jual mainan hewan sapi lucu musik lampu tail wagging cow animal,Lainnya
jual lampu sein sen body fender samping mobil honda,Spare Part Mobil
jual bracket braket breket plastik dudukan bumper bemper,Spare Part Mobil
jual beli sarung jok mobil trim murah mei halaman,Aksesoris Interior
jual produk emblem logo lambang termurah terlengkap mei,Aksesoris Eksterior
jual am hot wheels hotwheels lamborghini,Lainnya
jual sarung jok mobil innova reborn type motif myo lapak,Aksesoris Interior
jual produk emblem logo lambang termurah terlengkap mei,Aksesoris Eksterior
jual produk mesin steam kendaraan termurah terlengkap mei,Spare Part Mobil
jual beli mesin generator genset watt produk bukalapak,Lainnya
jual tutup tabung radiator bmw part,Spare Part Mobil
jual produk sepatu kantor pria sepatu termurah terlengkap,Lainnya
jual thermostat termostat mesin suzuki apv sgp,Spare Part Mobil
jual dinamo motor pump pompa washer waser semprotan wiper air,Spare Part Mobil
jual sarung jok mobil innova reborn type motif myo lapak,Aksesoris Interior
jual beli sarung jok mobil trim murah mei halaman,Aksesoris Interior
jual produk emblem logo lambang termurah terlengkap mei,Aksesoris Eksterior
jual toyota rush kasur mobil matras tidur travel bed,Aksesoris Interior
jual produk md ungu higgs termurah terlengkap mei,Lainnya
jual grill asli mitsubishi xpander cross lapak,Spare Part Mobil
jual produk baut shockbreges ohk termurah,Spare Part Mobil
jual produk emblem logo lambang termurah terlengkap mei,Aksesoris Eksterior
jual bracket braket breket plastik dudukan bumper bemper,Spare Part Mobil
jual produk timing belt toyota hilux termurah terlengkap mei,Spare Part Mobil
jual mainan hewan sapi lucu musik lampu tail wagging cow animal,Lainnya
jual beli sarung jok mobil trim murah mei halaman,Aksesoris Interior
jual produk timing belt toyota innova diesel termurah,Spare Part Mobil
jual produk timing belt toyota hilux termurah terlengkap mei,Spare Part Mobil
promo piston caliper cakram rem toyota innova,Spare Part Mobil
jual as klep noken as in camshaft toyota innova bensin hilux,Spare Part Mobil
jual selang rem toyota avanza xenia high,Spare Part Mobil
jual baut roda baja hitam baut mur roda toyota daihatsu,Spare Part Mobil
jual seal busi oring busi toyota innova bensin original japan,Spare Part Mobil
jual brake shoe kampas rem toyota kijang,Spare Part Mobil
jual deklahar bearing kopling toyota hilux diesel jakarta pusat,Spare Part Mobil
jual pin paku kampas rem original toyota,Spare Part Mobil
jual kaliper rem land cruiser kanan original toyota,Spare Part Mobil
jual fuse box toyota innova rumah sekring,Spare Part Mobil
jual bumper forest toyota fortuner kota medan,Spare Part Mobil
jual cat oles khusus toyota alphard vellfire ori,Aksesoris Eksterior
toyota rush mt harga terbaru spesifikasi terlengkap,Kendaraan
jual anti slip mat peredam suara toyota raize daihatsu rocky,Aksesoris Interior
jual seal pinion toyota hilux revo,Spare Part Mobil
jual toyota yaris wrapping satin merah premium jakarta,Kendaraan
jual bearing roda toyota dyna rino,Spare Part Mobil
jual baut roda baja hitam baut mur roda toyota daihatsu,Spare Part Mobil
jual anti slip mat peredam suara toyota raize daihatsu rocky,Aksesoris Interior
jual sarung jok grandmax minibuskulit jok mobil daihatsu,Aksesoris Interior
jual kr tutup cover ban sarung ban serep taft daihatsu hiline,Aksesoris Eksterior
jual selang fleksibel rem datsun jakarta pusat,Spare Part Mobil
jual keong spiral ulir coil spring sirion,Spare Part Mobil
jual handle putaran kaca suzuki jimny jangkrik kotrik kodok,Spare Part Mobil
jual switch temperatur panther jakarta utara era jaya,Spare Part Mobil
jual radiator mobilio matic jakarta pusat multi,Spare Part Mobil
jual as axle besi ban karet diecast hotwheels custom ukuran tomica,Lainnya
jual setelan kampas rem tromol honda jazz city idsi kota,Spare Part Mobil
jual kabel spiral pita klakson srs honda civic ori original asli,Spare Part Mobil
jual paddle shift honda jazz rs civic fd jakarta utara auto,Spare Part Mobil
jual sarung jok original brio satya kota bekasi mikail mikaila,Aksesoris Interior
jual dinamo motor fan ac hyundai avega kota tangerang selatan,Spare Part Mobil
jual soket sensor cmp noken as hyundai atoz trajet kab,Spare Part Mobil
jual carfit executive hyundai trajet double layer karpet mobil,Aksesoris Interior
jual kit master rem hyundai accent atoz kia visto,Spare Part Mobil
jual karpet mobil mie bihun premium meteran bihun,Aksesoris Interior
toko roda kencana ban lampung online produk lengkap,Lainnya
jual talang air persona model flat kab tangerang jk,Spare Part Mobil
jual ancel scanner mobil terbaik alat diagnostik,Spare Part Mobil
jual cat oles khusus toyota alphard vellfire ori,Aksesoris Eksterior
jual cat oles khusus innova zenix ori pabrikan silver met,Aksesoris Eksterior
jual bearing roda toyota dyna rino,Spare Part Mobil
jual original bmw bohlam lampu angel eyes,Spare Part Mobil
jual karpet mobil bmw kab bogor center caps dop,Aksesoris Interior
jual kisi ac bmw kab majalengka rmp garasi,Spare Part Mobil
jual katup kontrol udara idle icv iacv bmw,Spare Part Mobil
jual hiasan dinding dekorasi rumah poster bmw,Lainnya
jual dop roda velg emblem bmw full hitam dop roda,Spare Part Mobil
jual foglamp bmw lci lampu kabut bmw lampu,Aksesoris Eksterior
jual bodykit bmw original copotan full set jakarta,Spare Part Mobil
jual jual big brake kit kaliper rem master rem mobil,Spare Part Mobil
jual filter ac filter kabin saringan kabin,Spare Part Mobil
jual emblem ist terlengkap harga murah mei cicil,Aksesoris Eksterior
toko roda kencana ban lampung online produk lengkap,Lainnya
promo susu diamond uht liter full cream karton isi pcs,Lainnya
jual paket umpan ikan mas eksklusif essen si mama jakarta,Lainnya
jual extrafan extra fan kipas radiator mini cooper,Aksesoris Eksterior
jual ancel scanner mobil terbaik alat diagnostik,Spare Part Mobil
jual sticker bak truck sticker pintu belakangsamping truck,Aksesoris Eksterior
jual sealplate mercedes benz jakarta utara palapa jaya,Spare Part Mobil
jual filter ac filter kabin saringan kabin,Spare Part Mobil
jual headlamp lampu mercedez benz facelift ori,Spare Part Mobil
jual spion dimmer mercedes benz kota,Spare Part Mobil
jual shockbreaker mercy asli kab bekasi,Spare Part Mobil
jual dop roda velg emblem bmw full hitam dop roda,Spare Part Mobil
jual slinger rumbai-rumbai hiasan pita kawat bulu,Lainnya
jual emblem ist terlengkap harga murah mei cicil,Aksesoris Eksterior
jual filter oli denso dxe mitsubishi,Spare Part Mobil
toko roda kencana ban lampung online produk lengkap,Lainnya
jual pompa bensin toyota corona jakarta utara,Spare Part Mobil
jual kampas kopling clutch disc futura injeksi apv mega,Spare Part Mobil
jual emblem logo tulisan suzuki jimny jimni,Aksesoris Eksterior
jual stoplamp set suzuki ignis kanan jakarta pusat suzuki,Spare Part Mobil
jual tabung saringan minyak suzuki ertigafuel filter,Spare Part Mobil
jual bumper suzuki ignis jakarta utara thata jaya,Spare Part Mobil
jual gigi sinkronis gigi suzuki ertiga diesel original hrg,Spare Part Mobil
jual handle putaran kaca suzuki jimny jangkrik kotrik kodok,Spare Part Mobil
jual sensor parkir bumper bemper ertiga,Spare Part Mobil
jual pompa solar diesel mitsubishi jakarta utara,Spare Part Mobil
jual handle pintu ii kanan xpander,Spare Part Mobil
jual elevator roller hanger mitsubishi baut,Spare Part Mobil
jual baut roda baja hitam baut mur roda toyota daihatsu,Spare Part Mobil
jual master rem mitsubishi galanteterna brk jakarta barat,Spare Part Mobil
jual switch otomatis rem angin mitsubishi euro canter,Spare Part Mobil
jual rocker arm pelatuk klep mitsubishi,Spare Part Mobil
jual selang power steering tabung asli mitsubishi pajero,Spare Part Mobil
jual head fuel filter kepala pompa solar fuso,Spare Part Mobil
jual pir daun mitsubishi canter,Spare Part Mobil
jual gasket cylinder head paking kop mitsubishi,Spare Part Mobil
jual filter oli denso dxe mitsubishi,Spare Part Mobil
jual boster rem mitsubishi air master fuso long jakarta,Spare Part Mobil
jual gril bemper mitsubishi xpander cross kota bekasi,Spare Part Mobil
jual sticker mitsubishi logo santoso kota medan cengli shop,Aksesoris Eksterior
jual logo bagasi mitsubishi strada triton original kota,Aksesoris Eksterior
jual ic regulator mazda kota surabaya putra,Spare Part Mobil
jual jackie kim mazda skala kab tangerang surga,Lainnya
jual bearing laher roda mazda glx ford laser,Spare Part Mobil
jual cdi mazda original bergaransi kota tangerang selatan,Spare Part Mobil
jual injektor injector ford ranger original jakarta timur,Spare Part Mobil
jual engine mounting dudukan mesin pangkon mesin camry,Spare Part Mobil
jual selang fleksibel rem datsun jakarta pusat,Spare Part Mobil
jual kampas rem swift bendix jakarta pusat best,Spare Part Mobil
jual keong spiral ulir coil spring sirion,Spare Part Mobil
jual cat oles khusus innova zenix ori pabrikan silver met,Aksesoris Eksterior
toyota rush mt harga terbaru spesifikasi terlengkap,Aksesoris Eksterior
jual pir daun mitsubishi canter,Spare Part Mobil
jual cat oles khusus toyota alphard vellfire ori,Aksesoris Eksterior
jual stiker lis mobil terlengkap harga murah mei cicil,Aksesoris Eksterior
jual case diff assy tengkorak gardan komplit,Spare Part Mobil
promo karpet dasar peredam lantai luxio granmax mobil grand,Spare Part Mobil
jual handle pintu ii kanan xpander,Spare Part Mobil
jual switch saklar utama chery qq import kota surabaya,Spare Part Mobil
jual cat oles khusus toyota alphard vellfire ori,Aksesoris Eksterior
jual filter udara air filter innova reborn hilux,Spare Part Mobil
jual anti slip mat peredam suara toyota raize daihatsu rocky,Aksesoris Interior
jual karpet dasar grand livina hitam cream jakarta pusat,Aksesoris Interior
jual carfit executive hyundai trajet double layer karpet mobil,Aksesoris Interior
makanan kelinci bergizi mudah didapatkan,Lainnya
jual extrafan extra fan kipas radiator mini cooper,Aksesoris Eksterior
jual avanza harga murah terbaru harga termurah,Kendaraan
jual engine mounting avanza ori terbaru harga termurah,Spare Part Mobil
jual moulding sienta terbaru harga termurah blibli,Aksesoris Eksterior
promo pelindung pijakan samping pintu mobil pelindung sill plate,Aksesoris Eksterior
jual karet cover klep kijang terbaru harga termurah,Spare Part Mobil
jual shock breaker zebra terbaru harga termurah,Spare Part Mobil
jual jok terios terbaru harga termurah,Spare Part Mobil
jual honda brio satya mobil paket addb seller mega,Kendaraan
promo pelindung pijakan samping pintu mobil pelindung sill plate,Aksesoris Eksterior
jual dudukan stang jepit honda bebek terbaru harga,Spare Part Mobil
jual keong mercy terbaru harga termurah,Spare Part Mobil
hyundai ioniq prime standard range harga otr promo,Kendaraan
jual bushing arm kia sportage terbaru harga,Spare Part Mobil
promo pelindung pijakan samping pintu mobil pelindung sill plate,Aksesoris Eksterior
jual kisi louver ac bus terbaru harga termurah,Spare Part Mobil
jual spedometer digital satria fu terbaru harga termurah,Lainnya
jual karet cover klep kijang terbaru harga termurah,Spare Part Mobil
jual keong mercy terbaru harga termurah,Spare Part Mobil
jual tutup radiator bmw terbaru harga termurah,Spare Part Mobil
jual keong mercy terbaru harga termurah,Spare Part Mobil
jual tutup oli mesin mobil ertiga terbaru harga termurah,Spare Part Mobil
jual master cylinder mobil apv terbaru harga termurah,Spare Part Mobil
jual premium klaksonhorn rockyraize kode seller,Spare Part Mobil
jual shock breaker zebra terbaru harga termurah,Spare Part Mobil
jual filter udara lancer dangan terbaru harga termurah,Spare Part Mobil
promo pelindung pijakan samping pintu mobil pelindung sill plate,Aksesoris Eksterior
jual steering rack ford fiesta terbaru harga termurah,Spare Part Mobil
wuling almaz surabaya harga otr promo mei spesifikasi,Kendaraan
jual kisi louver ac bus terbaru harga termurah,Spare Part Mobil
jual spedometer digital satria fu terbaru harga termurah,Lainnya
jual ban gt terbaru harga termurah,Spare Part Mobil
jual biled aes beat terbaru harga termurah blibli,Lainnya
jual ban mobil terios ring terbaru harga,Spare Part Mobil
jual karet cover klep kijang terbaru harga termurah,Spare Part Mobil
jual lampu alis motor beat fi terbaru harga termurah,Lainnya
jual rasio gl pro terbaru harga termurah blibli,Spare Part Mobil
jual dudukan stang jepit honda bebek terbaru harga,Spare Part Mobil
jual ban mobil bridgestone at terbaru harga,Spare Part Mobil
jual keong mercy terbaru harga termurah,Spare Part Mobil
jual gear gigi crankshaft krek as kruk toyota sigra,Spare Part Mobil
jual sensor oli vvti ocv toyota vios yaris soluna,Spare Part Mobil
jual transmisi mounting trans mounting karet,Spare Part Mobil
jual oil seal sil as kruk kijang super grand kapsul,Spare Part Mobil
jual produk klep tutup klep kijang termurah terlengkap,Spare Part Mobil
jual sensor mundur parkir sensor mobil model,Spare Part Mobil
jual logo emblem tulisan kap mesin raize rocky,Aksesoris Eksterior
jual gear gigi crankshaft krek as kruk toyota sigra,Spare Part Mobil
jual mainan hewan sapi lucu musik lampu tail wagging cow animal,Lainnya
jual filter udara knn replacement honda crv,Spare Part Mobil
jual lampu sein sen body fender samping mobil honda,Spare Part Mobil
jual shock shockbreaker honda ori lapak eko,Spare Part Mobil
jual sarung jok mobil innova reborn type motif myo lapak,Aksesoris Interior
jual sensor mundur parkir sensor mobil model,Spare Part Mobil
jual produk klep tutup klep kijang termurah terlengkap,Spare Part Mobil
jual produk mercedes termurah terlengkap mei,Spare Part Mobil
jual produk gandeng mainan truk gandeng termurah,Lainnya
jual stiker spion mobil nissan terrano car decal sticker lapak,Aksesoris Eksterior
jual produk klep tutup klep kijang termurah terlengkap,Spare Part Mobil
jual kamera digital panasonic lumix lapak u.d,Lainnya
jual cover samping box tutup aki kanan yamaha fizr,Spare Part Mobil
jual air filter udara hawa suzuki baleno old th lapak,Spare Part Mobil
jual sarung jok mobil innova reborn type motif myo lapak,Aksesoris Interior
jual seal transmisi grandmax lapak rejeki,Spare Part Mobil
jual gear gigi crankshaft krek as kruk toyota sigra,Spare Part Mobil
jual transmisi mounting trans mounting karet,Spare Part Mobil
jual striping stiker sticker lis astrea grand grend impressa impresa,Lainnya
jual stiker spion mobil nissan terrano car decal sticker lapak,Aksesoris Eksterior
jual oil seal sil as kruk kijang super grand kapsul,Spare Part Mobil
jual produk cross joint joint kopel isuzu termurah terlengkap,Spare Part Mobil
jual gear gigi crankshaft krek as kruk toyota sigra,Spare Part Mobil
jual transmisi mounting trans mounting karet,Spare Part Mobil
jual oil seal sil as kruk kijang super grand kapsul,Spare Part Mobil
jual mainan hewan sapi lucu musik lampu tail wagging cow animal,Lainnya
jual transmisi mounting trans mounting karet,Spare Part Mobil
jual produk klep tutup klep kijang termurah terlengkap,Spare Part Mobil
jual striping stiker sticker lis astrea grand grend impressa impresa,Lainnya
jual harga terbaik,Aksesoris Interior
jual emblem logo toyota innova reborn shopee indonesia,Aksesoris Eksterior
jual,Spare Part Mobil
jual handle handel pintu original toyota kijang kapsul krista,Spare Part Mobil
jual handle handel pintu original toyota kijang kapsul krista,Spare Part Mobil
jual harga terbaik termurah mei,Spare Part Mobil
jual harga,Spare Part Mobil
jual shockbreaker corona absolute shopee indonesia,Spare Part Mobil
jual trans travel terlengkap harga terbaru mei shopee,Lainnya
jual topi safety terlengkap harga terbaru mei shopee,Lainnya
jual oli prima xp mobil harga terbaik termurah mei,Oli dan Penghemat BBM
sayuran mengandung vitamin daya tahan tubuh,Lainnya
jual mika lampu stoplamp pcs kanan rh daihatsu,Spare Part Mobil
jual,Spare Part Mobil
jual ring piston seher nissan terrano oem japan shopee indonesia,Spare Part Mobil
situs belanja online terlengkap terpercaya shopee indonesia,Lainnya
jual harga terbaik,Aksesoris Interior
jual,Spare Part Mobil
jual paket garnish lampu honda hrv,Aksesoris Eksterior
jual,Spare Part Mobil
jual mika kaca lampu stoplamp lampu stop rem,Spare Part Mobil
jual,Spare Part Mobil
situs belanja online terlengkap terpercaya shopee indonesia,Lainnya
jual kaos honda terlengkap harga terbaru mei shopee,Lainnya
jual,Spare Part Mobil
jual harga terbaik,Aksesoris Interior
jual calortusin terlengkap harga terbaru mei shopee,Lainnya
jual topi safety terlengkap harga terbaru mei shopee,Lainnya
jual kaos karang taruna terlengkap harga terbaru mei,Lainnya
jual daun ketepeng terlengkap harga terbaru mei,Lainnya
jual print kaos terlengkap harga terbaru mei shopee,Lainnya
jual poster terlengkap harga terbaru mei shopee,Lainnya
jual kaos orange terlengkap harga terbaru mei shopee,Lainnya
jual obat koreng bernanah terlengkap harga terbaru mei,Lainnya
jual engsel lock kancing kunci jendela window carry futura,Spare Part Mobil
jual,Spare Part Mobil
jual bamper bemper bumper stainlees mobil traga,Spare Part Mobil
jual cover ban serep vitarapelindung ban serep vitarapenutup,Aksesoris Eksterior
jual,Spare Part Mobil
jual ukuran tumbler liter harga terbaik termurah mei,Lainnya
jual rhinofed terlengkap harga terbaru mei shopee,Lainnya
jual travel bag trolley terlengkap harga terbaru mei,Lainnya
jual koper jalan terlengkap harga terbaru mei,Lainnya
jual busi pemanas glow plug mitsubishi kuda diesel,Spare Part Mobil
jual panel original mitsubishi canter,Spare Part Mobil
jual,Spare Part Mobil
jual lampu plafon lampu kabin mitsubishi colt colt,Spare Part Mobil
jual harga terbaik,Aksesoris Interior
jual earplus obat telinga terlengkap harga terbaru mei,Lainnya
jual harga terbaik,Aksesoris Interior
cat putih avanza xenia white penta super gloss toyota,Aksesoris Eksterior
jual kampas toyota altis terbaru may lazada.co.id,Spare Part Mobil
footstep foot step pijakan injakan kaki samping mobil toyota hilux,Aksesoris Eksterior
gasket packing baut oli ring oli mesin mobil toyota,Spare Part Mobil
stiker cutting mobil toyota avanza lis body samping motif variasi,Aksesoris Eksterior
jual lampu mobil toyota starlet terbaru may lazada,Spare Part Mobil
dryer filter besi saluran freon ac mobil toyota kijang lazada,Spare Part Mobil
selang tangki tengki bensin avanza avansa lazada indonesia,Spare Part Mobil
cover mika fuel filter tutup filter solar hino lohan,Spare Part Mobil
jual lampu sen soluna terbaru may lazada,Spare Part Mobil
jual busi mobil kijang kapsul denso terbaru may lazada,Spare Part Mobil
gasket packing baut oli ring oli mesin mobil toyota,Spare Part Mobil
dryer filter besi saluran freon ac mobil toyota kijang lazada,Spare Part Mobil
jual lampu led daymaker mobil feroza terbaru may lazada,Spare Part Mobil
emblem logo mobil tulisan baleno lazada indonesia,Aksesoris Eksterior
cat putih avanza xenia white penta super gloss toyota,Aksesoris Eksterior
mika kaca stoplamp lampustop rem kiri honda,Spare Part Mobil
mika kaca stoplamp lampu stop rem kanan honda brio,Spare Part Mobil
mika kaca stoplamp lampu stop rem kanan honda brio,Spare Part Mobil
towing bar model pendek arb mobil kijang kapsul,Aksesoris Eksterior
jual laher bearing dinamo stater hm honda terbaru may,Spare Part Mobil
jual bosh dinamo starter terbaru may lazada,Spare Part Mobil
jual lampu sen soluna terbaru may lazada,Spare Part Mobil
emblem logo mobil tulisan baleno lazada indonesia,Aksesoris Eksterior
emblem baleno logo suzuki harga pc lazada indonesia,Aksesoris Eksterior
cod klakson trompet mobil volt truk tabung angin suara,Spare Part Mobil
cutting sticker muatan berat mobil tulisan,Aksesoris Eksterior
keong terios asli lazada indonesia,Spare Part Mobil
joran pena pancing pulpen mini portable extreme pen fishing rod,Lainnya
sarung pintu mobil pick up cover pintu mobil pick up,Aksesoris Eksterior
jual,Spare Part Mobil
jual mesin toyota harga terbaik termurah mei,Spare Part Mobil
jual,Aksesoris Eksterior
jual cwr baut bolt zet jet oli oil toyota kijang diesel,Spare Part Mobil
sayuran mengandung vitamin daya tahan tubuh,Lainnya
jual gasket set taruna harga terbaik termurah mei,Spare Part Mobil
jual kmy brosur iklan otomotif mobil daihatsu truck diesel,Lainnya
jual tyt short blok mesin kosong daihatsu grandmax,Spare Part Mobil
jual mika kaca lampu stoplamp lampu stop rem,Spare Part Mobil
jual jsw saringan filter oli transmisi matic honda,Spare Part Mobil
jual dac daun baling kipas motor double blower,Spare Part Mobil
jual bexicom terlengkap harga terbaru mei shopee,Lainnya
jual ford mustang harga terbaik termurah mei,Kendaraan
jual kunci pentil ac mobil eropa harga terbaik termurah mei,Spare Part Mobil
jual maxpofer terlengkap harga terbaru mei shopee,Lainnya
jual paketan escudo gen shopee indonesia,Spare Part Mobil
jual flywheel roda gila manual mitsubishi diesel,Spare Part Mobil
jual,Spare Part Mobil
tutup coolant tutup tabung cadangan air radiator toyota,Spare Part Mobil
shock breaker innova original toyota,Spare Part Mobil
jual master rem pembagi kijang terbaru may lazada,Spare Part Mobil
jual cat mobil oles orange daihatsu terbaru may lazada,Aksesoris Eksterior
tutup coolant tutup tabung cadangan air radiator toyota,Spare Part Mobil
sapporo ultimate bts violet pastel violet ungu purple,Aksesoris Eksterior
jual wheel cylinder rem kanan isuzu elf nkr terbaru,Spare Part Mobil
stiker mobil suzuki karimun wagon terbaru promo stiker mobil,Aksesoris Eksterior
bola lampu bohlam mobilio rs bola lampu,Spare Part Mobil
mika kaca stoplamp lampustop rem kiri honda,Spare Part Mobil
mika kaca stoplamp lampu stop rem kanan honda brio,Spare Part Mobil
jual isi master kopling civic genio terbaru,Spare Part Mobil
mika kaca stoplamp lampu stop rem kanan honda brio,Spare Part Mobil
vanbel van belt fan belt tali kipas suzuki apv arena mega carry,Spare Part Mobil
jual door lock kap mesin kijang kapsul terbaru may lazada,Spare Part Mobil
jual kaki kaki mobil apv mega cary terbaru may lazada,Spare Part Mobil
jual variasi as ban terbaru may lazada,Spare Part Mobil
jual stiker bismillah mobil carry terbaru may,Aksesoris Eksterior
stiker mobil suzuki karimun wagon terbaru promo stiker mobil,Aksesoris Eksterior
jual paking knalpot mobil suzuki terbaru may lazada,Spare Part Mobil
vanbel van belt fan belt tali kipas suzuki apv arena mega carry,Spare Part Mobil
jual kaki kaki mobil apv mega cary terbaru may lazada,Spare Part Mobil
jual spi kuku klep suzuki terbaru may lazada.co.id,Spare Part Mobil
tenda camping wildshell sembalun pro kapasitas,Lainnya
bakleding doortrim dek pintu mobil variasi mobil pickup,Spare Part Mobil
jual soket dinamo amper mitsubishi ragasa terbaru may,Spare Part Mobil
vanbel van belt fan belt tali kipas suzuki apv arena mega carry,Spare Part Mobil
jual master rem pembagi kijang terbaru may lazada,Spare Part Mobil
jual laher roda diesel terbaru may,Spare Part Mobil
jual produk breaker wuling cortez termurah,Spare Part Mobil
jual door trim bekleding pintu kanan kijang kapsul,Spare Part Mobil
jual body cover mobil fortuner gr sarung mobil,Aksesoris Eksterior
jual stiker karbon mobil pinjakan pintu isi pcssticker sill,Aksesoris Eksterior
jual harga terbaik,Spare Part Mobil
jual solenoid starter mobil harga terbaik termurah mei,Spare Part Mobil
jual aki mobil alphard amaron hi-life duro,Spare Part Mobil
jual,Spare Part Mobil
jual solenoid starter mobil harga terbaik termurah mei,Spare Part Mobil
jual solenoid starter mobil harga terbaik termurah mei,Spare Part Mobil
jual stiker karbon mobil pinjakan pintu isi pcssticker sill,Aksesoris Eksterior
jual solenoid starter mobil harga terbaik termurah mei,Spare Part Mobil
jual solenoid starter mobil harga terbaik termurah mei,Spare Part Mobil
jual paket siafa mix mamool safawi shopee indonesia,Lainnya
jual selang hawa selang udara mitsubishi,Spare Part Mobil
jual selang hawa selang udara mitsubishi,Spare Part Mobil
jual solenoid starter mobil harga terbaik termurah mei,Spare Part Mobil
jual stiker karbon mobil pinjakan pintu isi pcssticker sill,Aksesoris Eksterior
upper tank top tank radiator toyota vios yaris,Spare Part Mobil
tutup coolant tutup tabung cadangan air radiator toyota,Spare Part Mobil
upper tank top tank radiator toyota vios yaris,Spare Part Mobil
kabel body tembaga murni merah hitam sinar ewindo,Lainnya
tutup coolant tutup tabung cadangan air radiator toyota,Spare Part Mobil
air accu air aki botol biru merk pafecta air,Spare Part Mobil
sapporo ultimate bts violet pastel violet ungu purple,Aksesoris Eksterior
stiker mobil suzuki karimun wagon terbaru promo stiker mobil,Aksesoris Eksterior
air accu air aki botol biru merk pafecta air,Spare Part Mobil
lis pengaman weldop wildop wheeldop ring sambungan pres,Lainnya
diecast cararama bishop mainan mobil diecast mobil mainan anak,Lainnya
lis pengaman weldop wildop wheeldop ring sambungan pres,Lainnya
stiker mobil suzuki karimun wagon terbaru promo stiker mobil,Aksesoris Eksterior
set karet anting kijang super kijang kapsul,Spare Part Mobil
set karet anting kijang super kijang kapsul,Spare Part Mobil
jual emblem logo toyota hitam gold shopee indonesia,Aksesoris Eksterior
jual armrest ertiga sandaran tangan ertiga arm rest ertiga,Aksesoris Interior
jual ring piston daihatsu taft bensin shopee indonesia,Spare Part Mobil
jual velg mobil ring cocok mobil brio hsr,Spare Part Mobil
jual sticker decal naruto striping mobil avanza xenia,Aksesoris Eksterior
jual cover tutup filter udara hyundai box filter ori,Spare Part Mobil
jual armrest ertiga sandaran tangan ertiga arm rest ertiga,Aksesoris Interior
jual karet sentral master rem suzuki baleno old seiken,Spare Part Mobil
jual cuddle me geos fit air gendongan bayi airsling geosfit,Lainnya
jual bak carter oil pan assy mitsubishi ps ragasa jungkit ps,Spare Part Mobil
